ID,date,img,comment
1lt2euq,2025-07-06,images/1lt2euq.jpeg,"""Presumably it's referencing the stereotype that Americans are stupid and ignorant about even basic geography, so naming three countries would be enough of a challenge for them to eliminate a huge chunk of contestants."""
1gp5i8t,2024-11-11,images/1gp5i8t.jpeg,"""Its a joke about different workplace cultures in tech. Dell laptops would be a standard run of the mill company, MacBooks would be a start-up, thus if funding doesn't work out you'll get laid off, and a Thinkpad would be a sign of a large behemoth where you can comfortably exist for your whole career"""
1j6bl5f,2025-03-08,images/1j6bl5f.jpeg,"""A lot of metal bands have logos that look like that."""
1iz5ool,2025-02-27,images/1iz5ool.jpeg,"""He’s gonna die (and you with him in the plane crash) because some company or government agency doesn’t want that getting out."""
1kfloer,2025-05-05,images/1kfloer.jpeg,"""Dude stumbled upon a secret military installation."""
1k5wejp,2025-04-23,images/1k5wejp.jpeg,"""there was a video that showed someone speedrunning a mario game (i think it was 64 idk) and he suddenly teleports above a huge obstacle course, saving him a shit ton of time. its still unexplained what the cause of it was but most people speculate it was a single solar particle that changed a 0 to a 1 in his elevation data inside the game's code"""
1l3sh3k,2025-06-05,images/1l3sh3k.jpeg,"""Leo udually only dates people under 25"""
1kbvz8k,2025-05-01,images/1kbvz8k.jpeg,"""There's an ongoing meme about throwing car batteries into the ocean (to charge the electric eels, of course) because AutoZone said you shouldn't.  In this meme, he is training not to impress a woman, but rather to do the heavy task of throwing car batteries into the ocean for his grandma"""
1llqmsk,2025-06-27,images/1llqmsk.jpeg,"""We don't know what they called themselves, we basically just call them that old civilization who lived around the Indus river"""""
1i5ptep,2025-01-20,images/1i5ptep.jpeg,"""It's just cool that it broke so perfectly in half. That is all there is to it."""
1jwed8c,2025-04-11,images/1jwed8c.jpeg,"""That image is the source of all of the doge memes"""
1lavhpu,2025-06-14,images/1lavhpu.jpeg,"""Instant friendship unlocked: These countries get excited when they meet a foreigner who is trying to speak their language. Nice try.... but why bother: These countries languages are pretty difficult with their grammar and pronunciations, so it's like, we appreciate the effort, but it'll be easier for us to just speak in a language you already know how to speak. Cute but let's switch to English: Kind of the same as the last one with a bit of a sarcastic eye roll at hearing your attempt. No reaction: They're English speaking countries, you speak English. You already speak the same language as them so there's no reaction. PLEASE DON'T: France has a stereotype of being condescending and elitist, scoffing at foreigners who try to adopt their culture, and would try to shut down anyone trying to speak French and doing so poorly. Now, I don't know how true these are, but I'm just explaining the joke, not speaking on how accurate it is."""
1mh20fz,2025-08-04,images/1mh20fz.jpeg,"""There was an episode of the Office where the actor on the left’s character, Jim, pulled a prank on one of his coworkers where he basically replaced himself with the actor on the right. He basically tried to convince his coworker, Dwight, that Jim was actually an asian man and was the entire time. He altered family photos, got the other coworkers to get in on it, and even got his wife, who also worked with them, to greet him with a kiss when she entered. That’s the context i can think of, but i’m not enough of a MCU fan to understand how that links those scenarios."""
1iu9a7u,2025-02-20,images/1iu9a7u.jpeg,"""RuneScape’s progressive leveling system means that the experience you need to get to level 92 in any given skill is half the experience needed to reach 99 in that skill (also, the font is the same used in the game)."""
1j8se9s,2025-03-11,images/1j8se9s.jpeg,"""When you are allowed to use the Internet, textbooks and calculators, this means the question is so advanced that none of these things provide you with the solution."""
1l45vl2,2025-06-05,images/1l45vl2.jpeg,"""Without the Oxford comma it reads as if Merle Haggard’s two ex wives are Kris Kristofferson and Robert Duvall, the author’s two parents are Ayn Rand and God, and Nelson Mandela is an 800 yo old demigod and dildo collector.  Adding the Oxford comma would have clarified that these sentences are instead lists with distinct items."""
1j7llre,2025-03-10,images/1j7llre.jpeg,"""I believe the reply is suggesting the spikes are meant to stop homeless people. But I’m pretty sure spikes like that, and other similar installments, are also put in to stop people from skateboarding or loitering and such as well.  Looking at the thumbnail, they very well could be meant to stop parkour and such. I’m not sure homeless people would sleep on top of a wall like that. But, either way, I’m fairly certain the spikes wouldn’t discriminate in that respect."""
1kgwdyt,2025-05-07,images/1kgwdyt.jpeg,"""I thought the joke was that in hs you would smell it and be jazzed, as an adult you smell it and suddenly you turn into the gestapo trying to figure out where it's coming from."""
1k0nmen,2025-04-16,images/1k0nmen.jpeg,"""It's a meme of the old parable of the frog and the scorpion, where a scorpion asks a frog to ferry it over a pond, and the scorpion stings it. The original parable has the scorpion say, ""It's in my nature to do this""."""
1jfy6ms,2025-03-20,images/1jfy6ms.jpeg,"""Whitney Houston had a song called “I’m every woman.”"""
1kyo5pv,2025-05-29,images/1kyo5pv.jpeg,"""1) It's a Don Bluth movie. If you were a kid growing up in the 80s and 90s, you were going to be emotionally *wrecked* by the time you left that theater. 2) Making it even worse, Judith Barsi, the actress who voiced Anne Marie, was murdered by her father shortly before the film was completed. The scene in the meme was the last scene Burt Reynolds (who voiced Charlie the dog) recorded. So not only was it Charlie saying goodbye to Anne Marie, but it was *Reynolds* saying goodbye to *Barsi*. It was an enormously difficult scene for Reynolds to record, and it took numerous takes before he could finally get through it. And now you're crying, too."""
1krtkl7,2025-05-21,images/1krtkl7.jpeg,"""Dad knows how to connect with each of his kids. They all have different ways and styles of communicating, and he's able to adapt to each of them to make them feel loved- and respected."""
1fhormb,2024-09-15,images/1fhormb.jpeg,"""The microbiomes of those who were snapped were also snapped, so half is already gone. But if half your microbiomes were gone, your stomch would not work optimally"""
1iw106j,2025-02-23,images/1iw106j.jpeg,"""Cute as all hell. Cooked for Peter, constantly checked on him, stood up to her dad for Peter.  She showed more interest in Peter than MJ ever did, WITHOUT HER KNOWING THAT PETER IS SPIDER-MAN. SHE CARED FOR PETER PARKER."""
1gz2i0o,2024-11-24,images/1gz2i0o.jpeg,"""I believe it’s Plymouth Rock.  Something about being where the pilgrims first landed in America. So a big deal historically, but a pretty boring rock in reality"""
1ikp7ob,2025-02-08,images/1ikp7ob.jpeg,"""He’s lying. The joke is that they’re actually brothers and he is lying to make a joke."""
1iizrp4,2025-02-06,images/1iizrp4.jpeg,"""Washington's farewell address said that political parties would destroy the nation."""
1jgbtbp,2025-03-21,images/1jgbtbp.jpeg,"""This is referencing the Tower of Babel. The Tower was supposed to ""Reach the Heavens"" God did not like that. So, he took the Universal Language and now, none of the construction workers can understand each other."""
1kse8n2,2025-05-22,images/1kse8n2.jpeg,"""it's a reference to blue da ba dee, a song by Eiffel 65."""
1dgwejg,2024-06-16,images/1dgwejg.jpeg,"""""Being a woman attracted to women is difficult because when you compliment them they say ""thank you, friend!"" assuming you mean platonically, but in reality you are attracted to them romantically"""""
1hhkhlc,2024-12-19,images/1hhkhlc.jpeg,"""Mount Everest is the tallest mountain in the world, but the second tallest mountain, K2, has a higher death-per-climber percentage."""
1l5ixzd,2025-06-07,images/1l5ixzd.jpeg,"""So the reason pizza party slices were so small was because the teachers bought the pizza with their own money and that's an effort made for the students by them."""
1jmzzco,2025-03-30,images/1jmzzco.jpeg,"""Gen X, otherwise known as the Forgotten Generation, is left off the list."""
1jx5y8q,2025-04-12,images/1jx5y8q.jpeg,"""I think the joke is that after a long day at work (presumably manual labor), most would have a huge appetite and be disappointed at their wife for making an unappetizing meal.  I disagree with the joke, as I would absolutely destroy that plate and be happy"""
1d6ho4f,2024-06-02,images/1d6ho4f.jpeg,"""When you push your nail against a mosquito bite it stops it from itching for a bit"""
1gqh1c5,2024-11-13,images/1gqh1c5.jpeg,"""This person used to work in a kitchen, where you ABSOLUTELY need to inform people when you’re near them. Otherwise you get stabbed or cause an accident.  The joke is they’re still using that mindset even in a relaxed office break room.  Edit: may also be because they watched the bear and are acting it out, as some comments have nicely, and not so nicely pointed out lol."""
1jeeg3m,2025-03-18,images/1jeeg3m.jpeg,"""There was a trend a few years ago where people would text their number neighbor (that is, your number + or - 1) So people started claiming (most likely lying) that their number neighbors were celebrities and other people jumped into that bandwagon and started lying about it with texts that you wouldn't expect said celebrity to say (which is what this image is, a girl pretending she accidentally casually texted Chris Evans, who played Captain America in the Marvel Cinematic Universe) and then even further people jumped into it as well and started posting fake texts about how their number neighbor was in a weird cult."""
1k4h15i,2025-04-21,images/1k4h15i.jpeg,"""It’s from a song! Down Under by Men At Work"""
1mngo9t,2025-08-11,images/1mngo9t.jpeg,"""Lantern flies, destructive invasive species spreading across the northeast US."""
1g02nzf,2024-10-09,images/1g02nzf.jpeg,"""There was a copper merchant named Ea-Nasir who lived around 1750 BC. Archeologists have discovered several clay tablets complaining about this guy by name (saying that he sold them substandard copper, was very slow on deliveries, etc). This is interesting because these are the oldest recorded customer complaints. Ea-Nasir has become kind of a meme on some parts of the internet, so this sticker is a joke about him."""
1knbdga,2025-05-15,images/1knbdga.jpeg,"""Before you throw up, fluid from further along the digestive tract goes back up into the stomach to partially neutralise the stomach acid. If it didn't do that, you would melt your teeth when puking. The owner of the depicted stomach is about to experience the alcohol and coffee for the second time."""
1grd05j,2024-11-14,images/1grd05j.jpeg,"""Germans are not renowned for being very funny. The joke that the German gave was ""Two hunters meet, both are dead."" In German, this is more like ""Two hunters hit, both are dead."" Wherein hit could mean Meet or Shot. Originally you suspect its that they meet, then they subvert your expectation by saying both are dead."""
1fy9pjo,2024-10-07,images/1fy9pjo.jpeg,"""It implies the boomer did nothing to alleviate or reduce their carbon footprint while also voting for politicians who are anti-environment resulting in the climate change we are experiencing."""
1jfnlgd,2025-03-20,images/1jfnlgd.jpeg,"""Old people admitting to crimes on their deathbeds."""
1kafv5j,2025-04-29,images/1kafv5j.jpeg,"""This is how the character creator in Fallout 4 takes place. The man is looking at the mirror (the camera) and the player is changing to different appearances. The joke is that the wife is watching this happen and finds it scary."""
1d7x2rg,2024-06-04,images/1d7x2rg.jpeg,"""It’s a commentary on relationships, the half circle with complicated shape is a women (based on shoes) that has a complicated life and can’t find her soul mate.  Panel 1: Parents who are happy and fulfilled and found their matching half. Panel 2: Sees her perfect fit, but he’s taken. Panel 3: A suiter that can fit, but doesn’t meet her needs. Panel 4: A man dumps her because he is already almost complete and she is too much for him. Panel 5: Broken relationships where one had to sacrifice to fit the other. Panel 6: A pet that perfectly fits a small part of her needs."""
1m55hez,2025-07-21,images/1m55hez.jpeg,"""That's going in someones butt"""
1jp8wst,2025-04-01,images/1jp8wst.jpeg,"""Ergot is a fungus that frequently grows on bread-making grains like wheat and rye. It is a toxin that, among other side effects, causes intense and often frightening hallucinations. Eat ergot-infected bread, have the most horrifying trip of your life."""
1kw2p1y,2025-05-26,images/1kw2p1y.jpeg,"""It's autism I think The thing where nd people obsesses over one hobby"""
1k27mne,2025-04-18,images/1k27mne.jpeg,"""This is variant of Thai Political Crisis Breakup. I've seen a few theories as to what the third panel (water bottles and knife) signifies but these two seem to be the prevailing explanations. 1. The woman is an organ harvester (will use the knife to cut out organs and store the organ in the thermos) 2. The woman already has a partner (that's why there are 2 thermos)"""
1jzk0f2,2025-04-15,images/1jzk0f2.jpeg,"""The social media account managers for two brands are having a fake spat for publicity. Then a third unrelated brand joins in and ruins the artifice."""
1l6ov5y,2025-06-08,images/1l6ov5y.jpeg,"""He resembles Zeke Yaeger. A character in Attack on Titan anime. Basically, if you drink his spinal fluid and he screams, you turn into a titan (monster in that anime). In the last season his spinal fluid was mixed with wine and people drank it unknowingly. Bad things happened after that"""
1d5bxcu,2024-06-01,images/1d5bxcu.jpeg,"""It’s an old Reddit copy pasta that someone lived an entire fulfilling and successful life with a wife, kids, and house, until one day he realizes the perspective of his lamp is off. He later realizes the lamp is fake and his entire life is fake because he got tackled by a football player. The lamp grows and takes up the entire room before he wakes up on the pavement surrounded by people, EMS, and cops"""
1fvg71d,2024-10-03,images/1fvg71d.jpeg,"""First image is Villa Savoye built in 1931 in Poissy, France. A modern style building using that all the rage material reinforced concrete. Second image is Palais Garnier, an opera house built in 1875 in Paris France at the behest of Emperor Napoleon III the style is literally called “Napoleon III” style as it “included elements from the Baroque, the classicism of Palladio, and Renaissance architecture blended together” (I’m just taking this from Wikipedia so make of this what you will).  OOP likes the older style better and feels that newer buildings are appreciated for their “advanced” construction but are unable to capture the beauty of early styles. As an aside. While Villa Savoye is a very classic example of modern architectural design I feel that comparing it to  Palais Garnier seems a bit misguided. One is a just a house at the end of the day, a house in the countryside no less. The other is a major operatic theatre in the middle of a large city. Why not juxtapose Palais Garnier with the Sydney Opera House? It’s also in that modernist style OOP seems to hate so much. Is it because the Sydney Opera house is a beloved and iconic landmark and it would undercut the idea that building design neatly regressed?"""
1j25t67,2025-03-03,images/1j25t67.jpeg,"""He turned heel last night. Aka became a bad guy in wresting"""
1jipmfo,2025-03-24,images/1jipmfo.jpeg,"""There is an old man in Anistar City who asks for a Lvl 5 or under to take care of since his wife died. After you beat the League you will find that the man has passed and returns your pokemon with a sad note and a cometshard. Death is inevitable even in Pokemon game... **OR IS IT!?** Turns out all you need to do to NOT have the old man die in your game is not give him a Pokemon! He's still chilling in his house after you beat Diantha. **YOU** as a player are responsible whether the old man lives or dies... will you sell an old man's life for a comet shard? copypasta. Edit: wow so many people are pro euthanasia, i didn't know."""
1fl51f0,2024-09-20,images/1fl51f0.jpeg,"""It signals that the car is driven by a gay couple looking for a big, hairy threesome partner"""
1mfr9vy,2025-08-02,images/1mfr9vy.jpeg,"""A lot of girls ask when their husbands/boyfriends will be back from hanging out with their friends/running errands or whatever. It’s a normal question but can be frustrating if you have no idea when you’ll be back. This meme is poking fun at that, showing an example of her asking when he’ll be back from something he couldn’t possibly know when it’ll end. Ignore comments saying this is a cheating meme. Edit: Release the Epstein files."""
1kxmxbf,2025-05-28,images/1kxmxbf.jpeg,"""Kamdyn is saying the person holding the photo is visible on the phone screen and is also comparing their stature to a tank.  As to what tank she most resembles is up for our individual interpretation. I myself like the World War Two M4 Sherman tank."""
1kpsba8,2025-05-18,images/1kpsba8.jpeg,"""Car salesman pretending to speak with his manager to get a better deal for the customer.. common salesman practice."""
1l2mvbt,2025-06-03,images/1l2mvbt.jpeg,"""A man is granted 3 wishes by a genie.   His first wish is for his dog to be able to talk.   He then selflessly asks the dog what he wants for the other 2 wishes.   This cartoon is making a joke that the dog doesn't want to be able to talk and wastes the other wish."""
1klgmos,2025-05-13,images/1klgmos.jpeg,"""Nothing wrong. It's just showing that the ISO 216 international standard for paper sizes, followed by most countries around the world, has a logic to it: Each format is built by halving the longer side of the format above. Take half of A0 and you get A1, halve it to get A2, halve it again to get A3, etc.  The ""joke"" is that North America doesn't use these standards, and instead use a seemingly arbitrary list: and that perhaps they get offended when people point that out."""
1jk2lgw,2025-03-26,images/1jk2lgw.jpeg,"""His name is (East) Indian.  I grew up with a ton of Indians. Whenever we had to answer “what do you want to be when you grow up” in school, all these kids had a) detailed answers, and b) straight, emotionless faces when answering. I don’t think a single one of them got to choose their own adventure."""
1jpmmd9,2025-04-02,images/1jpmmd9.jpeg,"""They thought they were setting their alarm but it's their calculator."""
1j0k484,2025-02-28,images/1j0k484.jpeg,"""I may be a physicist, but even I know how to spell ""brake"". But, as to the joke, when you turn the car, the car is angularly accelerating. When you hit the gas, the car is linearly accelerating. When you hit the brake, the car is linearly decelerating (i.e., negative acceleration). They are all forms of acceleration."""
1ftdy3c,2024-10-01,images/1ftdy3c.jpeg,"""It’s missing the punchline.  The other muffin screams “Oh my god, a talking muffin!”"""
1jtq5lb,2025-04-07,images/1jtq5lb.jpeg,"""\*sigh\*  I've lost it, yet again. This was a pretty strong, multi-year streak for me, tho. My next one will be even better, as it continues fading into meme culture obscurity."""
1lbduvg,2025-06-14,images/1lbduvg.jpeg,"""man of steel is another name for ' Superman'"""
1g41h0e,2024-10-15,images/1g41h0e.jpeg,"""Y2K bug, or, ""the year 2000."" Computers with clocks were coded in such a way as to not consider the change in millennium date from 1999 to 2000. There were huge concerns that computers that controlled vital systems like power plants would go offline and lead to catastrophic failure. Like nuclear power plants going critical, or the economy collapsing- or both! The solution for the average person was being told to turn their computers off before the new year to avoid any unforeseen consequences. Those vital systems got patched, and the year 2000 came and passed without incident. Edit: at lease read the comments before saying something 10 other people have said."""
1kjzqgk,2025-05-11,images/1kjzqgk.jpeg,"""If I remember correctly that was the Screen you got when you were playing for a longer time telling you to take a break."""
1mxibps,2025-08-22,images/1mxibps.jpeg,"""No idea on house but the good doctor did a bad job of portraying autism, maybe people just think these both are mainstream media representing autism?"""
1c4n4xd,2024-04-15,images/1c4n4xd.jpeg,"""The defendant is an orca, otherwise known as a ""killer whale"". His lawyer (the beluga) objects on the grounds that stating what kind of whale he is would be self-incriminating in a murder case, where presumably, the victim is a seal."""
1m4ns1d,2025-07-20,images/1m4ns1d.jpeg,"""Normal people would assume that because it's 50-50, and the last 20 have been successful, it's almost guaranteed that they'll die (this is often called the gambler's fallacy.) Mathematicians know that past outcomes don't affect this outcome, so it's still 50-50 Scientists know that if he's had such a good streak, he's probably innovated the process in some way, providing a greater-than-50 chance of survival (although the sample size is small, so it's not certain you'll survive)"""
1ljwpph,2025-06-25,images/1ljwpph.jpeg,"""Pain is Fr*nch for bread.  Pain staking Staking with bread"""
1kczb4x,2025-05-02,images/1kczb4x.jpeg,"""I believe the joke is that people like the things pictured(bike accessible areas with beautiful views) when they visit somewhere, but as soon as it may impact their ability to drive on an area where they live, they would be against it. Edit: Yes, NIMBY(not in my backyard) is the term frequently used to describe this. But since it’s explain the joke, not drop an acronym and run, I explained it."""
1mcgb86,2025-07-29,images/1mcgb86.jpeg,"""The mom is this coworker's ""work mom"", part of a phenomenon I've never really understood where you gain a whole set of secondary partners and/or family members from the pool of employees at your job like a fantasy football team or something."""
1i7iklj,2025-01-22,images/1i7iklj.jpeg,"""It's called ""the surge"" it's a burst of energy right before a terminal patient passes"""
18lkyqa,2023-12-18,images/18lkyqa.jpeg,"""I think they’re referring to the “broccoli top” haircut which is popular with gen z men"""
1kmjd7k,2025-05-14,images/1kmjd7k.jpeg,"""I have the bad feeling it‘s gonna be WWII movies"""
1j6w01m,2025-03-09,images/1j6w01m.jpeg,"""There's a thing called the surge (where they seem better) right before they die. It happened with my mom."""
1itmj5l,2025-02-20,images/1itmj5l.jpeg,"""Look up euthanasia coaster. This was a design made to kill the riders."""
1j983b2,2025-03-12,images/1j983b2.jpeg,"""Divorce. Both are removing their former significant-other from the social media profiles they present to others."""
1l8vajl,2025-06-11,images/1l8vajl.jpeg,"""Bikini Bottom got flooded by medical waste most likely due to the human garbage disposal into the oceans and they made it into a fair called ""glove world"" but they are exposed to biological hazard. Or they have 4 fingers and the gloves have 5."""
1htmvxv,2025-01-04,images/1htmvxv.jpeg,"""It’s from Midsommar. In the movie, the old people sacrifice themselves for the community."""
1d11llv,2024-05-26,images/1d11llv.jpeg,"""Forgetting to eat is sometimes a thing people with ADHD do. This meme is saying the person forgot to eat for long enough that their blood sugar is very low and they're shaking."""
1dap4il,2024-06-07,images/1dap4il.jpeg,"""Reddit's CEO Steve Huffman, or reddit username spez, was the moderator of r dash Jailbait - a subreddit banned long ago that was devoted to images of suggestive and sexual content featuring minors."""
1mcy7yd,2025-07-30,images/1mcy7yd.jpeg,"""Heel to sky, western spy. Slavs squat flatfoot. It doesn't strain your calves as much and means they can stay in squat for hours."""
1g2fiqh,2024-10-13,images/1g2fiqh.jpeg,"""A number of action movies feature scenes of manly men bleeding out onto pristine, snow-covered landscapes. It's a very dramatic shot that contrasts the peacefulness of the scene with the violent injury/death, and red blood against white snow is a rather stark contrast. I interpreted this as a reference to that minor cliche."""
1itwe3y,2025-02-20,images/1itwe3y.jpeg,"""At the very least they lost their hearing. But also many submarines don’t have active sonar and instead use passive sonar which is essentially microphones in the water. I spent about 2 years of my life on a submarine and I can only remember being pinged by sonar once. Edit: yes I now know that they do have active sonar. It’s been 15 years since I’ve been on a sub and I wasn’t even cone. Yes, I only remember being pinged once. Yes, it does sound like the movies, just loud."""
1l8fcur,2025-06-11,images/1l8fcur.jpeg,"""The joke is that shes pretty, and the OP is complaining that his lobster is too buttery and steak is too delicious."""
1jbg4m6,2025-03-14,images/1jbg4m6.jpeg,"""Morel mushrooms are a very popular foraging target."""
1lc0zi5,2025-06-15,images/1lc0zi5.jpeg,"""The joke is in math we don’t use 270 angles a lot"""
1lyfboo,2025-07-13,images/1lyfboo.jpeg,"""So, this horse is known for losing. In their career of 113 matches, they won none. Absolutely none. However, they always tried their best, and in Japan it became a tradition to bet on them and lose."""
1dhtsjq,2024-06-17,images/1dhtsjq.jpeg,"""That's Alex Jones of Info Wars. He has frequently spoken in the past about how he is very angry because ""they put chemicals in the water that turn the fricken frogs gay."" The cartoon spoofs this by portraying Jones as a closeted gay man living with a secret gay frog lover."""
1k60lga,2025-04-23,images/1k60lga.jpeg,"""She expects him to feed her other baby daddies’ kids as well."""
1hevxkv,2024-12-15,images/1hevxkv.jpeg,"""He's really happy while doing a boring job. People think that it's weird that he is so happy. But he is happy because he is loved, but people can't see that."""
1jkt7ig,2025-03-27,images/1jkt7ig.jpeg,"""It's based upon the joke common among older people that young people, especially millennials, can't drive a manual transmission car. This is the pedal setup for one of those cars."""
1irf9u4,2025-02-17,images/1irf9u4.jpeg,"""Cave divers are notorious for going into small holes without any plan for removing themselves from there"""
1m8nhhl,2025-07-25,images/1m8nhhl.jpeg,"""You’re in a gun fight, your weapon jam renders you defenseless- suddenly your life is either flashing before your eyes or you’re in what you perceive to be heaven."""
1m015wk,2025-07-14,images/1m015wk.jpeg,"""She’s adding the last quip as a “useless hypothetical” she believes she returning one back to him"""
1lv6b82,2025-07-09,images/1lv6b82.jpeg,"""Not 100%, but I think it has to do with the stereotype that lesbians move very quickly in relationships. If I’m not mistaken, I think there’s a joke about them bringing a uhaul to a second date, implying they’re already ready to move in together."""
1ieb7j3,2025-01-31,images/1ieb7j3.jpeg,"""That is the title character from the film Amélie, and she's also the mascot of FitGirl Repacks, a site to get pirated PC games."""
1eu8ulz,2024-08-17,images/1eu8ulz.jpeg,"""*Class is at 8am* ""Sorry, prof. I can't come in, my grandma/grandpa died today..."" *is lying because they just don't want to get up* the OOP is making a joke by pretending to believe those excuses"""
1i53kn8,2025-01-19,images/1i53kn8.jpeg,"""you think you've just discovered something but.. nope, euler got there first. euler was an old math guy who is basically the johnny sins of the maths world this meme also applies to when you see a new post on this subreddit but some guy got to explaining the joke first (sorry guys)"""
18m14sk,2023-12-19,images/18m14sk.jpeg,"""My guess is that the people on LinkedIn (employers, managers, professionals) always try to pin anything remotely positive or motivational on how that mindset can be applied to your work.  So in this case it would be used for something like, “The tree refused to collapse and decided against all odds to achieve what it’s never achieved before! If the tree can do this, so can you! Get grinding!!!”"""
1dcyo13,2024-06-10,images/1dcyo13.jpeg,"""> Operation Paperclip was a secret United States intelligence program in which more than 1,600 German scientists, engineers, and technicians were taken from the former Nazi Germany to the U.S. for government employment after the end of World War II in Europe, between 1945–59. Some were former members and leaders of the Nazi Party.  """
1icttle,2025-01-29,images/1icttle.jpeg,"""The cops were called when George Floyd paid with a suspected fake 20 dollar note, leading to his death."""
1gazv8u,2024-10-24,images/1gazv8u.jpeg,"""Saddam hussein hiding spot"""
1fx74jy,2024-10-06,images/1fx74jy.jpeg,"""His highest ideal is the thing he’s already doing. He has attained Nirvana"""
1cycae1,2024-05-22,images/1cycae1.jpeg,"""The lead singer of MCR witnessed 9/11 firsthand and says it changed his perspective on life eventually leading to him starting the band. The author who wrote twilight idk her name claims MCR was her favorite band and inspired her to write twilight. 50 shades of grey was originally a twilight fan fiction that ended up being turned into a movie starring Dakota Johnson, jumpstarting her fame. Dakota Johnson later appeared on the Ellen show in which Ellen tried to put Dakota on the spot for not inviting her to her birthday party. Dakota replied that she did in fact invite her and was rudely ignored despite being pressured into inviting her in the first place. This started a chain reaction of other celebrities and people in the industry telling their stories of how Ellen is a rude person. (I hate that I know all this and not like basic algebra)"""
1ko05mo,2025-05-16,images/1ko05mo.jpeg,"""This puzzle has two many buildings."""
1eq3w1x,2024-08-12,images/1eq3w1x.jpeg,"""I recall there was something about keeping track of bullet holes on airplanes that came back to base in WWII, I think.  I think it was something about people wanting to put extra armor on those areas, but the real logic is that planes that got hit in certain areas didn't make it back, so their damage didn't get documented.  I just looked it up, it's called ""survivorship bias."" So, the point they're trying to make is people who died in caves have a better chance of leaving remains that can be studied.  People outside will not.  So, say 10% of people lived in caves.  After research, modern people would say ""we find most remains in caves, thus all people lived in caves.""  This is an incorrect assumption because of the data available. Not really a joke, but an interesting idea to keep in mind when dealing with statistics."""
1dl75c6,2024-06-21,images/1dl75c6.jpeg,"""When something “big” is happening pizza places near the pentagon and also Washington DC see an increase in sales as the staffers prepare to settle in for a late night or long couple days"""
1msaqgb,2025-08-16,images/1msaqgb.jpeg,"""This is in reference to fetishes. For example a chubby chaser is someone into dating and sexual activity with larger people. Daddy chaser is another example. They’re asking what a term for a fetish for an autistic person would be."""
1jnjbtj,2025-03-30,images/1jnjbtj.jpeg,"""From what I remember, the left is ProZD, a voice actor. He declared that characters must be voiced by a voice actor of that character's race. Quite a few voice actors lost roles (including he himself) and less skilled voice actors were cast to do voice acting which upset audience. Right is Peter Dinklage. When Disney was promoting Snow White, he declared that Disney casting real life dwarves to act as dwarves in Snow White is offensive to dwarves. Disney then made all the dwarves in Snow White CGI, so 7 potential dwarves lost potential acting roles."""
1jmk5me,2025-03-29,images/1jmk5me.jpeg,"""It's probably bonehurted. The jokes are: 1. He gives her an apple every day to keep the doctor away 2. When she asks him about it he can't hear her because he is deaf"""
1hptxgi,2024-12-30,images/1hptxgi.jpeg,"""Genghis Khan’s wife Börte was kidnapped early in his life, and the event is said to be the catalyst for his life of conquest. So this time traveler realized he may have indirectly caused the rise of the Mongol Empire (and all its brutality which came with it)"""
1loxztn,2025-07-01,images/1loxztn.jpeg,"""There is a whole genre of films that essentially follow the same formula  1. Busy, big city working woman has to go to an impossibly idyllic small town (often her hometown) to do busy working woman things (write an article on small towns, close down a local small business, etc.)  2. While there she meets a handsome, rugged every man type (who may or may not be an old flame)  3. There is some  initial friction where she expresses disdain for a cherished local tradition (usually centered around a holiday, ESPECIALLY Christmas) 4. The rugged every man yokel hunk teaches her the true value of small town living/meaning of Christmas/middle American zeitgeist  5. She falls in love with him, and decides to leave her six figure city job and abandon her career driven successful boyfriend/fiancé for life in a town with a population in the double digits and a man she’s known for two weeks 6. The audience cheers and applauds because Hollywood knows that all Americans secretly long to live on Christmas tree farm/local bakery/season B&B"""
16af5zw,2023-09-05,images/16af5zw.jpeg,"""He played whole games left-handed so that he could save his right hand for the Lakers. Announced it in the press conference beforehand. Scored 47pt with a triple double shooting left-handed(mostly). Won every allstar 3pt contest he entered and would ask the rest of the players in the locker room, ""who's coming in 2nd?"" He would tell his defender what the nex play was going to be, just to show how unstoppable he was we he proceeded to score exactly as described. Talked trash about basketball, and followed through."""
1m9ljkv,2025-07-26,images/1m9ljkv.jpeg,"""5 stars is an unreliable rating because it implies a small sample size, 4.6 stars is a good rating that is likely the result of a decent number of reviews"""
1dn89d8,2024-06-24,images/1dn89d8.jpeg,"""The Manhattan Project is the secret code name for the first Fission Bombs ever built. Fission is the process where a large radioactive atom emits particles and changes in atomic weight and number and some of the mass is converted to energy. Fusion is the process where light atoms join together to form larger atoms and some of the mass is converted to energy. The processes are not the same but similar enough to make the joke IMO."""
1af8odu,2024-01-31,images/1af8odu.jpeg,"""A teller is a person who works at the front desk of a bank. Teller is also a person's name; that person is one half of the magician duo Penn & Teller. On stage, Teller doesn't speak. Penn is the one who explains everything/talks to the crowd. The joke is that you expect the robber to be speaking to a bank teller. But he's actually speaking to the magician Teller who doesn't talk. That's why Penn comes in at the end to explain what's going on."""
1gs40pf,2024-11-15,images/1gs40pf.jpeg,"""There's a Wikipedia page on what's called 'the hungry judge effect'. A study ""found that the granting of parole was 65% at the start of a session but would drop to nearly zero before a meal break."""
1jlhopk,2025-03-27,images/1jlhopk.jpeg,"""This might be about misalignment in AI in general.      With the example of Tetris it's ""Haha, AI is not doing what we want it to do, even though it is following the objective we set for it"". But when it comes to larger, more important use cases (medicine, managing resources, just generally giving access to the internet, etc), this could pose a very big problem."""
1kvafxc,2025-05-25,images/1kvafxc.jpeg,"""In the LEGO Community when building LEGO Llghtsabers some people put the hilt backwards or forwards the memes referring to which one you are"""
1cbt77m,2024-04-24,images/1cbt77m.jpeg,"""D'oh a deer, a female deer, ray a drop of golden sun. That song. Good musical even."""
1lsftpp,2025-07-05,images/1lsftpp.jpeg,"""referance to ancient brainrot, MLG. edits with doritos, mtn dew, weed, illuminati, call of duty, etc."""
1fkgw29,2024-09-19,images/1fkgw29.jpeg,"""pretty sure it originates from the video where a guy takes the multiple shapes and the holes they go into kids game and just puts all of the shapes in the square hole regardless"""
1jriku6,2025-04-04,images/1jriku6.jpeg,"""It’s functional as well as decorative. It helps hold shape and cuts down on fraying and helps absorb moisture by having a place to go. It’s called the Dobby boarder."""
1l5lxwv,2025-06-07,images/1l5lxwv.jpeg,"""Climbing chalk, not cocaine. A V2 is an easy bouldering (unroped climbing) route"""
1eruofc,2024-08-14,images/1eruofc.jpeg,"""Twitter is NOT still functioning perfectly. This is a moronic joke about government waste and firing government employees. Given it’s called Twitter in the meme, this was probably right after he fired his employees. Firing your software engineers is like deciding not to brush your teeth ever again, and this meme is like taking a victory lap when you don’t have cavities 24 hours later. We gave it some time and teeth are falling out. Elon Musk is an assembling a manual on how not to run a tech company with X."""
1gen0u3,2024-10-29,images/1gen0u3.jpeg,"""Some people take too much benadryl and report seeing a sleep paralysis demon that seems to be universal called the hat man, as pictured."""
1mq7k05,2025-08-14,images/1mq7k05.jpeg,"""There's a fringe conspiracy theory relating to the release of mountain dew flavors and world events. At least that's how I think it goes."""
1fotq8j,2024-09-25,images/1fotq8j.jpeg,"""The person ordering the pizzas thinks they are going to get 2 pizzas for a TOTAL of $18.99. They are actually $18.99 EACH."""
1mkk1ke,2025-08-08,images/1mkk1ke.jpeg,"""context clues suggest the italians would not leave, and thus would collect pay while doing no work.    At any scale this would destroy many companies if they did not change their culture."""
1dwl54a,2024-07-06,images/1dwl54a.jpeg,"""The answer to the riddle is ""nothing"", but the answer to the riddle is also irrelevant to the joke. The Riddler's ""schtick"" is to pose riddles to his enemies. Batman's ""schtick"" is to beat the daylights out of people (while dressed as a bat). The OOP is highlighting how impractical the one would be against the other"""
1k0ozae,2025-04-16,images/1k0ozae.jpeg,"""Cramp"""
15qz5ze,2023-08-14,images/15qz5ze.jpeg,"""you cant message any curse word on Xbox. The person who received the message reported the sender. He most likely received a 1 week communication ban (no messages, cant talk in party chat, etc)"""
1h626bt,2024-12-03,images/1h626bt.jpeg,"""His grades went down in history.  ""Rudolph the Red-Nosed Reindeer, you'll go down in history"" are the lyrics"""
1fu3pp1,2024-10-02,images/1fu3pp1.jpeg,"""that is way too good for a school computer. it's clearly for gaming"""
1dpuyn2,2024-06-27,images/1dpuyn2.jpeg,"""Europeans use a lot more stone in their home construction where in the US we use mostly wood. Some Euros like to hold it over us for some reason where they both work great.."""
1ifhc3x,2025-02-01,images/1ifhc3x.jpeg,"""Parrots constantly throw food in their water bowls"""
1drmpms,2024-06-29,images/1drmpms.jpeg,"""mint grows very, very rapidly and is hard to get rid of - it's notorious for taking over gardens"""
1f0lus9,2024-08-25,images/1f0lus9.jpeg,"""The woman has a chestburster from the horror series Alien, and he does not want to get killed."""
1fgw25o,2024-09-14,images/1fgw25o.jpeg,"""Pavlov was a psychologist who studied unconscious reactions and habits, which he did by training dogs that he would ring a bell before he gave the dog food. At first, the dogs would start drooling when they saw or smelled the food, but with time they’d start drooling as soon as they heard the bell.  Here they’re joking that it’s really the dogs training Pavlov."""
1ditx1t,2024-06-18,images/1ditx1t.jpeg,"""The mantis shrimp has the strongest punch of any creature in the world. If it was scaled to human size it would be a destroyer."""
1iq7hyo,2025-02-15,images/1iq7hyo.jpeg,"""Nipple piercings"""
1dw6ebl,2024-07-05,images/1dw6ebl.jpeg,"""During World War 2 the USS Duluth took some spoils from Japan and one of those things was a Bell of some importance. Some years later Japan asked for it back and Minnesota agreed to it. I believe Japan and Minnesota have had a very friendly relationship since then.  During the civil war an Infantry Regiment from Minnesota won a fight against an Infantry Regiment from Virginia. Minnisota took their flag and Virginia has been asking for it back ever since and Minnesota has told them to pound sand. Edit: I am terrible at spelling."""
1ga8e3y,2024-10-23,images/1ga8e3y.jpeg,"""pterodactyl is not a dinosaur"""
1gt2krg,2024-11-17,images/1gt2krg.jpeg,"""Omni man (the guy in the pic) is giving a speech about the tragic death of all members of Guardians of the Globe, which he killed in the previous episode.   The FBI commemorates the death of MLK every year. A very known and popular theory states that the FBI killed MLK."""
1lx5i8x,2025-07-11,images/1lx5i8x.jpeg,"""The original quote, ""Skynet begins to learn at a geometric rate. It becomes self-aware at 2:14 a.m. Eastern time, August 29th. In a panic, they try to pull the plug."" It is just using the Terminator to call Grok skynet. Marking it calling itself MechaHitler as synonymous with Skynet becoming self aware."""
1fn6c5k,2024-09-22,images/1fn6c5k.jpeg,"""Those numbers are psi, or ""pounds per square inch"" which is a measurement of pressure. OP thinks they are a percentage. Normally those tires would be filled to be about 35 psi. 100 is absolutely insane."""
1jbsr37,2025-03-15,images/1jbsr37.jpeg,"""Only very straight men can enjoy watching 2 barely clothed men go to town on each other. Gay men wouldn't be into that."""
1jra5f0,2025-04-04,images/1jra5f0.jpeg,"""Scary, violent, and incoherent screeching"""
1cnr025,2024-05-09,images/1cnr025.jpeg,"""Basically, when preteens get their first hair curler, they curl their hair without brushing it out. Looks like the one on the right. For most women, when you curl your hair, the goal is for it to look somewhat natural. Curls don’t naturally look like the one on the right. It’s a diss saying she’s clueless. It’s like “Aw bless her- she tried.” Edit: guys, I didn’t make the joke jfc. Just trying to answer a question. Edit 2: I’m aware ringlets exist. Generally speaking, they don’t start halfway down your head and have an inch of straight hair at the bottom. Nor are they all the exact same size and shape. If you have ringlets, great. I’m jealous- I literally permed my hair to get ringlets.  But be real, yours don’t look like the photo on the right either. They are bouncy, have a little frizz, and start much higher up on your head. You can literally see exactly where the iron was in the picture on the right. Yes- curls do form that way. But they don’t look this perfect and symmetrical."""
1k7sozh,2025-04-25,images/1k7sozh.jpeg,"""Brain in a vat thought-experiment: ""You are told to imagine the possibility that at this very moment you are actually a brain hooked up to a sophisticated computer program that can perfectly simulate experiences of the outside world."" She is realizing this is her."""
1jt3kg0,2025-04-06,images/1jt3kg0.jpeg,"""Adam Scott was in a show called Party Down about catering wait staff. Then, he was in Parks & Rec about a parks department. Now, he’s in Severance, which is some dystopian office workplace where you don’t remember what you do once you leave."""
1jwjneb,2025-04-11,images/1jwjneb.jpeg,"""In the anime jujutsu kaisen. One of the characters, Megumi Fushiguro's powers is to summon creatures from his shadow. He can choose to summon any of 10. The strongest creature he can summon is called Mahoraga. It has that iconic wheel on its back. Whenever it is hit by a technique, the wheel turns and it becomes immune to it. So youd need to kill it in 1 hit to defeat it. So the joke is, white blood cells learn to fight off bacteria and viruses. Like mahoraga"""
1gjmevw,2024-11-04,images/1gjmevw.jpeg,"""Even the experienced professionals look stuff up, so her ""cheating"" is something everyone does"""
1n1smmy,2025-08-27,images/1n1smmy.jpeg,"""After ww2 a lot of Germans fled to Argentina to avoid prosecution, so someone of german descent would learn that their grampa worked for the Austrian painter"""
1dk8hzm,2024-06-20,images/1dk8hzm.jpeg,"""The unedited image shows a kid playing with a ball and cup toy. There's a cup with a stick attached to the bottom, and a string that's tied to a ball hanging off. The goal is to get the ball into the cup, only holding the stick. It's a game of physics. The edited form shows the cup and ball being replaced by two halves of what is known as the Demon Core. In short, that thing was built to be used as a part for a nuclear bomb. When the war ended, there was no longer a reason to construct it, so scientists did tests on the core instead. They would test to see how close they could get it to closed without going critical, of which it would then spew enough radiation that you would be certain to die (not instantly, over time) just from standing next to it for a split second. They used a *flathead screwdriver* to test this. During a test, the screwdriver slipped, and it snapped shut, emitting a bright blue light and dousing the area with radiation, before the scientist running the test knocked the top back off. He had everyone in the room make a note of where they were standing so that the data could be used for further studies on how radiation worked. Edit: I made this comment from memory based on a video I had watched a long time ago on the subject, so while this is more of less the gist of it, some details may be inaccurate Edit 2: congratulations, there are now so many comments branching off of this comment that when I try to scroll to the bottom, my Reddit app glitches out and refreshes the page, so and i am unable to see all of the newer ones"""
1djk4yq,2024-06-19,images/1djk4yq.jpeg,"""That's the Hawk Tuah girl, she became famous from a video on social media recently where she was interviewed between bar hopping. The original clip was posted as an Instagram Reel by YouTubers Tim & Dee TV, the interview occurred in Nashville, Tennessen.  In the video, she was asked, ""What's one move in bed that makes a man go crazy every time?"" she replies, ""Oh, you gotta give him that hawk tuah and spit on that thang! You get me?"" The video racked up more than 8 million views on Instagram and half a million on TikTok in less than a week. Basically she set a new bar for women giving oral to men."""
1k41dum,2025-04-21,images/1k41dum.jpeg,"""It's common to pose with the Tower of Pisa as if one is holding it up or pushing it over. These two are posing like they're shoving it into a bag to steal it. The British Museum is well known for having a ton of items pillaged during the rise of the British empire that are important cultural artifacts to other places. The Museum did not appreciate the insinuation."""
1fb5f4e,2024-09-07,images/1fb5f4e.jpeg,"""There's a story about a guy who has a perfect life, wife, kids and all that. One day he's living his life as usual but notices that a lamp in his house looks weird. Days passed and everything was normal except for this lamp. Eventually, he wakes up from a coma and learns that he has been so for years, and that he has no wife, no kids. This summary might be wrong but that's kind of the gist of it. You can read it yourself below."""
1naurrn,2025-09-07,images/1naurrn.jpeg,"""She has a point. And probably synaesthesia"""
1estm8c,2024-08-15,images/1estm8c.jpeg,"""Excel has a habit of interpreting numbers that are separated by slashed as dates. So instead of it reading 1/2 as “half” it would read it as January 2nd."""
1msjwy5,2025-08-17,images/1msjwy5.jpeg,"""Children who just got tucked into bed find excuses to stay up, usually by asking for water,  because they know the parent can't really refuse them water"""
1duiywi,2024-07-03,images/1duiywi.jpeg,"""This joke has two big parts the first part is the child doesn't understand the assignment, she misunderstands the comment about dividing X by 2, and she produces the variable C because of her handwriting. In some higher level mathematics such as calculus the variable C represents a range of numbers the exact one of which is unknown. This range includes the number 1 the answer for the specific problem. That leads us to the second part of the joke which is the child writing something that is mathematically well beyond her level (at graduate lever) and the teacher assessing it as the child being exceptionally intelligent and ready for graduation. It is a humorous juxtaposition of simple and profound and the results there of."""
1hp0gyf,2024-12-29,images/1hp0gyf.jpeg,"""I think all these girls are posing in a Holocaust Memorial"""
1lcbtv7,2025-06-15,images/1lcbtv7.jpeg,"""Lots of early humans were endurance hunters, we could carry water and sweat to stay fresh, big heavy, hairy animals, built for short sprints would eventually tire and we would have an easy kill."""
1le99t8,2025-06-18,images/1le99t8.jpeg,"""Doja Cat is currently in a scandal because she interacted with a fan in a seemingly pleasant manner and then went online and said she was uncomfortable and hated the interaction. This person is using the specific image of Doja from the fan video in which she's laughing along with the situation and waiting to make her escape, implying that's how she felt on the date."""
1lmyful,2025-06-28,images/1lmyful.jpeg,"""Plato was big on his Allegory of the Cave. There's your google-able term for imagery and more breakdowns of the concept. Basic idea: What we perceive as reality is presented before us, but how do we know how much of it is manipulated? -- like watching shadows on a cave wall for your entire life, and the shadows are created by people you never see. It's only after leaving the cave that you see a more objective reality. A fake projector window is suggested here as consenting to subjecting yourself to an artificial reality. Plato having such a volatile response is like him being exasperated at the hypothetical sight of this and saying ""What did I **just** say?! Do you not **listen**?!"""""
1m7b5bx,2025-07-23,images/1m7b5bx.jpeg,"""It is a joke about Korea having very low birth rates"""
1heeibu,2024-12-14,images/1heeibu.jpeg,"""It’s a joke in the computer science and programming industry, where people wearing thigh-high socks make up the majority of professionals. Same thing goes for the IT-industry, where the joke is that furries make up majority of the IT sector and without them, society would collapse!"""
1kk6das,2025-05-11,images/1kk6das.jpeg,"""Pretty sure that's the photo for SCP-096. Aka Shy Guy. AKA the one SCP that will brutally murder people if they so much as look at a photo of it's face no matter how obscure it is. Yeah, tons of kids are gonna die to this"""
1mj9txa,2025-08-06,images/1mj9txa.jpeg,"""Doordash drivers kinda just stare at you and then shove their phone in your face Source: server/bartender for many years"""
1lgsat4,2025-06-21,images/1lgsat4.jpeg,"""They changed the branding of that syrup brand to remove the woman on the front, so they buy the new bottles and transfer the syrup to the old one to keep the same branding around"""
1l1trf8,2025-06-02,images/1l1trf8.jpeg,"""It's referencing the song by Lil Keke - 25 lighters. I got 25 lighters on my dresser, yes sir, i got to get paid."""
1g0pt9u,2024-10-10,images/1g0pt9u.jpeg,"""When NASA was asked why we haven't landed anyone on the moon in generations, they said, we can't, we don't have the technology anymore. """
1kidi8e,2025-05-09,images/1kidi8e.jpeg,"""Target markets are the audience you're trying to sell your product to. Marketing agencies like having clear, delineated demographics to pitch to because every demographic requires different approaches, mediums etc. For a company to say that their target market is basically all human adults is a marketing agency's worst nightmare."""
1efdp5m,2024-07-29,images/1efdp5m.jpeg,"""It's a play on the formula for Hydrogen Peroxide (deadly if ingested), which is H2O2"""
1idjtks,2025-01-30,images/1idjtks.jpeg,"""This is a scene from the end of the movie, The Mist. It is not in any way a happy ending."""
15u22dk,2023-08-18,images/15u22dk.jpeg,"""European woodlands are pretty unthreatening places. The geography is not too extreme, accessibility is relatively high due to population density and age of settlement- near total lack of predatory animals due to human competition. Worst thing youll see is a badger. American woodlands are vast, untouched, dangerous places. Sizeable mountain ranges, often minimal infrastructure, access. Low pop density= further from help. Substantial dangerous flora and fauna, including large predators such as bears."""
1bl3eve,2024-03-22,images/1bl3eve.jpeg,"""Been a while since I read the books but basically, phones attract monsters for some reason, so Demigods don’t carry them around."""
1c6io3k,2024-04-17,images/1c6io3k.jpeg,"""Okay first of all, there's nothing to get it's just a joke about switching Florida and Italy. Second, I have no earthly clue why this impacted me so much I laughed so hard at the flaccid penis of Florida just floating in the Mediterranean."""
1mg92kd,2025-08-03,images/1mg92kd.jpeg,"""The guy on the left says Frankenstein is the monster not knowing that the doctors name was Frankenstein. The middle guy is self explanatory, and the guy on the right is saying that because of his unethical actions in the book, Dr Viktor Frankenstein is himself the true monster and villain of the story. Not the monster he created"""
1keeu8e,2025-05-04,images/1keeu8e.jpeg,"""This is a stab in the dark but I think they're brewing ayahuasca tea. AKA a really potent hallucinogen that'll take you on a wild trip."""
1k0ebg6,2025-04-16,images/1k0ebg6.jpeg,"""I think they're accidentally both male elephant friends rather than a couple, and the one on the right has just realised what Noah's reason for taking two of each animal on his Ark actually was."""
1mvwns8,2025-08-21,images/1mvwns8.jpeg,"""Because they don't want to date someone that mispronounces commonly mispronounced words."""
1eoj2vc,2024-08-10,images/1eoj2vc.jpeg,"""The albatross is reacting to the beaver's fact"""
1kfhmis,2025-05-05,images/1kfhmis.jpeg,"""Something that 95% of men, including me, miss."""
1kxar4d,2025-05-28,images/1kxar4d.jpeg,"""This is blazing saddles a comedy about race in the west. it has racism as a joke very frequently but is cowritten by Richard prior, so the humor is progressive. It's just not a hand holding progressive. The plot is a rich guy needs to avoid the police, so he pays to have a black man appointed sheriff in a highly racist town. They try to kill him and other such frontier activities."""
1k71ywy,2025-04-24,images/1k71ywy.jpeg,"""This guy buck from ice age:dawn of the dinosaurs"""
1iplhwf,2025-02-14,images/1iplhwf.jpeg,"""Salad dressing is the sauce you put on salad. The overall joke is making fun of a stereotype that girls with septum piercings constantly feel the need to bring it up even if it's not relevant to the conversation."""
1actpx8,2024-01-28,images/1actpx8.jpeg,"""cloudy and a chance of meatballs: the main character is a scientist and sprayed on shoes when he was a kid, which he could never remove"""
19aozuz,2024-01-19,images/19aozuz.jpeg,"""“Exit, pursued by a bear"" is a stage direction from Shakespeare's The Winter's Tale that is infamous for its hilarity and difficulty to stage. The villain is meant to be implicitly killed by a bear off-screen. Here “bear” is a double entendre for a large gay man."""
1fs8n6c,2024-09-29,images/1fs8n6c.jpeg,"""I believe it’s a play on the joke where the boy’s name is something that the meme creator really likes, but in this case it’s an anti-meme where it’s just a normal, unrelated name."""
1kv3qzz,2025-05-25,images/1kv3qzz.jpeg,"""Rupee is also the currency of India. She thinks it's upsetting that she only associates the word with videogames and not the real world. It's like thinking that yen is a fictive currency invented by Nintendo for the Pokemon games, or dollars by Valve for Counter Strike."""
1mo2ge4,2025-08-12,images/1mo2ge4.jpeg,"""Its not random at all. 256 = 2 to the power of 8, which is the number of unique values in an 8-bit byte.   A programmer would jokingly tell you: 256 is a nice round number. (And this is the case for both Binary and Hexadecimal)"""
1bikyy1,2025-03-19,images/1bikyy1.jpeg,"""The math is a little off, but the gist of it is that the grand canyon took a long *long* time to get to its current state, but, at some point in the very distant past, it would've started out as a small stream, as depicted in the meme.  So, the joke is that the Flintstones were around a long time ago when the Grand Canyon was still just a little stream."""
1h7r7fr,2024-12-06,images/1h7r7fr.jpeg,"""I lost the game?"""
1kn0cs2,2025-05-15,images/1kn0cs2.jpeg,"""Hello Kitty girls are seen as a massive red flag on account of being absolutely insane."""
1gmj25e,2024-11-08,images/1gmj25e.jpeg,"""A lot of people do marathons of the Harry Potter movies during the Holiday season as many of them have important plot points in the fall/winter and involve Christmas in one way or another."""
1n4cdy9,2025-08-30,images/1n4cdy9.jpeg,"""This is a reference to a sea shanty that frequently uses the line ""Leave her, johnny, leave her"" and lever sounds like leave her"""
1mrgi5c,2025-08-16,images/1mrgi5c.jpeg,"""If this was made now we are having some major issues with protestors being jailed for supporting a group called Palestine action.  This is because, like most countries, in the UK it is illegal to support organisations that are designated as ""terrorist organisations"" by the government.  The justification for Palestine action being designated as a terrorist organisation has been called into question however and many people see it as government overeach."""
1ikjb25,2025-02-08,images/1ikjb25.jpeg,"""The joke is that she is not ""cheating"" - she is doing what just about every programmer does: Google how others solved things and copying that."""
1l9tch1,2025-06-12,images/1l9tch1.jpeg,"""It’s a joke about white collar professional work having lots of unnecessary meetings and people spend a lot of time attending meetings and adding nothing of value in them in the professional world"""
1k3mqvs,2025-04-20,images/1k3mqvs.jpeg,"""There is a stereotype that women don't understand generalizations or averages, and if they don't like one, will immediately point to an example outside of the average"""
1dyradm,2024-07-09,images/1dyradm.jpeg,"""They abuse her (verbally) and she grows into a person who will take abuse (a nail, waiting to find a hammer who will hit her).  And then her parents act like it’s a happy occasion, that she’s marrying someone who will hit her.  Pretty bleak, not really a joke."""
1hyszel,2025-01-11,images/1hyszel.jpeg,"""A lot of the people who have studied Chemistry that I know tell me that when confronted with the information that they have studied anything relating to chemistry or even work in a related field, they are almost always asked if they can cook meth or synthesize any drug. Given that they have been asked the question so many times they are visibly annoyed and already predict what the question will be. And to actually give you the answer, the answer is most likely yes. But the problem with making drugs is not the difficulty in making them but having the chemicals you need to make them (without getting in a list) from what I've been told."""
1h9svj1,2024-12-08,images/1h9svj1.jpeg,"""Plot of House of Leaves. It only starts as a tiny bit larger inside. It gets bigger. And stranger. The book is a challenge, but an extremely rewarding read"""
1jhvyov,2025-03-23,images/1jhvyov.jpeg,"""On the last panel there's a sign for ""Kill ghast wile in the Overworld"" achievement"""
1li5eld,2025-06-23,images/1li5eld.jpeg,"""I think that black people make better mac and cheese?"""
15xu49x,2023-08-22,images/15xu49x.jpeg,"""It’s just highlighting the fact that most artist aren’t really self made and have rich families bank rolling them and they try to hide that fact because it would ruing the brand image they cultivated"""
1chmsmf,2024-05-01,images/1chmsmf.jpeg,"""He is specifying that he would like to go to a restaurant, rather than participate in a gang bang. By specifying, he is now protected from bears."""
1m0cwuu,2025-07-15,images/1m0cwuu.jpeg,"""Slang for a big nose, is beak. Study of evolution suggests that similar birds have different shaped beaks depending on the food native to their island. If she's had a nose job to alter her nose, then she will no longer be adapted to eating the seed. That's the gag I'm reading here."""
1e0k66e,2024-07-11,images/1e0k66e.jpeg,"""Its a coding joke. You ask for 0 wishes, and that in itself is a wish, so you ends up with -1 wishes. But old computing systems can't take negative integers, so it gets set to 255, which is the 8-bit integer limit. edit: wording   edit2: Any system *can* take negative numbers if you program it to, but this particular problem is mostly exists on old systems due to either technological limits/budget or was never intended to account for them."""
1lyp3u6,2025-07-13,images/1lyp3u6.jpeg,"""I think it might be a reference to the scene with the Holy Grail. The ground is crumbling because the Grail isn’t supposed to be removed. It’s about to fall into the abyss, and Indy tries to reach for it. But if he keeps reaching, he’ll fall and die too. His father tells him to ""let it go"" and Indy finally listens, saving himself. That line hits even harder coming from his dad, since he spent his whole life chasing the Grail too so he had to let it go as well. I haven’t watched the movie in a while so I don’t remember all the details, I could be misremembering something. The joke here is that Hollywood is like Indy at that moment: desperately clinging to the Indiana Jones franchise instead of just letting it go."""
1kcimn6,2025-05-01,images/1kcimn6.jpeg,"""In Nordic nations fathers can have a year off to enjoy the first year of their child's life. I assume it's not the same in the US but I'm ignorant."""
1jdx96a,2025-03-18,images/1jdx96a.jpeg,"""John Cena basically played the role of a good guy in WWE for most of his career until he turned heel (into a villain character) recently. Many people who became fans of him as kids probably felt betrayed In WWE the plots are all scripted, but it still means a lot to people"""
1d8v3ej,2024-06-05,images/1d8v3ej.jpeg,"""It means you’re connected to a hacker’s WiFi network.  That’s a default address for a device called a pineapple. Most likely malicious."""
1lcw9tb,2025-06-16,images/1lcw9tb.jpeg,"""Your pet rat just urinated on you"""
1m9iybc,2025-07-26,images/1m9iybc.jpeg,"""we love nice simple numbers that make sense at a glance... 9 is 3 3's, 50 is 5 10's, ect...you can look at it and know what it's divisible by    51...what is 51 divisible by? 17, of course...which would never occur to you at a glance    i remember at least one time (other people can probably relate, and this may even be what the joke is actually about) a question in math class where the teacher asked us what a few numbers were divisible by, one of which was 51, and our whole class of about 200 people (it was an online class, which is why there were so many) didn't realize 17 was one of the answers"""
1lkxnll,2025-06-26,images/1lkxnll.jpeg,"""He passed the true test to get into Heaven. Most people believe that WinRAR is free because their ""trial"" isn't restrictive, but in failing to pay for the skilled labor of their fellow working-class citizens, they condemn their souls for eternity."""
1jvk5j5,2025-04-09,images/1jvk5j5.jpeg,"""Riley heavily idolized another character in the movie who was the captain of the hockey team she wanted to be on. The original tweeter believed that because Maya Hawke (who voiced Anxiety) was one of her emotions that Riley had to be gay (?) but that didn't happen in the movie, which has the replier saying that they were queerbaited and that it should've been obvious as losing chess to a dog would be pretty bad."""
1jz9o7s,2025-04-14,images/1jz9o7s.jpeg,"""The last iPhone to use a lightning port was the iPhone 14. After that they switched to USB-C, the port everyone else uses."""
1j0rvbp,2025-03-01,images/1j0rvbp.jpeg,"""It's a 9/11 conspiracy reference.  People think it was an inside job because ""jet fuel can't melt steel beams"""""
1lr4b7j,2025-07-03,images/1lr4b7j.jpeg,"""hair transplant"""
1lmltqs,2025-06-28,images/1lmltqs.jpeg,"""Think I found the original meme. It's the barcode of the Oreo and the person who decided to get this tattoo is half-black and half-white. It makes some sense I guess"""
1ejh81c,2024-08-03,images/1ejh81c.jpeg,"""The blue light is on the third spot, meaning there are already two other controllers in the house. He's the third one. His wife be cheating."""
1i3mgpx,2025-01-17,images/1i3mgpx.jpeg,"""Cuz he’s Frozone! Probably responsible for all the fun they’re having today!!"""
1mwvx7u,2025-08-22,images/1mwvx7u.jpeg,"""3 is flipped"""
1iijdeg,2025-02-05,images/1iijdeg.jpeg,"""I believe that's syrup for the soft drink dispensing fountains in restaurants. The machine mixes the syrup with carbonated water to make Coca-Cola, for example."""
1md2utm,2025-07-30,images/1md2utm.jpeg,"""Shady guy stole the phone and is trying to get it unlocked, I guess?"""
1lz6cn4,2025-07-14,images/1lz6cn4.jpeg,"""Mice can chew through a lot of items you might use to block that hole in your foundation through which they enter, but they can't get through steel wool."""
1funcci,2024-10-02,images/1funcci.jpeg,"""how would it know you disabled the microphone when you say ""Hey Google"" if the microphone was actually disabled?"""
1j4sodd,2025-03-06,images/1j4sodd.jpeg,"""He is trying to come to terms with death, and is reminiscing about his friend who died."""
1k83t38,2025-04-26,images/1k83t38.jpeg,"""It’s about indulgences, a medieval practice where the Catholic Church would allow people to pay them money to basically forgive them of their sins"""
1bm5k9k,2024-03-23,images/1bm5k9k.jpeg,"""It's a printer joke. Sometimes if a printer runs out of one of the color inks, like yellow (or cyan or magenta), it won't even let you print in grayscale, which only requires the black ink cartridge."""
1eycr0q,2024-08-22,images/1eycr0q.jpeg,"""Artist is confused on how trees grow.  Artist wanted to make a funny that the dad is stupid by marking a tree with the height of his child.  But if you mark a tree or carve something into the tree, that marking stays at the same height. Only the branches of the tree grow outward and upward.  TLDR: Artist failed at basic tree knowledge"""
1d79d78,2024-06-03,images/1d79d78.jpeg,"""The Sea Peoples, iirc. There's some records of them attacking those listed regions, but no strong evidence on where they came from Edit: the amount of folks confidently stating different origins where the Sea Peoples *must* have come from, kinda illustrates the ""no strong evidence"" point."""
1e66hcd,2024-07-18,images/1e66hcd.jpeg,"""The vice presidential candidate Trump just chose is named J.D. Vance. He gained a lot of prominence writing a bestselling book called “Hillbilly Elegy”, which among other things, is about his journey from growing up a very poor kid in rural Ohio (see edit) to graduating from Yale Law School (the top law school in the world). He later got into politics and became a U.S. Senator.  Legendary director Ron Howard adapted his book/life story into a movie that featured multi academy award nominated actress Amy Adams in a prominent role. The movie was absolutely obliterated by critics, who took issue not only with the filmmaking, but with the movie’s questionable opinions on politics and self importance of the story being told.  To add insult to injury, Amy Adams fans feel that she was overdue for an Oscar in the mid 2010’s after many great performances all in a row (The Fighter and Arrival to name a couple) but she lost that spark around then and has been in commercial or critical flops since, Hillbilly Elegy being arguably the biggest misstep of them all. Edit: oops, I said Deep South and it was actually Midwest. My bad! Edit 2: many people are “correcting” me by saying Yale Law School isn’t the top law school in the world because if you Google “top law schools in the world” the first list that comes up has it tenth or something.  I can assure you as someone in the legal community who went to an Ivy law school that Yale is at the top to anyone in the field of the law, academically or industry wise. The only ranking that really matters is US News’ ranking of US law schools and they’ve had Yale at the top every single year since they started ranking them. Further, any list of top law schools in the world would agree whichever school is the best in the US is the best in the world because the outcomes are just that good here. I can elaborate more if anyone has further questions but I don’t want this edit to be too long."""
1m6nixj,2025-07-22,images/1m6nixj.jpeg,"""They not fat"""
1m83zvy,2025-07-24,images/1m83zvy.jpeg,"""I'm not tech savvy enough either, but back in the old days you would paste a huge command into a command block that would spawn a big monolith of other kinds of command blocks and it would act as a datapack"""
1kq1god,2025-05-19,images/1kq1god.jpeg,"""Patients are gone. I've come in, and the bed was stripped and raised, and it's a very sad shift"""
1fbhuz2,2024-09-07,images/1fbhuz2.jpeg,"""The idea is that they’re placed on the road not so people run into them but so that people get out of their car to fix the situation. But it’s a trap, as people who put those there are waiting to mug you, etc. On a scale of urban legend to verified situation, I don’t know where it lands."""
1etw7r0,2024-08-16,images/1etw7r0.jpeg,"""There’s a subsection of tiktok book readers that vastly prefer first person over 3rd person and they’re a little weird about it.  I only heard about it bc an author I follow talked about joining a group with some of these people and they literally kicked her out of the group bc she expressed a preference for 3rd person and shifting perspectives. I generally dislike 1st person so it seems very odd to me that they’re so uh… enthusiastic about it."""
1adplet,2024-01-29,images/1adplet.jpeg,"""The obgyn is like a gynecologist, she was at a check up and asked if it was natural  And she said she’ll see if the color is natural because she is going to check her vagina and she’ll see if the pubic hair is also red like her hair"""
1jfas9d,2025-03-19,images/1jfas9d.jpeg,"""They aren't aware that women have body hair, so they're freaked out and disgusted by seeing it."""
18oc8jp,2023-12-22,images/18oc8jp.jpeg,"""I can't even begin to count the times I've tried to pitch a couple of brown bananas, only to have my wife scold me and make me save them because she ""is making banana bread "". I have not had banana bread in this house in a decade"""
1k83tc1,2025-04-26,images/1k83tc1.jpeg,"""I work IT for a school district. During Covid we went full 1:1 and let me tell you…. once one kid found out that the mask string could cut through the top half of a Chromebook just as easily as those chairs, we got hundreds of string-sawed chromebooks returned. It took us months to realize what was happening, because we’re all middle-aged men; thankfully most of our wives were extremely invested in TikTok at that time."""
1l0ke0h,2025-06-01,images/1l0ke0h.jpeg,"""A woman is currently on trial for allegedly poisoning several of her ex-husband's relatives using poisonous mushrooms in a beef wellington one of the details is that her portion was served on a different-coloured plate to the other guests"""
1lxxc1i,2025-07-12,images/1lxxc1i.jpeg,"""I'm guessing jesus knows you're from the future and wants you to go home. Instead of hearing what you got to say."""
1cqzlzh,2024-05-13,images/1cqzlzh.jpeg,"""Darwin went on an 8 year quest to try to find where barnacles belong on the tree of life. It drove him nuts: ""**I hate a Barnacle as no man ever did before.**"" That quote is from year six.  Now imagine, after all that, some prehistoric barnacles show up that imply that we need to rethink their taxonomy."""
1k4lzxj,2025-04-21,images/1k4lzxj.jpeg,"""It's about Hegseth being a well-known drunk. It's not shaking, it's blurry."""
1dtucii,2024-07-02,images/1dtucii.jpeg,"""It’s saying that gender affirming hormone therapy should be accepted in society."""
18znlfe,2024-01-06,images/18znlfe.jpeg,"""A ~~British Australian~~ British news anchor made fun of the 13-year-old beat the original Tetris game. I'm not going to go into the details about the logistics of how he beat the game but you can find out online.In a world where people make millions of dollars playing video games this woman went out of her way to shame a 13-year-old who achieved a remarkable feat for no reason other than she is old and boring and doesn't understand things that she's not interested in edit: Australian edit: Nope! British"""
1lp0qhj,2025-07-01,images/1lp0qhj.jpeg,"""I just watched this episode of the Sopranos so I can provide full context. Tony Soprano’s daughter Meadow has been dating a black guy at college and Tony has been very racist toward him. In this scene, Meadow is visiting home and is talking about her bike being stolen. The mom tells Tony it was “some black guy from the neighborhood”. Tony, with a very vindicated expression, says “I can’t believe it!” Meadow then talks about the intersection of crime rate vs poverty, and race vs poverty.  Incidentally, Meadow is also taking that lamp on the counter to college with her, and none of them realize the lamp has an FBI bug in it. So she’s unknowingly preventing the FBI from getting mountains of evidence against Tony."""
1k1z0gk,2025-04-18,images/1k1z0gk.jpeg,"""It's about survivorship bias"""
1jox3xw,2025-04-01,images/1jox3xw.jpeg,"""This IP is assigned by, and to devices connected to a, WiFi Pineapple, which basically means your internet use is being tracked and recorded.   Luckily, most modern protocols use TLS for encryption (e.g. HTTPS, but not HTTP), which means that not a lot can be read from recorded internet traffic, usually little more than 'this device made <x> connections to (http://reddit.com) using HTTPS', and if you're using a VPN, they get little more info out of the logs than 'this person uses the VPN X' (if at all).   TL;DR: Someone is tracking your web activity, but by itself that is usually not too big of a problem"""
1b73n9u,2024-03-05,images/1b73n9u.jpeg,"""This is a screen shot from the movie Tremors (which had giant, predatory wormlike creatures reminiscent of Shai Hulud)"""
1eqknag,2024-08-12,images/1eqknag.jpeg,"""I’ve seen videos of him making guesses of the most random places solely by picking out rocks and grass. His name is rainbolt and he’s a streamer. So the joke is that someone is trying to throw him off with a flag but he knows it’s a lie based off of the lawn"""
1jeu5lj,2025-03-19,images/1jeu5lj.jpeg,"""Dude left Lego bricks on the floor so he could hear the screams of someone walking in and have the time to close porn (EDIT yeah, maybe it was gaming instead of studying)"""
1j9fjii,2025-03-12,images/1j9fjii.jpeg,"""“Happy Tree Friends” was a cartoon known for being obscenely gory. My guess is that there’s some stereotype of stories about hamsters dying in very upsetting ways."""
16qgxdt,2023-09-23,images/16qgxdt.jpeg,"""Oscar The Grouch lives in a garbage can. The rest of the Sesame Street gang bought him a house but he just lives in the garbage can in the kitchen (you can see his eyes peeking out)."""
161awxs,2023-08-25,images/161awxs.jpeg,"""Polio is coming back primarily due to anti-vaxxers. """
1n6zxro,2025-09-03,images/1n6zxro.jpeg,"""basically, if you use 1km long rulers to measure a coast, it will be shorter than using 1m rulers therefore, you can just get smaller and smaller measure more and more detail, infinitely, so any country with a coast technically has infinite coastline From Wikipedia: if the coastline of Great Britain is measured using units 100 km (62 mi) long, then the length of the coastline is approximately 2,800 km (1,700 mi). With 50 km (31 mi) units, the total length is approximately 3,400 km (2,100 mi), approximately 600 km (370 mi) longer"""
1na1x8w,2025-09-06,images/1na1x8w.jpeg,"""Jeremy Clarkson historically doesn’t like Porsches, but in the clip the meme is depicting, he tells a story about how he got a call from his mom while he was in the middle of cooking dinner that his father was dying. Because of how fast the car could go, he was able to make it to the hospital while the chicken was still warm so his mother could eat dinner and (more importantly) see his father just before he died. So, he’s saying that the Porsche 928 is alright with him despite normally not liking Porsches because it allowed him to care for his mother and speak to his father one more time"""
1jjiqlq,2025-03-25,images/1jjiqlq.jpeg,"""The day they aren’t wearing make up, is they day they are asked out?"""
1k1yv51,2025-04-18,images/1k1yv51.jpeg,"""The Soviets were on the Allies side in WW2 if her Grandfather fought against them he was a German or possibly Italian."""
1j85iub,2025-03-10,images/1j85iub.jpeg,"""Big men run from tiny spider. Not actually raiding."""
1n8q25b,2025-09-04,images/1n8q25b.jpeg,"""On November 12th, 2012, YouTuber LifeAccordingToJimmy (Jimmy Tatro) posted a video titled ""Don't Stop the Music,"" which included a skit based on the awkward moments caused when the music suddenly stops at a party, and a story one is telling is overheard by others. In the sketch, the main character (played by Tatro) says to his friend how a doctor wanted to put a thermometer in his butt, followed by him joking, ""You can stick that thing in my mouth all you want but don’t stick it up my a--hole,"" as the music suddenly stops when it's unplugged, causing the partygoers (mostly girls) to hear him as they turn and stare at Tatro with shocked and disgusted reactions. The video gained over 4.6 million views, 54,000 likes and 2,000 comments in 12 years"""
1mz5q0u,2025-08-24,images/1mz5q0u.jpeg,"""you have a problem, you look for answers, but every result is related to the freaking song"""
1le038o,2025-06-17,images/1le038o.jpeg,"""Hugh Laurie doesn't know why people keep telling him that their sink is leaking."""
1k91wcd,2025-04-27,images/1k91wcd.jpeg,"""Javascript is not Java. They are different languages."""
1ce4d10,2024-04-27,images/1ce4d10.jpeg,"""It’s a commonly held belief that the “trickle down economics” strategy introduced in the Regan administration was the policy that snowballed over the next decades into the poor socioeconomic situation that afflicts the US today.  The joke here is that men and women agree that had the assassination been successful, life would be better now and financial disparity would be lesser than it is now Edit: I am not saying that I agree with this. Merely speculating on what this meme might be implying"""
1k5a33w,2025-04-22,images/1k5a33w.jpeg,"""This is a variation on an older meme where the factory owners are pushed out and none of the workers know how to run a factory. Except in this version they all know how to run a factory because that's literally their jobs."""
1fx7rvh,2024-10-06,images/1fx7rvh.jpeg,"""Truly awful, awful, awful internet Celebrity named Jack Doherty crashed his McLaren while reading his stream’s chat instead of paying attention to the road while driving. He had his cameraman in the vehicle with him as well who was injured. As of today he’s been permanently banned from streaming on Kick.com for endangerment. People “who know” are unanimously glad for his accident. He’s also allegedly pressured young and underage women into doing Only Fans as well as instigates confrontations with innocent people only to involve his security if they fight back."""
1i4f0eg,2025-01-18,images/1i4f0eg.jpeg,"""Elsa's voice actress sings Defying Gravity"""
1iui9i0,2025-02-21,images/1iui9i0.jpeg,"""He sent all the Indians to India and now his wife Usha Vance must go too"""
1geu0ro,2024-10-29,images/1geu0ro.jpeg,"""I think it just means that fun situations (like going on an overseas trip) always seem to pop up when you’re broke and can’t afford it."""
1908c6z,2024-01-06,images/1908c6z.jpeg,"""Good food on a navy surface ship means something the crew really won't like is about to happen"""
18wrz6s,2024-01-02,images/18wrz6s.jpeg,"""Hair transplants + teeth implants are apparently cheap in Turkey. I know a guy that went there for both and he is not even close to be 40."""
1erek07,2024-08-13,images/1erek07.jpeg,"""JK Rowling a while back posted a photo of herself in her home. In the background of said photo there appears to be black mold growing on the walls."""
169oqq5,2023-09-04,images/169oqq5.jpeg,"""The punchline is supposed to be the state of Minnesota but that's a picture of Oregon."""
1mf9u56,2025-08-01,images/1mf9u56.jpeg,"""The demon took control and instantly realized something was wrong with the vessel and took it to a doctor"""
1fs6ndo,2024-09-29,images/1fs6ndo.jpeg,"""Tyranids avoid two things , demon and necron. Tbf thé latter are probably a better news than the nids"""
1ea5yhw,2024-07-23,images/1ea5yhw.jpeg,"""It's less professional than a navy, gray, or black one. Certain Obama opponents tried to blow it up into a scandal. This post is poking fun at those people for losing their mind over what is in the and a perfectly acceptable suit."""
182mu9x,2023-11-24,images/182mu9x.jpeg,"""Theres a stereotype of Italians hating it when people break their spaghetti noodles before cooking them"""
1j6k0nf,2025-03-08,images/1j6k0nf.jpeg,"""Scott's Tots. The Office has an episode where 10 years prior Michael promises kids free college tuition if they graduate high school then has to awkwardly tell them he's poor"""
1kalfz6,2025-04-29,images/1kalfz6.jpeg,"""It means that his wife probably cheated on him with his best friend"""
1iad0kh,2025-01-26,images/1iad0kh.jpeg,"""Freud had ideas about how our relationships are always coloured by the first relationship we had with a person of the other sex, our father or our mother."""
1asrnb3,2024-02-17,images/1asrnb3.jpeg,"""The black car is the Impala (aka “Metallicar”/“Baby”) from *Supernatural*, a show about two brothers who hunt down paranormal phenomena like ghosts, demons, etc. The Mystery Machine, of course, is Scooby Doo and the Scooby Gang, who hunt down ghosts and other various monsters. If they’re both in the same place, some haunted stuff is going down. They actually did a crossover episode called *ScoobyNatural* back in 2018. It was hilarious and phenomenal."""
1n4gbgg,2025-08-30,images/1n4gbgg.jpeg,"""It's a joke about an SCP story / autism. SCP 7179 is, I guess you might say, a horror story about an afterlife where you're stuck on an idyllic tropical island with perfect weather, perfect health, and three constructs with the appearance of people you're attracted to and are completely loyal to you, but have no will/ personality. The man observed over the course of many, many years, however, eventually goes crazy because it's  crushingly boring after just a few hundred years, and there's a natural limit to the number of things you can do, or try to do, in such a limited environment and with no one to interact with. After millions of years, the man observed becomes completely unresponsive in any way, with no end in sight. It's honestly kinda dark. The joke, to my eye, is that since one of the most well known/ common symptoms/ traits of being autistic is really, really, really liking having routines and regularity, it's basically saying that an autistic person would NOT lose their mind in the SCP 7179 scenario, and just enjoy the situation, since they wouldn't be negatively affected by the repetition/ lack of new stimuli."""
18xoxdh,2024-01-03,images/18xoxdh.jpeg,"""I was going to mention stack overflow then I read the actual title.  Please allow me to explain... Whenever someone asks a question on stack overflow, most people respond with condescension instead of answering the question And the unfortunate reality is that the answers to the question may have been in another post, so people tend to be very unkind to individuals who are unable or unwilling to do basically research The answer to these types of questions is usually condescension and immediate deletion of the question because it is marked as a duplicate This is basically low level programmer humor I hope this explanation helped"""
1kehvhj,2025-05-04,images/1kehvhj.jpeg,"""I can't recall which Greek philosopher this is specifically referring to, but a good deal of them were only known by essentially pen names or practically usernames. Plato just means ""Broad-shouldered"" and dude was jacked; he was purported to have settled arguments that went too far and overlong just by *flexing*. EDIT: a more correct answer is connected to the image representing a Roman emperor, rather than a Greek philosopher forum. I rushed in, but it started an interesting discussion."""
1fmvqur,2024-09-22,images/1fmvqur.jpeg,"""Some people have a gene that makes cilantro taste like soap. I have that gene so I don’t know what it tastes like, it tastes like soap to me."""
1g8mx12,2024-10-21,images/1g8mx12.jpeg,"""So this is comparing the Emperor from Warhammer 40K being a bad dad to the Primarchs to the crazy guy from Planrs Vs Zombies. I’m guessing it’s just supposed to be a humorously saying that the Crazy Guy created the plants in the same way the Emperor made the space marines."""
1d9ip08,2024-06-06,images/1d9ip08.jpeg,"""It is a movie/book referrence. ""***The Indian in the Cupboard*** is a 1995 American family fantasy film directed by Frank Oz and written by Melissa Mathison, based on the 1980 children's book of the same name Lynne Reid Banks. The story revolves around a boy who receives a cupboard as a gift on his ninth birthday. He later discovers that putting toy figures in the cupboard, after locking and unlocking it, brings the toys to life."" Fun fact: The title of the story didnt came to my mind, so I googled ""Indian in a cupboard"" and was surprised anbout this very literal title"""
1jy5h3e,2025-04-13,images/1jy5h3e.jpeg,"""The joke is that astrologers state traits that are shared by everyone as unique to a certain sign. For example, easily irritable when hungry? Such a Pisces thing to do"""
1kozyll,2025-05-17,images/1kozyll.jpeg,"""The joke is that the song (Anxiety by Doechii) is overplayed/sucks, and the man is turning the speaker off or skipping it."""
1ic88xs,2025-01-28,images/1ic88xs.jpeg,"""She doesn’t use deodorant cause if she did she would’ve saw the money and would have grabbed it"""
1jhad2m,2025-03-22,images/1jhad2m.jpeg,"""FINALLY! My time to shine! Those are old ROBLOX ""Givers,"" sometimes called ""Venders"" or ""Dispensers"" They were a common sight at the end of racing games, like Death Run or Obstacle Courses (Obby's). They gave the winning players special powers, like flight, building, destruction, etc, which said winners would then use to grief others who were still trying to finish. Edit: these ones were specifically used to give the winning players ""paths,"" which created blocks under their feet, allowing them to walk on air. Also still used for griefing. Credit to u/YellerSpottedLizard for the ""paths"" update"""
1bhaz0e,2024-03-17,images/1bhaz0e.jpeg,"""Buildings don't have 13th floors in many places because the number is bad luck. Obviously there is a 13th floor but the labels skip from 12 to 14. The joke here is in the future 45 will be an unlucky number as well because Trump was the 45th president, and buildings will follow the same protocol as they do for 13."""
1ku0frm,2025-05-24,images/1ku0frm.jpeg,"""Nothing. The answer is teapot."""
1ka6jiq,2025-04-28,images/1ka6jiq.jpeg,"""This is referencing the Telephone game. > ...an internationally popular children's game in which messages are whispered from person to person and then the original and final messages are compared. The original soldier's message had been passed on so many times that the message ""I love ~~you~~ her"" has now been delivered as ""I Rub Birds""."""
1i6a88o,2025-01-21,images/1i6a88o.jpeg,"""The people who want to “fix” the world, or do things like make it orderly, tend to be tyrannical villains, at least in these sorts of genres."""
1c175gf,2024-04-11,images/1c175gf.jpeg,"""It's basically about how nuclear energy is almost universally despised by environmentalists despite it being extremely clean and reliable source of energy."""
188hmpb,2023-12-01,images/188hmpb.jpeg,"""Pole = Person from Poland."""
1hudgc9,2025-01-05,images/1hudgc9.jpeg,"""Go post this on Wallstreetbets. They'll find it hillarious"""
1mahcad,2025-07-27,images/1mahcad.jpeg,"""penguin also happens to be the name of a chocolate bar p-p-pick up a penguin ](https://youtu.be/fI0Fa66h6Qo?feature=shared)"""
1fq1qb9,2024-09-26,images/1fq1qb9.jpeg,"""The pain of regret cuts deeper than the pain of discipline."""
1lkox24,2025-06-26,images/1lkox24.jpeg,"""It’s the ending to Dumb and Dumber….basically they are 2 intellectually challenged guys down on their luck, no jobs, lost everything, walking in the middle of nowhere when this bus pulls up next to them. The bus door opens and these 3 models come out asking if they know anyone one who would want to be their oil boys to rub them down between each competition. Instead of jumping on the opportunity, they tell the girls that there are probably a couple guys in the next town over. They then proceed to talk about how lucky those guys are going to be. Edit: not sure if it was post credits, but definitely the end of the movie"""
1mj26iu,2025-08-06,images/1mj26iu.jpeg,"""Its because he's a cheater cheater pumpkin eater."""
1hdbees,2024-12-13,images/1hdbees.jpeg,"""I believe that way of hitting the metal is called upsetting."""
15upbjf,2023-08-18,images/15upbjf.jpeg,"""Those are RCA cables. The yellow one is for video, white and red are audio. Van Gogh cut off a piece of his left ear, so he’s missing one of the audio cables. Beethoven was deaf, so he’s missing both audio cables. Stevie Wonder is blind, so he’s missing the video."""
1dtmedg,2024-07-02,images/1dtmedg.jpeg,"""The man is either presenting a puzzle (""find x"") or making an assertion (""7 + x is the same thing as 7 \* x""), and either way, the woman isn't having it."""
1cwrltm,2024-05-20,images/1cwrltm.jpeg,"""Cuz if a person is in danger and wants to call 911 but they don't want the person they are with to know they are calling 911, presumably because that person *is* the danger, they can pretend they are ordering a pizza and the 911 dispatcher will know to send police.  The dispatcher can ask yes or no questions and the caller can answer while still pretending they are ordering a pizza. That is a picture of moistcritikal."""
1e3q5dd,2024-07-15,images/1e3q5dd.jpeg,"""The bottom diagram is showing a process called “mewing”. It’s the act of positioning your tongue a certain way so not only is your jaw pushed forward (if you have an overbite), but the skin underneath your jaw is also tucked in a bit. It’s a method used by models to temporarily change their jaw shape into something more attractive, but it relies on your mouth remaining closed to do so. It’s become a sort of a meme in Zoomer/Gen Alpha communities where people think that mewing will change your face shape over time, yet this is not a proven method for the long-term. But it’s also a joke, symbolizing that those who shut up and continue mewing are chads because those who do not do it look ugly, hence the “crying wojak” image at the top."""
1hph3za,2024-12-30,images/1hph3za.jpeg,"""If i recall properly this was posted here in the past. Basically a lot of online recipes start off with some useless and oftentimes unrelated story before revealing the recipe. The poster makes fun of that using an exaggerated piece of information to reveal his awesome baked beef rigatoni."""
1bazqft,2024-03-10,images/1bazqft.jpeg,"""In ancient roman legions, a punishment for mutiny was ""decimation"" which literally meant randomly kill one in ten soldiers in the unit. ""Deci"" being latin for ten."""
16uuwk3,2023-09-28,images/16uuwk3.jpeg,"""It's a common trend on the internet to believe that one can't see John Cena or that he's invisible based on his catchphrase, ""You can't see me."""""
1kjg3vh,2025-05-10,images/1kjg3vh.jpeg,"""No, the joke is that each time they're asked or referencing it, the amount is going down as they are smoking it themselves hence the eyes on the close up"""
1m61khr,2025-07-22,images/1m61khr.jpeg,"""The earliest written customer complaints was from a guy in ancient sumer who got sold crapppy-quality copper"""
1do7yvv,2024-06-25,images/1do7yvv.jpeg,"""His wife thinks he was protecting her from hitting her head on the table, but really he was keeping his secret stash of money from being discovered."""
1muan3i,2025-08-19,images/1muan3i.jpeg,"""When you’ve finished work and taken the work keys home by accident"""
1g8raiu,2024-10-21,images/1g8raiu.jpeg,"""Pocket sand! Dale Gribble (the character pictured) uses pocket sand as a diversion/weapon."""
16h1wrg,2023-09-12,images/16h1wrg.jpeg,"""A plumber would see the word ""union-ized"". A chemist would say ""un-ionized""."""
1d0nows,2024-05-25,images/1d0nows.jpeg,"""ms. McCurdy there was a victim of sexual assault and she is doing great after the publication of her book. Ronnie radke was accused of sexual assault and his life is falling apart. the poster finds this connection comical and cathartic. (I actually do agree with this one, I hope jennette has a wonderful life.)"""
1m3s0a4,2025-07-19,images/1m3s0a4.jpeg,"""The Roman Eagles were the symbols of the legions and carried incredible symbolic and religious weight.  Losing 30,000 men in a battle? The Romans did that at Cannae and the Teutoburg Forest, among others. No big deal, they could just raise another army.  But losing the legion's eagle? That was the greatest dishonor a legion could suffer, and Rome was always shaken to the core when one was lost. Or three, as in the aforementioned Teutoburg Forest."""
16zvi3l,2023-10-04,images/16zvi3l.jpeg,"""The joke is that they played bands they like because they are now old enough to be in the target audience"""
1fcm1zb,2024-09-09,images/1fcm1zb.jpeg,"""Lyrics to Everlong:"" *The only thing* I'll *ever ask of you*. You've got to promise not to stop when I say when."""""
1l0pn3b,2025-06-01,images/1l0pn3b.jpeg,"""Turn off all lights in your room and put one source of light behind yourself. It's just extremely distracting when you need to focus on what's ahead of you. Lots of kids have memories of their parents telling them not to turn these lights on during the night, sometimes even dramatizing that'll cause an accident or that it's illegal"""
193it8r,2024-01-10,images/193it8r.jpeg,"""The astrologer told the king that they will die in a month, and then said that they will live for another 20 years, right before being beheaded by the knight. The knight successfully proved to the king that the astrologer can't even predict his own death, moments before it happens, so how effective could he be at predicting the king's death?"""
1dk358k,2024-06-20,images/1dk358k.jpeg,"""""when i tell the frankenstein is the name of the scientist, not the monster"""""
1ixuiml,2025-02-25,images/1ixuiml.jpeg,"""This is probably from wallstreetbets or something, and that red line is their money going down to zero."""
1hh0vwh,2024-12-18,images/1hh0vwh.jpeg,"""Okay y’all I’ll explain it: the lips invited the wrong cheeks to the face party and the mistletoe makes this mistake way funnier"""
15a2flm,2023-07-26,images/15a2flm.jpeg,"""With a new job, you can get days off by saying your grandparent died. You're new at the company so no one knows that they're already dead. Use up to 4 times."""
1ljrgbw,2025-06-25,images/1ljrgbw.jpeg,"""okay im chronically online so the real explanation is:  tier 1: tiktok trend where the girlfriend asks the boyfriend if they are going to pay for dinner, and the camera zooms into their purse that has nothing but lipstick, makeup, tampons, etc (no wallet). basically personifying being a princess and knowing that the boyfriend will pay, but asking as a courtesy anyways. tier 2: matcha is currently very trendy and very pricey (i.e. very girlypop drink and ""performative"", especially if you are a guy) tier 3: combination of these two trends in a very absurdist way; biasing mainly the first one, but with matcha instead of makeup products"""
1jd57jt,2025-03-17,images/1jd57jt.jpeg,"""Could be posted by a theatre worker. Usually when a screen has no tickets sold, we can shut down the projector or get it ready for the next movie and shut the doors so the ushers don’t have to clean. I remember my staff groaning so much when it’d be 5 minutes before we’re allowed to shut it down and someone buys a ticket."""
1eerszi,2024-07-29,images/1eerszi.jpeg,"""In the TV series The Office, Jim Halpert played by John Krasinski (left) plays a prank on his office mate Dwight, by trying to psy-op Dwight into believing that he (Jim) is and has always been an Asian man (the actor on the right whose name I do not know off hand). Jim even gets his wife (the office secretary/office manager) in on the joke and goes so far as to retake a family photo, subbing himself out for the actor on the right."""
1ex2gnv,2024-08-20,images/1ex2gnv.jpeg,"""There's a long-running joke that John Cena (who appears to be driving the Jeep) is invisible. He had a catchphrase ""You Can't See Me"" from his WWE wrestling career. People take it literally as a goof.   [Full explanation of the meme here](https://knowyourmeme.com/editorials/guides/what-is-you-cant-see-me-the-timeless-john-cena-meme-and-joke-explained)."""
1n6ohcl,2025-09-02,images/1n6ohcl.jpeg,"""He made ""rat utopia"": unlimited food, unlimited water. Problem.with the experiment was a lack of stuff to do for the rats. They basically had no entertainment and thus just banged most of the time. This led to another observation of the ""alpha males"" who got all the females because they would fight the weaker rats. The weaker rats lost almost all interest in the female rats some even let themselves be used by the alphas. You can read up on the behavioral sink. But the experiment was flawed as stated, heavily so. Some people nowadays try to tell you: ""Look that's why there are so many gay people now. Girls only go for the alphas. Society is collapsing."" by referencing this experiment"""
15vbd1p,2023-08-19,images/15vbd1p.jpeg,"""At first I thought this was her being pregnant but I'm pretty sure it's actually another dude hiding in the closet cuz she's cheating. The heartbeats would be closer if she was pregnant"""
1kc6xta,2025-05-01,images/1kc6xta.jpeg,"""There was an iconic moment in this interview. Well not an interview-interview, it was prank interview. Where the interviewer pretends he's bad at English.    The reference of this meme is:    **Interviewer**:  The photoshoot you do with Vogue magazine and cosmopolitan and..... Your hair changes dramatically, from short to long. DO you wear wigs?   **Elijah Woods**: No I DO NOT **Interviewer:** HAVE you worn wigs? **Elijah woods:** No I HAVE not **Interviewer:** Will you wear wigs? **Elijah Woods:** uhhh mayybee **Interviewer:** When will you wear wigs? **Elijah Woods:** \*Laughs hysterically dying inside\* [This is the Interview](https://www.youtube.com/watch?v=IfhMILe8C84)"""
1mk8rnt,2025-08-07,images/1mk8rnt.jpeg,"""People have been throwing sex toys on the court in WNBA games.  So this person is going to throw one at a NBA game."""
1bojwn9,2024-03-26,images/1bojwn9.jpeg,"""Perhaps that her parent have high-paying jobs and her hippy aesthetic belies her actual financial situation (trust fund)?"""
1m68ug3,2025-07-22,images/1m68ug3.jpeg,"""Unlike the rest of Malaysia, which largely consisted of Ethnic Malays, Singapore was more ethnically diverse especially with a large Han Chinese population. Not wanting to be influenced by the non-Malay population, Malaysia opted to remove Singapore. That’s the very very short and brief version of events. There is obviously more detail on the politics of the matter."""
1aqy5m7,2024-02-14,images/1aqy5m7.jpeg,"""The ""Jesus Gets Us"" superbowl ad, which shows people washing feet. The idea is that the people behind hegetsus.com should spend their money on charity, rather than for expensive commercials."""
1jg3hi7,2025-03-20,images/1jg3hi7.jpeg,"""The necklace is made of the meme is made of the necklace is made of the meme is made of the necklace"""
1isy4zt,2025-02-19,images/1isy4zt.jpeg,"""Why sounds like “Y” Cap only eats vowels, so the other person asked, What about Y?. Cap replies that he eats “Y”Sometimes"""
19egkxy,2024-01-24,images/19egkxy.jpeg,"""There’s a first half to this comic, where the man goes to space and thinks that people would be nicer to each other if they could only see earth from that view. It’s a play on the idea that astronauts who see earth from space are given a better sense of perspective about how small the planet is and how our divides are artificially made.  The man, however, immediately counteracts his own point by taking an elitist stance, thinking he’s morally enlightened and better than other people who haven’t seen earth from space. He had the revelation, but didn’t actually internalize its message. The comic then continues to show that people can be kind and loving to one another without ever seeing earth from space, showing that being kind is a choice you make. There’s nothing you have to do or see to make you be nicer to others, you just have to do it. People can see earth from space and not internalize kindness, people can never see earth from space and still be kind."""
1gboomw,2024-10-25,images/1gboomw.jpeg,"""Squawking 7500 signifies an aircraft being hijacked and could result in an aircraft being escorted by military forces"""
1jjvw9a,2025-03-25,images/1jjvw9a.jpeg,"""They are saying the mushrooms are a fairy circle, in mythology iron kills fairies."""
1dhf9h2,2024-06-16,images/1dhf9h2.jpeg,"""Donald Trump saying electric boats are heavy and will sink. You either get electrocuted by the battery or face a shark."""
1kcxst1,2025-05-02,images/1kcxst1.jpeg,"""It's about the Cod wars. Great Britain wanted to fish in Icelandic waters so the Icelandic navy put a stop to that. Then GB sent their fleet and thought that's be the end of that. Rule the waves and all that. Instead they got the everliving hell trolled out of them by the Icelandic navy and had to finally give up. If you search for it on YT you'll find some good videos on it. It's hillarious Edit: Because it has been mentioned - yes, YT has a piece on cod. In fact one could say that their cod piece is quite tantalizing"""
1jj9t5b,2025-03-25,images/1jj9t5b.jpeg,"""My guess here is that they're loading shotgun shells with Benadryl so when you shoot an intruder with them, rather than use a more ""traditional"" nonlethal option like rock salt or nails, they'd have hallucinations and seizures, which is the symptoms of a Benadryl overdose."""
1jaf822,2025-03-13,images/1jaf822.jpeg,"""This is one method used for document fingerprinting.  If you suspect that people are leaking information, you can use techniques like this to catch who copy/pasted information into external communications.  You can also use it to embed extra information in a document."""
1k9sq1s,2025-04-28,images/1k9sq1s.jpeg,"""She is part of a service and thats how they met. Miami has a lot of young attractive women who work in services that cater to old wealthy men."""
1jm74by,2025-03-28,images/1jm74by.jpeg,"""When it’s nice and warm, your scrotum is loose. When it’s cold, your scrotum tightens up."""
1cvso6z,2024-05-19,images/1cvso6z.jpeg,"""""Owner"" and ""Puppygirl"" are two individuals in a relationship where they roleplay as a dog and its owner. It's a kink, for the ""Owner"" to act as though they are essentially the dominant one in the relationship while the ""Puppy"" prefers to act as though they're owned by someone else and treated like a dog. The ""Owner"" pulling a resume out of the glove box implies that the ""Puppy"" is unemployed, and thus hasn't been contributing to the relationship outside of their kinky relationship. This would make sense, as actual dogs usually don't have to work for an income to pay for housing or food; they are just simply taken care of. They are taking the ""Puppy"" to apply for a job. I guess it's a play on how real-life dog owners take their dogs to the park on a normal day, but on this specific day, have brought them to be neutered. Except instead of a human with a dog about to get neutered, its two humans and one's about to be forced to apply for jobs. Edit: An alternative take, as a commenter pointed out to me, would be that the ""Owner"" is unemployed and the resume is their own. The joke would then be that the ""Puppy"" is upset at the notion of their ""Owner"" going to get a job because it means less time with their ""Owner"". Which means that I accidentally made a joke out of it. Oopsies.    Edit 2: Another alternative take is that the ""Puppygirl"" doesn't realize she's being broken up with because the ""Owner"" is telling her to get a job with the resume, hinting at the idea that she needs a job because the ""Owner"" is no longer going to be taking care of her."""
1efztwz,2024-07-30,images/1efztwz.jpeg,"""Bill is nickname for William Bills to pay sounds like Bill's toupee, which is a hair piece for balding men. """
1dlzvsx,2024-06-22,images/1dlzvsx.jpeg,"""The boots seems to be more detailed, so took more time to draw... That's all"""
1lfy05f,2025-06-20,images/1lfy05f.jpeg,"""It's about situational awareness. Listen with one ear to your music, or game and with the other to your surroundings. The meme implies a childhood where you have to be aware of your parents, but it's a habbit that translates to every situation were unpleasant things could happen. I'm 42 and still listen with only one headphone. Especially when I'm with my back to a door."""
15oof8t,2023-08-11,images/15oof8t.jpeg,"""The joke is that young girls keep asking their bfs stupid shit like ""would you still love me if I were a worm?"" A bunch of weird things can be slotted in there, but worm seems to be the most popular one.  The bouncer is crying because of the intense love he knows the man must feel for his ""girlfriend"" since they're still together despite her being now a worm."""
1e8xy5s,2024-07-21,images/1e8xy5s.jpeg,"""Wanted to be funny in high school --> clowned around --> bad grades --> mediocre job --> drive to work at 4am"""
1czson4,2024-05-24,images/1czson4.jpeg,"""It's a joke about different numbering systems. Think of binary, which is a base 2 system, wherein you only have the numbers 0 and 1. Comparing to our system (which we call base 10 btw), 0 in binary equals 0, 1 in binary equals 1, 10 in binary equals 2, 11 in binary equals 3, etc. But for an alien, 10 is 10. The point being that from an objective perspective, any numbering system (base 2, base 4, base 8, etc) would call itself ""base 10"" because 10 is still the reset number (base 4 might look like this: 1, 2, 3, 10, 11, 12, 13, 20, etc).   I suppose the joke is mocking an overly solipsistic perspective and reminding the reader to consider the universe from different points of view.  Edit for clarity: base 10 means there are 10 single digit numbers, so what we call base 10 has the numbers 0, 1, 2, 3, 4, 5, 6, 7, 8, 9. Base 4 means there are 4 single digits, 0, 1, 2, 3. But in both cases, the reset number will be 10, so the same, regardless of the fact that 10 represents different amounts in the different systems."""
1918ki4,2024-01-08,images/1918ki4.jpeg,"""There's layers here; First, the ""if it's brown, it's down"" line on the gun-plunger; At least in the US, if you're a hunter, you get an amount of tags you use to mark kills. Usually, you pay for those with that season/year's license, and they don't carry over into the next year/season. So, in regards to hunting, the phrase is used towards the end of the season, when you stop caring about getting a trophy worthy kill, and just start trying to ""fill your tags."" Another interpretation is just basic ""toilet humor."" Guns and plungers are both used to ""put things down."" So the saying attached to the gun-plunger is potentially just about ""putting down a turd (brown) with extreme prejudice."" Speaking of prejudice. We come to the third interpretation, and the most relevant, because it's the one that the poster is playing on. ""If it's brown (a person of color), it's down."" This is playing off the stereotype that a lot of gun store owners are racist. Then we have the response shown. *Get Out* was a movie that was basically ""racism incarnate."" (Avoiding spoilers) So saying *Get Out 2* is also playing off that third interpretation, that our opening poster is in a dangerous situation with racists. It's ""funny"" because while the chances of you actually running into a gun store owned by racists when having a bathroom emergency are low, they're never zero."""
1dfrh37,2024-06-14,images/1dfrh37.jpeg,"""Because the king can't safely move, the match is a stalemate"""
1ap3qmt,2024-02-12,images/1ap3qmt.jpeg,"""The Wizard presumably granted him the wish of meeting or having dinner with any historical figure. He chose Beethoven the dog but got Ludwig van Beethoven the composer instead."""
1d670z1,2024-06-02,images/1d670z1.jpeg,"""The classy, complex instrument father is handing his classy, complex instrument daughter to marry a basic street whistle who just happens to be shiny but will never produce music at the level of the bride and family."""
1aexlbt,2024-01-30,images/1aexlbt.jpeg,"""It’s a fork bomb: Here’s a breakdown of what the command does: 1.	() This defines a function named : (colon). 2.	{} This indicates the start and end of the function’s body. 3.	: (colon) inside the function: This is a no-op (no operation) placeholder. It doesn’t do anything but is necessary syntax for defining a function in Bash. 4.	| This pipes the output of the function (which is nothing) to another instance of the function. 5.	& This sends the command preceding it (another instance of the function) to run in the background. 6.	;  This terminates the definition of the function. 7.	: (colon) after the semicolon: This executes the function once. So, when you run this command, it defines a function that spawns a new instance of itself in an infinite loop, quickly exhausting system resources and causing the system to become unresponsive. The final : after the semicolon executes the function once to start the process."""
1m5qq8q,2025-07-21,images/1m5qq8q.jpeg,"""It’s dr. House from the med tv show"""
1ibz4bh,2025-01-28,images/1ibz4bh.jpeg,"""A brute force will go through every password once, this code means the first time you get it right it will return a wrong password so you have to enter it twice. Hence a brute force will only try once and then skip the correct password. I probably worded this horribly"""
1moj7hc,2025-08-12,images/1moj7hc.jpeg,"""Anne Boleyn was beheaded.  Telling her to duck is centuries too late."""
1e6m88u,2024-07-18,images/1e6m88u.jpeg,"""The bottom is Stevie Nicks and Lindsey Buckingham of Fleetwood Mac. They were a couple when they joined the band in the 70s. By the time of their classic album Rumours, they had broken up very acrimoniously. They started writing basically diss songs about each other for the album. Also, basically every member of the band beside Mick Fleetwood and John Mcvie (edit to make this more clear, the only members not sleeping with each other) sleeping together. There was also a lot of cocaine. They made a masterpiece.  """
174k7i0,2023-10-10,images/174k7i0.jpeg,"""The joke here is that Luigi is having an existential crisis because he found himself painted on a rock. In Mario games there are secrets like this that don't make any sense unless you are the player. For us it's quite normal but it must be quite distressing for Mario and Luigi to discover they are in a simulation."""
1lqpazn,2025-07-03,images/1lqpazn.jpeg,"""At some point, remains become fossils. But I think it throws the generally accepted theory that humans first crossed into the Americas \~15,000 years ago."""
1amtoff,2024-02-09,images/1amtoff.jpeg,"""Amazon does not hire 12 year olds, and 12 year olds cannot drive.  The potential panic this may cause whomever at Amazon, is hilarious."""
1ms7hs4,2025-08-16,images/1ms7hs4.jpeg,"""In the show Dexter, the protagonist Dexter Morgan is a forensic blood spatter expert for the police. He also moonlights as a serial killer, focusing primarily on people who ""deserve"" to die. He keeps trophies from each of his kills in the form of a drop of his victim's blood between two glass slides, and stores it in a box like that. During one of the seasons, he hid it inside an air conditioning unit."""
1j7mzha,2025-03-10,images/1j7mzha.jpeg,"""I hope this is a reference to the story I picked up while I was in gunsmithing school where they had pitched it as being the first gun that wasn't going to need any kind of maintenance and then didn't train or purchase any kits until they found that they were having a significant number of dead Marines being found next to disassembled m16s that were having significant issues and in fact did need maintenance and routine care.  And if that's not what this is all about when somebody does figure this out please tag me so I get the inbox item I do love these little niche knowledge items."""
1i6ymv5,2025-01-22,images/1i6ymv5.jpeg,"""He’s happy she wants to be like him when she grows up even though she looks more like mom"""
1h9qk3m,2024-12-08,images/1h9qk3m.jpeg,"""They're flying to Turkiye to get hair plugs; for some reason that country is the world capital for hair transplants."""
1jcvxw6,2025-03-16,images/1jcvxw6.jpeg,"""taking a picture of someone on a date to post on your twitter account that you’re paying for is the real red flag here"""
18d37io,2023-12-07,images/18d37io.jpeg,"""The husband interpreted <3 as ""less than 3"" instead of a heart emoticon"""
1iuuulu,2025-02-21,images/1iuuulu.jpeg,"""Old arcade games with plastic gun controllers made you shoot offscreen to reload"""
1jvfqgq,2025-04-09,images/1jvfqgq.jpeg,"""Modern fighters have the radar cross-section of small objects like golf balls or bumblebees. The F117 had a stupidly small radar signature. """
164v3oo,2023-08-29,images/164v3oo.jpeg,"""If you squint it looks like the painting ""girl with a pearl earring"" The shirt of the girl on the left is the face."""
1n68buk,2025-09-02,images/1n68buk.jpeg,"""Silksong."""
1lq3p3j,2025-07-02,images/1lq3p3j.jpeg,"""The lobster is wearing a kippah (the black hat), signifying he is Jewish. The joke being that despite having absurd luck in finding someone beautiful who is looking for a lobster-headed man, a difference in religion is what makes it not work out."""
1ip0ht2,2025-02-14,images/1ip0ht2.jpeg,"""Looks like the Third Impact from Evangelion to me. One of the portrayals of the Third Impact is a lot of light crosses sticking out of the ground. Also, consider that the tweet is by a Japanese user."""
1khvtur,2025-05-08,images/1khvtur.jpeg,"""I'm assuming he's killing games to make room for a new one."""
18ae5ry,2023-12-04,images/18ae5ry.jpeg,"""Ok buckle in for this one. The name of the owner of the store is Sneed. The suffix -eed is used for all three words.  So, if you replace Sneed with Chuck and follow the same formula of using the suffix of the owner’s name along with two words that follow and begin with F and S… You end up with Chuck’s Fuck and Suck  At least that’s what I remember the theory about this one being…"""
1isa49u,2025-02-18,images/1isa49u.jpeg,"""Reservation is both the word used when you book a table at a restaurant and also for the area Native American tribes were given to live in."""
1jvn2sr,2025-04-10,images/1jvn2sr.jpeg,"""Veins being clear and visable to draw blood from."""
1eilsjt,2024-08-02,images/1eilsjt.jpeg,"""This is a scenario often referred to as ""the dog caught the car"".   The construction worker catcalled a random woman as a sign that he found her attractive. The woman was unexpectedly wooed by this and went home with him, where he didn't know what to do now that he had her.    To a dog, barking and chasing cars they know they can't catch is instinctual."""
1fjfblb,2024-09-18,images/1fjfblb.jpeg,"""I haven't seen anything related to Dave the Barbarian in so long. It's a really old disney show.I don't know what the insomnia part is about though"""
1mhtv4z,2025-08-04,images/1mhtv4z.jpeg,"""It's from the song ""Little piece of Heaven"" by Avenged Sevenfold. The song is mainly about a guy who gets super paranoid of his girl not wanting to marry him, so he kills her and... ""uses"" her body until it gets possessed by a demon and then said demon does to him what he did to his girl."""
16k7baz,2023-09-16,images/16k7baz.jpeg,"""I think they meant after 27 years together, you're for life and when your partner says you're done you just laugh it off like ""ok I'll see you after work"""""
1j73grd,2025-03-09,images/1j73grd.jpeg,"""reference to meme about an immortal snail who kills you when it touches you and slowly chases you down for all eternity"""
1kahker,2025-04-29,images/1kahker.jpeg,"""idk if its just me but guess not, but sometimes when eating eggs (usually scrambled) halfway through it just starts tasting weird despite literally nothing changing, and then you don't want to eat it anymore."""
15gdv3c,2023-08-02,images/15gdv3c.jpeg,"""Morning after pill"""
1f16w9p,2024-08-25,images/1f16w9p.jpeg,"""it's a prank device that give you a small shock when you try to take the gum"""
1et8l0q,2024-08-15,images/1et8l0q.jpeg,"""I think the joke is that they typed in their calculator app by accident rather than setting their alarm clock."""
1ajx3sn,2024-02-06,images/1ajx3sn.jpeg,""" It's a rickroll. Never gonna give you up, never gonna let you down"""
1cynp2h,2024-05-23,images/1cynp2h.jpeg,"""This is a reference to Detroit: Become Human, a game in which you play as three androids, Markus, Kara, and Connor, in a future where androids are commonplace in society. Markus is a caretaker for Carl, the elderly man in the top of the photo, and is regularly asked to play the piano for Carl. Kara is a sort of maid for Todd. She is treated extremely poorly and becomes a sort of mother figure for Todd's daughter, Alice. Connor works for the police force in the main story, aiming to investigate the recent events surrounding ""deviant"" androids; androids that have rebelled against their programming/intended purpose. During the game, you have an intricate amount of decisions to make that alter the outcome of each chapter, and the ending drastically. Carl is friendly towards Markus, and the two have a strong relationship, so Markus usually has calmer decisions in the story (at least early game.) Todd forces Kara to do essentially everything around his house, so the two aren't particularly on equal terms throughout the story. Connor's partner, Hank, grows closer to Connor during the story, and as a member of the police force, Connor's actions during the plot usually have more dire consequences, which explains the final panel."""
19bj5k2,2024-01-20,images/19bj5k2.jpeg,"""Explaining 15 is 3 more than 12. It’s implying that the generations are getting dumber and dumber."""
1l79lv3,2025-06-09,images/1l79lv3.jpeg,"""Lots of furries want to wake up as an actual one, but if they did they'd probably be kidnapped and taken for testing very quickly."""
1l1hxof,2025-06-02,images/1l1hxof.jpeg,"""It is a viral video. Some college kids decided to have a party and this woman showed up to hang out. They didn’t know who she was so they asked her what she was doing there. She refused to answer and the video ends with them deciding to call the police."""
16db363,2023-09-08,images/16db363.jpeg,"""He's trying to get is astrological chart made, and he needs the time and place of his birth to do so. The girl is implied to be really into astrology, which is a red flag somehow to this mother"""
16l57ay,2023-09-17,images/16l57ay.jpeg,"""Italians don’t like when you break the spaghetti like that. Cop’s lights are Italian flag. He’s a mad!"""
1df3nh8,2024-06-13,images/1df3nh8.jpeg,"""Well, think about who traditionally makes/eats bagels. Then remember what Germany was doing in the 1930s-40s, and now you know."""
1haf45x,2024-12-09,images/1haf45x.jpeg,"""Browser history was cleared."""
1fzh8sa,2024-10-09,images/1fzh8sa.jpeg,"""The incident the text is referring to is considered to be the business move that kicked off ""microtransactions"" as a common thing in video games. Many gamers consider the practice to be seriously degrading the quality of games for a variety of reasons.    The picture is of actor Cillian Murphy in the Oppenheimer biopic from 2023. One of Oppenheimer's most famous quotes is him saying ""I am become death, the destroyer of worlds"" when research on the atomic bomb was successful, research he greatly contributed to.  The joke is saying the person who kicked off microtransactions might have had the same reaction when they watched their decision birth microtransactions in video games."""
1ijv4xn,2025-02-07,images/1ijv4xn.jpeg,"""Beaver sees water Beaver hates the sound of running water Beaver says ""oh, absolutely not"" with the rage of a thousand suns burning in his soul Beaver goes to build dam to stop the running water"""
1bpefe3,2024-03-27,images/1bpefe3.jpeg,"""4U2PN2 For you to pee in to And it's on a urinal."""
1ev8gk1,2024-08-18,images/1ev8gk1.jpeg,"""The joke is that the person is taking the bug outside to where he thinks it belongs/prefers, but the bug would actually prefer to be indoors and thinks outside sucks."""
1h52vkf,2024-12-02,images/1h52vkf.jpeg,"""People have been reporting that when you give ChatGPT a prompt that involves David Mayer it breaks the session.  Nobody seems to know why yet, some are saying it is because he had his info pulled, but because he is a Rothschild people are coming up with all sorts of conspiracy theories."""
1d5ctoe,2024-06-01,images/1d5ctoe.jpeg,"""Dragon Ball is absolutely massive in Latin America, especially in Mexico.  The joke is that Hispanic audiences are gravitating more towards Dragon Ball than they are films like Coco and Encanto which are all about latin culture and have main casts made up entirely of latinos."""
1iv0i8s,2025-02-21,images/1iv0i8s.jpeg,"""He puts a yellow cap on his black sharpie so nobody steals it. Nobody wants a yellow sharpie."""
1gzju1j,2024-11-25,images/1gzju1j.jpeg,"""The implication is that because Ralph looks like Eddie, that Wiggum isn't his real father."""
1e1nd1x,2024-07-12,images/1e1nd1x.jpeg,"""Shows the Democrats edging out Republicans in the vote after it looked like Republicans would win in 2020. It shows a similar trajectory for the 2024 vote, but from even further behind."""
1lic6dn,2025-06-25,images/1lic6dn.jpeg,"""It's the fact that 1/  the X-ray has been taken with absolutely no appropriate preparation, hence all the clothing/metal strap clips/wires obscuring bits of the X-ray we'd usually look at 2/ a whole-body X-ray has been taken which has almost no useful purpose outside of a formal scoliosis assessment, and has irradiated the person for no good reason. 3/ this is probably not a diagnostic x-ray anyway- it may well be a CT 'scannogram' taken as a scout image in the process of planning a CT.  In which case, things like clothing etc are not necessarily removed, especially if the CT is being done as part of a trauma assessment."""
1d3ktkw,2024-05-29,images/1d3ktkw.jpeg,"""Pretty sure those are socks they give you in a psych ward. Not 100% though."""
1cgra5p,2024-04-30,images/1cgra5p.jpeg,"""Answer: Governor of South Dakota Kristi Noem is in the news as a possible Vice Presidential candidate. People started looking closer at her and apparently she admitted/bragged about shooting her family dog in her memoir."""
1c38j1b,2024-04-13,images/1c38j1b.jpeg,"""It's a wild story. Dude has this life with his wife and kids, seems typical lovely life, but one day, the father notices the lamp looking sort of fuzzy. Everything else looks normal, but the lamp is just somehow distorted fuzz. He can't help but stare at it. He plays it off as a headache, or whatever, and doesn't tell anyone. Eventually the fuzz gets bigger, and more engrossing. Then the father wakes up, he's had a head injury, but within the unconsciousness, he lived this whole long life; doesn't have a wife or kids, all a long dream life"""
1inxmb2,2025-02-12,images/1inxmb2.jpeg,"""picture of a guy, top text, bottom text. therefore, meme"""
1fyp2ts,2024-10-08,images/1fyp2ts.jpeg,"""I imagine it’s supposed to mean his wife cheated on him and is buying Plan B."""
192dxzy,2024-01-09,images/192dxzy.jpeg,"""The big M&Ms have peanuts in. The little M&M in the wheelchair is the same colour as the car in the first panel. Red rammed into and killed Mr. Peanut on purpose so that there would be a donor organ available for his best friend's surgery."""
1n8budq,2025-09-04,images/1n8budq.jpeg,"""My milkshake brings all the buoys to the yard"""
1kgak2u,2025-05-06,images/1kgak2u.jpeg,"""No it means that alot of bird species the males are more beautiful and colorful"""
18qkcie,2023-12-25,images/18qkcie.jpeg,"""On GTAV when you switch control to one of the 3 protagonists, if they're not presently *with you*, the game will cut to them up to some sort of in-character antics, giving the impression that they live their own lives even when you're not watching. Such as hanging out with their respective friends or at a restaurant or whatever. In Trevor's case, he'll often be waking up after a night of drinking in a bizarre location wearing a dress or nothing but pants. edit - I don't need a thousand and one GTAV anecdotes of what I just described, thanks."""
1ct1rx4,2024-05-16,images/1ct1rx4.jpeg,"""A standard insult for him on Xbox live game chat is to claim to have slept with the other person’s mother (usually a pre-teen/teenager). Instead of them being upset, they’re happy at the idea of having a dad, implying they don’t have one or know who he is."""
1fvhfc7,2024-10-03,images/1fvhfc7.jpeg,"""Top: happy because he doesn’t see any AI-generated images Bottom: realizes he isn’t seeing AI-generated images because their improving quality makes them impossible to distinguish from real images."""
1k3rsxb,2025-04-20,images/1k3rsxb.jpeg,"""the meme is about how the creator is tired of constant self-censorship of words that they think don't deserve such treatment"""
1krwgy4,2025-05-21,images/1krwgy4.jpeg,"""Its a surge, usually when people are about to die they suddenly get exponentially better before perishing soon afterwards"""
16cp591,2023-09-07,images/16cp591.jpeg,"""The left is a marine uniform costume, the right is a crayon. It is a meme that marines eat crayons."""
1ltchtv,2025-07-06,images/1ltchtv.jpeg,"""This is a reference to ""The Hitchhikers Guide to the Galaxy"", in which a whale and a bowl of petunias are suddenly called into existence several miles above the surface of a planet."""
1iloocw,2025-02-09,images/1iloocw.jpeg,"""Apparently it was his day off when everyone in the castle was cursed into furniture and household objects. Everyone is resenting him for being human."""
1mubgk9,2025-08-19,images/1mubgk9.jpeg,"""I had to pay for college so you should bleed too. I was hazed in the military so you should have to go through that too. I had ... now we can easily divert it, and we should, but is it fair to all those that had to go through it."""
1iquxse,2025-02-16,images/1iquxse.jpeg,"""Bagels are Jewish. Germany is famous for at least one major incident of not being very hospitable to Jews."""
1ci3s0c,2024-05-02,images/1ci3s0c.jpeg,"""The world doesn't always make sense at first glance"""
1m6piue,2025-07-22,images/1m6piue.jpeg,"""Fascism in part involved the direct control of commerce and industry by the government, a famous quote form Churchill complemented Mussolini on his control of the railways, saying ""at least they run on time"""""
1mst69p,2025-08-17,images/1mst69p.jpeg,"""He is Chinese. I live in China, my wife is Chinese and she told me that a mirror facing the bed is extremely bad luck, bad feng shui, and an invitation to be haunted."""
1f9k64j,2024-09-05,images/1f9k64j.jpeg,"""The day shift nurse is obtaining and documenting that they are administering narcotics to a patient. A nurse on a different shift ran a urinalysis. The results indicate that the patient hasn’t been receiving narcotics. That means the day shift nurse is likely taking the narcotics and keeping them."""
1dq3m5p,2024-06-27,images/1dq3m5p.jpeg,"""Whoever guesses closest gets the jar of wasps. This is a prize no one would want so the contestants put the biggest numbers they can think of. One does the symbol for infinity which if you turn on its side is 8, which is the closer compared to the other answers."""
1huqauz,2025-01-06,images/1huqauz.jpeg,"""Absolutely every single human with a pulse calls the it the ""X"" button regardless of console. PlayStation insists that it's actually called ""cross"" on theirs for some reason and is politely corrected with a Futurama meme."""
1lcyhl6,2025-06-16,images/1lcyhl6.jpeg,"""Two things, but they might be wrong: Apple users have blue bubbles as some kind of ""elite"" thing. There are green bubbles so she shouldn't have the ability to use FaceTime unless other devices.  Also, he might be lying and ~~working~~ porking the mother, meaning she's also lying.  Edit: I've only been told 24 times that you can change colors and FaceTime android people.  That's not enough times for me to understand, so keep telling me.  Maybe 45 times will be sufficient."""
1mdjvu8,2025-07-30,images/1mdjvu8.jpeg,"""NO ONE EXPECTS THE SPANISH INQUISITION """
1cxn545,2024-05-22,images/1cxn545.jpeg,"""Most kinds of energy are just a complicated version of boiling water yeah. Fossil fuels, bio electricity, even some kinds of solar generators are all based on heating up water"""
1czi5mg,2024-05-24,images/1czi5mg.jpeg,"""Any time I am cooking spinach, I add until I feel ""this is definitely too much spinach"" then I keep adding a couple more handfuls because it's never enough. Fresh spinach cooks down to something like 10% of its original volume."""
1kjlggg,2025-05-10,images/1kjlggg.jpeg,"""The clerk didn't ring up all the items, effectively letting the customer steal food. The comment underneath jokes that they do the same thing at self-checkout, since you can just skip scanning some of your items for a cheaper checkout price."""
1iviosb,2025-02-22,images/1iviosb.jpeg,"""Throughout the history and prehistory of England one group of people replaced another, on it goes. The Neolithic farmer in the burial pit was ‘replaced’ by the Beakers who were inturn replaced by Celtic tribes, then Anglo Saxons and so on….."""
18gp01r,2023-12-12,images/18gp01r.jpeg,"""They look like the kids from Superbad"""
1b03bqv,2024-02-26,images/1b03bqv.jpeg,"""we's making up states to mess em up badly"""
1fm0tjo,2024-09-21,images/1fm0tjo.jpeg,"""Someone feels old because they remembered Y2K was a thing."""
170xvaz,2023-10-06,images/170xvaz.jpeg,"""He's going to hang upside-down with his feet at the surface of the water, and drown since his head is underwater"""
1k4ukvi,2025-04-22,images/1k4ukvi.jpeg,"""Target is known for using models that look more like the average person versus the super pretty models other use. So for someone trying to get into modeling, it may seem an insult that only Target thinks you're ""pretty"" enough."""
1hqtnop,2025-01-01,images/1hqtnop.jpeg,"""An infamous advertisement in Britain saying that the government will be providing for the needs of homeless people, but it reads like they will mutilate them instead: ""We plan to cut homeless people in half in 2025."""""
1jkfsok,2025-03-26,images/1jkfsok.jpeg,"""This is a game called ""Mancala""  It roughly sounds like ""Man, call her"""""
1k2jswj,2025-04-19,images/1k2jswj.jpeg,"""There’s a tweet a couple months ago that said “What celebrities would look like if they took The Substance” (from the movie of the same name that came out last year). The movie is about taking a chemical that makes a second, young and hot version of yourself that you put your conscience into. Anyways, someone replied that Hilary Clinton would be Sabrina Carpenter, and the tweet in the screenshot was posted like a day later."""
1b1xij7,2024-02-28,images/1b1xij7.jpeg,"""The guy had to pretend to be white to be treated well at the bank. The phrase “what had happened was” is associated with African Americans. The “close one” was the bank almost realizing he’s black, which might have led to worse treatment."""
1cdelna,2024-04-26,images/1cdelna.jpeg,"""Search Google for something like “Kylie Jenner before lip filler”  Since Timothée and Kylie have naturally small lips, the joke is saying that their rumored child won’t have lips"""
1n1m5be,2025-08-27,images/1n1m5be.jpeg,"""All the time All the time God is good Its a call and answer phrase thats common in churches."""
1m1baks,2025-07-16,images/1m1baks.jpeg,"""No Mother’s Day or Father’s Day on it"""
1dmjton,2024-06-23,images/1dmjton.jpeg,"""You have to write a big paper for your PhD. Then experts in the field at your university try to pick it apart and find any errors with it. Did you consider this? Did you consider that? Did you replicate these results? Stuff like that. When you defend your PhD, you go into a room and they ask you all those questions and see if you have a good answer to them all. Or something like that idk"""
1b4sale,2024-03-02,images/1b4sale.jpeg,"""Even the joke Yogurt makes in Spaceballs predicted everything in the Star Wars Movie franchise after the Original 3. """
1m4v7h5,2025-07-20,images/1m4v7h5.jpeg,"""to save memory computers would only store two digits for the year, so 1999 was just 99. the concern was that when it jumps from 99 to 00 that would cause all sorts of issues and bugs with the computers and many even thought all the computers would crash, planes would fall out the sky, etc Edit: as many replies pointed out, I should add that a big part of the reason why barely any issues occurred was because a lot of work was put in leading up to the date that prevented major issues."""
1mjargr,2025-08-06,images/1mjargr.jpeg,"""Police shoot like 30 dogs per day in the US, so he's going to shoot the dog to prove hes a cop."""
1kuttgh,2025-05-25,images/1kuttgh.jpeg,"""The original version of the meme had the woman being complimented in the same way by the two men. She says ""Awww, you're sweet"" when the attractive man compliments her, but calls HR when the plainer one says the same thing. I take it that the joke here is that, unlike the woman, he's just happy to receive a compliment and doesn't care who it's from."""
1lvz0c7,2025-07-10,images/1lvz0c7.jpeg,"""It’s also very confusing given they are all animals yet only two are anthropomorphic"""
16dwbk6,2023-09-09,images/16dwbk6.jpeg,"""During a long but interesting phone call one often finds themselves doing goofy shit like putting their legs straight up or balancing random stuff in their hands."""
1m73zhh,2025-07-23,images/1m73zhh.jpeg,"""It's a running joke that anytime Trisha Paytas gives birth, a famous person dies. And some jokingly say the dead person reincarnated as the child. The other time this happened and the origin of the meme: Trisha went to labour in 2022 shortly after Queen Elizabeth died. The internet theorised the queen was reincarnated as Trisha's child."""
1l1gvw1,2025-06-02,images/1l1gvw1.jpeg,"""Nintendo recently updated their terms of service to say they have the right to brick your Nintendo switch at any time if they detect or suspect you have tampered it or modified it. The EU is very pro consumer and will probably fine Nintendo for it as you own the device and should do as you want with it.  Although the TOS for EU is different than the rest of the world"""
1jxsky5,2025-04-12,images/1jxsky5.jpeg,"""Girls summon a demon, demon ends up at boy's sleepover. This was a meme on its own, spoofing the original meme where girls' sleepovers are more 'normal' by having the weird thing the boys are doing be directly caused by the girls. Creator adds onto this meme with the non-binary people at sleepovers part, though I can't tell if the creator is saying that non-binary people are demons or just that demons are inherently non-binary."""
1kppldl,2025-05-18,images/1kppldl.jpeg,"""if anyone wants to know, the German translates as ""THIS CHAT IS PROPERTY OF THE FEDERAL REPUBLIC OF GERMANY"""""
1fo91u1,2024-09-24,images/1fo91u1.jpeg,"""The Logo designer normally charges 350$ But the person asking for the logo has a budget of 800$ 800$ is more dollars than the 350$, this is an important fact which can be easily overlooked.  So just about as the logo desinger was to send their message they see this. And after doing a bit of math and self refelection they think to themselves.  ""hmm, I could also charge 800$ as that is more than 350$"" Which will allow the logo desinger to buy more peanuts.  Peanuts are tasty.  Also shrek is there for the 'hold on a moment' thing and obviously for the sex appeal."""
1623gip,2023-08-26,images/1623gip.jpeg,"""i think this is one of those jokes where you make like 7 very logical steps in your head and then make a joke based of that but anyone that isnt you personally has to do some insane mental parcour to even begin to understand what youre getting at."""
1k3283x,2025-04-19,images/1k3283x.jpeg,"""Wow, are people seriously missing this one? Okay then... In lots of TTRPG horror stories a common theme is the DM (or one of the other players at the table) being overly horny and trying to seduce every NPC they can find. Games ran by DM's like that tend to be poorly concealed self wank sessions where the DM is more interested in roleplaying out whatever strange fetish fantasy they have instead of diving dungeons, fighting dragons or any other traditional fantasy story type experience. The punchline for this comic is this; The girl is pretending to be excited about this DM's very obvious self wank session by repeatedly asking him red flag questions, this causes the DM guy to respond enthusiastically because he's under the impression a hot goth girl will be attempting to engage in sexually themed roleplay with him in his game. The girl then reveals she was being sarcastic and isn't interested in a game that's just a poorly concealed attempt to be horny on her by throwing the papers and stuff back in his face. Its not a jab about how people who play TTRPG are ""nerds and losers"" like one other commenter mentioned   (That perspective has been dead for years now, seriously behind the times.)"""
1hhhdme,2024-12-19,images/1hhhdme.jpeg,"""That’s Dubai."""
1avnhid,2024-02-20,images/1avnhid.jpeg,"""The larger meta point is that years from now, someone will uncover the artifacts of ...let's call it ""rapid meme prototyping"" where if I show you seven pepper shakers one one salt shaker, you still know what I mean, or loss, or all these kinds of things. Where the actual artifact doesn't even have to make sense or be funny, because we're laughing at the syntax.    Star Trek: The Next Generation had a whole episode about this that's \*also\* its own meme format.    Okay, I'll just lay down and take a nap now."""
1mcc5y7,2025-07-29,images/1mcc5y7.jpeg,"""The tagline for the movie was “in space no one can hear you scream”"""
1gllkyw,2024-11-07,images/1gllkyw.jpeg,"""Here in Europe we have a law that states the cap must remain attached to the bottle to reduce plastic waste."""
1f1m7f9,2024-08-26,images/1f1m7f9.jpeg,"""Walt was holding someone hostage. He brought him food.  He blacked out. Dropping the plate shattering it.  When Walt woke up he put the plate together. Missing a large piece from the middle. One usable as a weapon against him.  Walt ends up killing the guy, who did manage to cut him a bit with the plate shard"""
1jlcsc6,2025-03-27,images/1jlcsc6.jpeg,"""For all the talk of UK knife crime, per capita it is still lower than US knife crime. *shrugs*"""
1dm9fhu,2024-06-23,images/1dm9fhu.jpeg,"""They don't actually go and explore the countries they visit, they just sit in the pool at whatever resort they're staying at."""
17pg0fe,2023-11-06,images/17pg0fe.jpeg,"""Miss Rachel, every child’s third parent."""
1ky1zlj,2025-05-29,images/1ky1zlj.jpeg,"""harambe"""
1j0rvv5,2025-03-01,images/1j0rvv5.jpeg,"""it's a joke about time travel, the classic ""If I could go back in time, i'd blow some rando peasants mind with a dorito and my phone"" but the peasant doesn't really care in this case"""
17m7v0t,2023-11-02,images/17m7v0t.jpeg,"""This is a double reference. The first is of the popular sci-fi thriller *Minority Report*, starring Tom Cruise, which takes place in a society where the police have knowledge of crimes that haven't been committed yet and can therefore arrest people before they do anything. The second is the somewhat humorous arrest of ~~Paul Charles Dozsa~~  Jack Karlson, depicted in the last panel, where he says the line about a succulent meal. It was speculated for a long time that the man in the video was Dozsa, a Hungarian chess player. (Edited due to a case of mistaken identity.)"""
1837zci,2023-11-25,images/1837zci.jpeg,"""That’s a monitor lizard. He bought a baby monitor LIZARD instead of a baby monitor."""
1jbpm3k,2025-03-15,images/1jbpm3k.jpeg,"""It was a group for black people that own jeeps, he misunderstood it as a group for people that owned black jeeps. Sounds like everyone had fun with it"""
15y6a1o,2023-08-22,images/15y6a1o.jpeg,"""If you look at Japanese art, that’s how they draw smoke or clouds. Or that’s the stereotypical “Asian” art style"""
1956nvd,2024-01-12,images/1956nvd.jpeg,"""This is from the old animated movie The Brave Little Toaster… featuring an anthropomorphic lamp, electric blanket, vacuum, radio, and toaster, etc. Idk how they got IRL items that match the animated characters so well lol"""
1f4tmhz,2024-08-30,images/1f4tmhz.jpeg,"""This looks like a prison cell, but the guy took the picture like new home owners do with the keys. So the joke is saying that it took them 18 years to get their own place, which actually is a prison cell."""
1j20f5x,2025-03-02,images/1j20f5x.jpeg,"""A “old generation strong, new generation weak’ meme.  H2SO4 is sulfuric acid and is corrosive.  CH3COOH is acetic acid and is weak."""
1im1ixy,2025-02-10,images/1im1ixy.jpeg,"""He meant to share a link to his website, but instead, he just copied the file path to a local folder on his computer—meaning only he can access it. It’s like saying, “Hey, check out my website!” and then handing someone a piece of paper that just says C:\Users\Me\MyWebsite\index.html. Basically, he built an entire site with ChatGPT but still hasn’t mastered the art of actually putting it online. Absolute legend."""
1b3facv,2024-02-29,images/1b3facv.jpeg,"""To be “86ed” is a bar and restaurant term which means “to no longer serve” in this case it means that an individual has been banned from entering an establishment.  It’s like getting kicked out, but if you try to come back at any future date you will be refused service."""
1d7f704,2024-06-03,images/1d7f704.jpeg,"""The style this man is drawn in mimics a famous music vodeo by the band ""Aha!"""""
15wm75w,2023-08-20,images/15wm75w.jpeg,"""Some apartment buildings do not have a 13th floor because the number is considered unlucky. If you get in the elevator, it goes right from 12 to 14. This is joking that Donald Trump, the 45th President, will make the number 45 considered similarly unlucky."""
1kg5sho,2025-05-06,images/1kg5sho.jpeg,"""Engineering g = 10, pi = 3, sin x = x, so you get back the number you put in."""
1n3po4q,2025-08-30,images/1n3po4q.jpeg,"""Water in Halo games often is used as a death barrier. He died because he touched water."""
1di1z94,2024-06-17,images/1di1z94.jpeg,"""This was posted yesterday on Chuck Shumer's Twitter. He made a post about grilling for Father's Day but had placed the cheese on a completely raw burger which no one would do indicating it was a staged photo or just another example of government incompetence."""
1f7jm29,2024-09-02,images/1f7jm29.jpeg,"""Diane downs.  she was the one in 1986.  happened in my town.  went to school with the son who survived"""
1igstoh,2025-02-03,images/1igstoh.jpeg,"""Not a joke, just a comment on spacing and design.  Also not a designer, just looking at the diagram… First uses simple vertical spacing between shapes.  Triangle looks too far rightward because it is only measured to the point of the triangle.  Too much of the “mass” exists rightward.   Second fixes this by measuring the distance to the triangle’s diagonal, shifting the triangle leftward and closer to the circle.  It feels more “balanced”.   Third takes into account that the triangle’s top point and circles topmost and bottommost curves don’t feel they are at the same height as the square’s, since they have so much less “mass”.  They extend over the constraining lines to make them feel as big as the square."""
1khr8z1,2025-05-08,images/1khr8z1.jpeg,"""The emperor asks the boy, “how many seconds in eternity?” The boy responds “there is a diamond mountain, a mile tall, and a mile wide.  Every 100 years a small bird comes to sharpen its beak on the mountain… When the entire mountain is worn away from this, the first second of eternity will have passed.” It’s from an old proverb or something, and those aren’t the exact words, but close enough. There’s also a doctor who episode that involves it, which is probably how most people know about it."""
1lh45vm,2025-06-21,images/1lh45vm.jpeg,"""Florida, largely due to having less restrictive laws concerning the reporting of criminal cases than other states in the US, but also because of the rather severe drug problem, is the source of many news stories where people commit incredibly obvious crimes where there's pretty much zero doubt they did it."""
1j1lc01,2025-03-02,images/1j1lc01.jpeg,"""I believe it means we will get to see older dragon/donkey hybrids"""
1kw5fto,2025-05-26,images/1kw5fto.jpeg,"""""Sacre bleu!"" is just a French exclamation of being shocked or terrified or surprised.     The joke is that the French are running in the opposite direction, because of the stereotype of French people being cowardly in war."""
18dba0l,2023-12-08,images/18dba0l.jpeg,"""The character is from the video game PUBG. After killing everyone else in the game you see a message saying “winner winner chicken dinner”"""
1keu6gx,2025-05-04,images/1keu6gx.jpeg,"""In Season 9, Episode 3 of The Office, Jim Halpert (John Krasinski) plays a prank on his coworker, Dwight, by getting ""Asian Jim"" (Randall Park) to act as Jim and pretend Dwight is crazy for thinking he's not Jim."""
1ilf3mj,2025-02-09,images/1ilf3mj.jpeg,"""There’s a saying about a bunch of monkeys typing for long enough would eventually rewrite Shakespeare through random coincidence. Here, here the monkeys have nearly gotten it."""
1irvyrc,2025-02-17,images/1irvyrc.jpeg,"""Pretty sure it's bile"""
1fg4ggl,2024-09-13,images/1fg4ggl.jpeg,"""The pokedex entry for this pokémon states that it raptures children. ""It is whispered that any child who mistakes Drifloon for a balloon and holds on to it could wind up missing."""""
1if88s3,2025-02-01,images/1if88s3.jpeg,"""Binary code? 1 1= 3 IIrc"""
1fst6nb,2024-09-30,images/1fst6nb.jpeg,"""Yeah its a political joke, the neighbours have taken a part of the other person's garden just like Russia has taken parts of Ukraine. Hopefully that helps."""
1m56k4v,2025-07-21,images/1m56k4v.jpeg,"""Actually I don’t believe it is at all. People who take too much Benadryl sometimes report seeing a black figure with a hat that people call the “hat man.” It’s a frequent enough phenomena that I think there’s some medical studies or articles about him."""
15e0a4m,2023-07-30,images/15e0a4m.jpeg,"""It’s radioactive. Pretty sure radiation fucks up with digital cameras. I’m not an expert though,"""
1k9vh0m,2025-04-28,images/1k9vh0m.jpeg,"""Tea is slang for gossip"""
1hw0vwf,2025-01-07,images/1hw0vwf.jpeg,"""1. I like to eat. 2. I like puppies."""
19994ey,2024-01-17,images/19994ey.jpeg,"""I'm assuming the idea that someone would think it's a gunshot in that neighborhood is absurd. Edit: I think the idea is absurd *to OP*. I'm not making a judgement one way or another."""
1lwj97w,2025-06-10,images/1lwj97w.jpeg,"""Multicellular life on earth pretty much universally uses oxygen. Finding a multicellular organism that DOESN’T use oxygen opens up two possibilities: 1. There’s a lot more weird biology going on that we know nothing about  2. The organism doesn’t act like it’s from earth because it isn’t 🛸"""
1faimug,2024-09-06,images/1faimug.jpeg,"""He's not an actual ghost; he's a man in a costume. How he managed to have a ghost-child with his ghost-wife is unexplained."""
17ud207,2023-11-13,images/17ud207.jpeg,"""She's the girlfriend (mistress), and she's not realising that he's married."""
1m33ffq,2025-07-18,images/1m33ffq.jpeg,"""I'm assuming it's a reference to how people lose focus closer to the end of their shift, thus the Google earth instead of work"""
1f5uiqr,2024-08-31,images/1f5uiqr.jpeg,"""The writer looks exactly like the character. He got himself drawn as the child Powerpuff girl crush."""
1jzvmyq,2025-04-15,images/1jzvmyq.jpeg,"""Because it’s a scam account. Mohammed is the dude actually typing, not the picture of the pretty girl"""
1k52wtk,2025-04-22,images/1k52wtk.jpeg,"""its a Yu-Gi-Oh joke (a trading card game)   when you place a card on the board you can either place it facing up in the ""attack"" position, or on its side to signify its in a ""defence"" position."""
1ij50xw,2025-02-06,images/1ij50xw.jpeg,"""That leaf is the icon for furniture in Animal Crossing."""
1anpkio,2024-02-10,images/1anpkio.jpeg,"""The white void is irrelevant. Everyone thinks they’re real, but then they hear/see the guy log out. They start panicking and try to log out, but are unsuccessful, proving that they are simply part of the simulation."""
1dr9jg6,2024-06-29,images/1dr9jg6.jpeg,"""He plays music in that background while holding his finger up and a caption rolling such as “ Song X is like/sampled/copied from Song Y” - all the while staring blankly at the camera."""
1kwouag,2025-05-27,images/1kwouag.jpeg,"""There is a meme circulating that Tom Holland always looks like he is hiding a frog in his mouth and if he were to open his mouth the frog would escape."""
1gofu2w,2024-11-11,images/1gofu2w.jpeg,"""They're symbols that appear on a fanfiction website Archive of Our Own so you can easily tell at a glance some of the basic details of the work in question. In this case the E in the top left corner labels it as explicit, most likely sexual in nature. the top right symbol means it's male on male. the bottom green check mark means it's a completed work. The joke is that they want to wear a pin that requires somewhat insular knowledge to understand as a way to find other like minded people."""
1aksk1z,2024-02-07,images/1aksk1z.jpeg,"""He plays characters in his movies that end up causing problems for lots of other people."""
1louriq,2025-07-01,images/1louriq.jpeg,"""They are cats. The characters. There is a cat in that cage. Think about that."""
1jy7y9r,2025-04-13,images/1jy7y9r.jpeg,"""I am not familiar with Chineese mythology, but in Greek mythology,  they are referring to the Amazons. (The ones from whom Wonder Woman is, as a recent reference) And as far as I remember, the story goes that they used to capture men and force  them into intercorse until they died, and any male children would be abandoned in the woods. Hence the very dark face."""
1911sve,2024-01-07,images/1911sve.jpeg,"""In 1981, John Hinkley (now a muscian) attempted to assassinate then-POTUS Ronald Reagan. When questioned, his motives weren't political, instead, he did it hoping to impress Jodie Foster. No word on if it worked, at least not that I've ever found. He was released pretty recently and started posting music to YouTube (also not sure if he's doing that to impress her). I've been meaning to give him a listen."""
1jt7vp7,2025-04-06,images/1jt7vp7.jpeg,"""It's a phase diagram). If there's ""genderfluid"", what other phases of ~~matter~~ gender might there be?"""
1ma4ahh,2025-07-26,images/1ma4ahh.jpeg,"""In East Asian cultures, the number four is considered unlucky because the sound is a homophone for the word for death. For example, in Mandarin, the word for four is pronounced “sì”, but the word for death is pronounced “sǐ”.  As a result, in order to get around this unlucky number superstition, a lot of media uses “3A” as opposed to “4”. Hope this helps!"""
1n3h2hp,2025-08-29,images/1n3h2hp.jpeg,"""The first three owls like the who, the last one likes the rolling stones."""
1im6x8y,2025-02-10,images/1im6x8y.jpeg,"""Shane Gillis is a stand up comedian and mentions some of his mentally challenged family members in some of his standup routines.  The meme here’s refers specifically to a joke/anecdote he tells about his uncle Danny who secretly makes grilled cheese sandwiches at night so he has a ready supply of them for the day (or to bring to restaurants that don’t serve GC sandwiches much to Danny’s father’s frustration).  The meme is jokingly implying that the person pictured has a similar habit of secretly building something at night (now that they work at Home Depot)."""
1jphx9p,2025-04-02,images/1jphx9p.jpeg,"""A common joke on the internet is to trick a user by saying ""... Joe."" The other respond: who's joe ? -Joe mama (sounds like yo mama) . The joke is that here the fbi agent blocked the message so the guy doesn't get tricked."""
1bwwzs5,2024-04-05,images/1bwwzs5.jpeg,"""69… Nice"""
1i7tip3,2025-01-23,images/1i7tip3.jpeg,"""In Mario Kart the further behind a player is, the more the game will help them. Players in last place always get better items than the players in first place. This makes the game more interesting than a pure test of skill. My read is that Holmes uses his superior intelligence to come up with a strategy that gets him an early lead. Then Watson grabs the blue shell and nails Holmes with it at the perfect moment, securing the win."""
1dwtvhb,2024-07-06,images/1dwtvhb.jpeg,"""In this episode I think bubbles and buttercup start to get a bit irritated over blossoms obsession with her bow. I believe they hide they bow from her later in the episode. It's like when people get annoyed with a car guy because he freaked out over a twig landing on their paint Edit: I was wrong. Blossom had been kidnapped here and replaced with an evil clone who was acting mean and obnoxious. Bubbles and buttercup figured it out"""
1kca736,2025-05-01,images/1kca736.jpeg,"""OHH MY GAWD IM SO EXITED FOR MY FIRST!!! Anyway its a character from a turkish cartoon  but the guy taking the video is about to engage in sexual activities with that poor elephant"""
1cehmmt,2024-04-27,images/1cehmmt.jpeg,"""He looks very much like Hugh Laurie."""
1jcn0ci,2025-03-16,images/1jcn0ci.jpeg,"""He stepped off to the side to unstick his balls from his leg. Either that, or he's drunk. More likely #1"""
1ib6njh,2025-01-27,images/1ib6njh.jpeg,"""The first circle is the regular indicator for an Instagram Story. The second represents Stories that are only visible to close friends. The Meme-maker is shocked that whoever they are looking at has put them on their close friends list."""
1jb25v0,2025-03-14,images/1jb25v0.jpeg,"""In schools when a child asks ""can I go to the bathroom?"", snarky teachers will sometimes answer ""i don't know, can you?"". Because technically ""can I go to the \[place\]?"" is an incorrect question; you're asking if you're able to go there. A correct question is ""MAY I go to the \[place\]?"" which asks for permission to go to the place. In folklore, vampires cannot enter households without being explicitly invited inside. So the pedantic english teacher asks the vampire ""i don't know, can you?"" because the vampire asked the question in an incorrect way, effectively not giving the vampire a permission to come inside and attack her."""
1k5uqpn,2025-04-23,images/1k5uqpn.jpeg,"""In operations/ quality there was a joke about the difference between Toyota engineers and Kia engineers. If you ask them both to make a chair Toyota engineers will ask who it is for and Kia engineers will go and get some wood. This might be a part of it but it's more likely just making fun of the owners of that type of car."""
1eae89f,2024-07-23,images/1eae89f.jpeg,"""In one possible ending of Bloodborne, the protagonist becomes an eldritch squid creature."""
1iw42ka,2025-02-23,images/1iw42ka.jpeg,"""Grimes met Elon Musk at Met gala 2018 , leading to their relationship . Many people believe things would have been better if Grimes and Musk had never met ."""
1k4fjdr,2025-04-21,images/1k4fjdr.jpeg,"""Wish #1 is to wish the genie does the opposite of what he asks in wish #2 Wish #2 is to not grant wish #3 (which since Wish #1 was do the opposite, it means the genie must grant wish #2 as 'do grant wish #3). Wish #3 is cancel wish #1, which is to do the opposite of wish #2, which as established is to make the genie grant wish #3, which causes wish #2 to not be opposite, which means that genie can't grant wish #3, which means wish #1 can't be cancelled, which means, genie needs to do the opposite of ""don't do wish #3"", which means, the genie must cancel wish #1, which means wish #2 becomes ""don't grant wish #3"", thus stopping ""cancel wish #1"" from happening, which means wish #2 won't grant wish #3, which means wish #1 gets cancelled, which means, wish #2 must cancel wish #3, which means wish #1 doesn't get cancelled..."""
1l4mpmj,2025-06-06,images/1l4mpmj.jpeg,"""He liked her body so much he did not realise where he was walking"""
1k0el7w,2025-04-16,images/1k0el7w.jpeg,"""In one of Metal Gear Solid games there was a boss called Psychomantis which messed up with your consol and one of the things the boss does is disabling your first pad port. Since the pad is connected to port 2 the person is fighting with Psychomantis"""
15h4szq,2023-08-03,images/15h4szq.jpeg,"""In Platos republic, Plato argues that the best society is one in which a astiorcratic elite who have spent their whole lives training and learning the art of statecraft should be the rulers. The idea is that if someone has been trained in the art of statecraft and philosophy from birth they will be the idea ruler or ""philosopher king"" who seeks council from other who are skilled in their professions. Super simplified, in an ideal world, people would fulfil a specific role and be happy about it. In Barbie, each of the Barbies holds a specific role they were created for, their ruler rules and does so well, because they were created to rule. The Barbies are happy about it. You could argue it looks like Platos ideal republic"""
1k70gfk,2025-04-24,images/1k70gfk.jpeg,"""White supremacists, in the US at least, have yet to decide if they fully believe Italians are white or not"""
1jaa0tw,2025-03-13,images/1jaa0tw.jpeg,"""Rosary beads help you keep track of your prayers. It's useful when you need to say 10 consecutive Hail Marys. The bottom image is a Pater Noster cord which has 150 beads for reciting the 150 Psalms. This is clearly more overwhelming than the common rosary."""
1m0a4hv,2025-07-15,images/1m0a4hv.jpeg,"""This is a typical nationalistic view of the conquistadors. Historically, these explorers were rather horrible, greedy people. There are probably a few who were decent, but they are few in between. A common argument against the native populations that the Spanish encountered is that they were doing human sacrifices (typically the Aztecs, I believe). This is used as an excuse for the conqueror's horrid behavior, saying that that were taken over by more ""civilized"" people. Mind you, this is completely ignoring public executions and the Spanish Inquisition of the time. Or the various rape and plundering the conquistadors did in the sake of finding resources to exploit. In modern days, Liberals are more likely to point out these vile practices of this colonization. Thus, the girls with strangely colored hair. The smug nature of the comic is to imply that the Spanish were right in their colonization, and that the Aztec and Liberal girls are sad at being ""caught"" being wrong. However, this ends up being an example of "" I've Already Depicted You As The Soyjak"" meme."""
1hvaqk7,2025-01-06,images/1hvaqk7.jpeg,"""They can mean a number of things, but they're mostly just for decoration. This is just a troll meme."""
1kw3buz,2025-05-26,images/1kw3buz.jpeg,"""You probably know rocket as arugula."""
1blxcsy,2024-03-23,images/1blxcsy.jpeg,"""It's a skit by the comedians Abbot and Costello called ""Who's on first?"" The premise of the skit is that the first basemans name is 'Who', the second basemans name is 'What', the third basemans anme is 'I don't know', and Abbot is trying to explain this to Costello"""
1cskltc,2024-05-15,images/1cskltc.jpeg,"""Penn and Teller are a comedy duo. Penn is the orator and Teller’s whole thing is rarely ever saying anything."""
1kqwlgj,2025-05-20,images/1kqwlgj.jpeg,"""There's a common theistic argument that the Earth is too perfect to be here by accident, it must be here on purpose, ergo a god exists. This is known as a fine-tuning argument. The idea is if it was any closer or further away from the sun, if it spun slower or faster, or if it was smaller or bigger even by a tiny amount, it couldn't support life. If that was true, then the Earth being slightly heavier would cause it to be uninhabitable. This meme is essentially saying ""this is what the Earth would look like if it was one kilogram heavier, according to theists that use fine-tuning arguments"". This is of course all nonsense since all of those variables change a lot anyway. Edit: I'm getting a lot of constant notifications so I'm going to clear the air.  Firstly, I said it's ""A"" fine tuning argument, not ""THE"" fine tuning argument. It's a category of argument with multiple variations and this is one of them, so stop trying to correct something that isn't wrong. Secondly, I never claimed a god doesn't exist and I never claimed that fine tuning being a stupid argument proves that a god doesn't exist. Saying stuff like ""intelligent design is still a good argument"" is both not true and also completely irrelevant. Thirdly, this is my interpretation of the joke. I could very well be wrong. It's just where my mind went."""
15yqaf6,2023-08-23,images/15yqaf6.jpeg,"""the double slit experiment, particles behave differently when they are observed.  """
1fycaf4,2024-10-07,images/1fycaf4.jpeg,"""The meme's joke is that the guy is dumb, because he thinks 7+x is always equal to 7x. The meta-joke is that the meme creator is dumb, because you can read 7+x = 7x as an equation to be solved."""
1cpvjc7,2024-05-12,images/1cpvjc7.jpeg,"""The joke in the trucker community is that SWIFT stands for Sure Wish Id Finished Training. They're notorious for getting stuck in stupid places, getting into stupid wrecks, a5bd generally making a nuisance of themselves due to lack of forethought."""
1bur7j0,2024-04-03,images/1bur7j0.jpeg,"""I think this is a reference to the book House of Leaves. It is a weird horror story. The house is bigger inside than out and keeps changing around. The husband sets up cameras and a lot of the story is told by ""found footage"". The house starts off fairly normal, but eventually the husband becomes very lost in a giant maze inside the house."""
190ewju,2024-01-07,images/190ewju.jpeg,"""I think he's looking to use the guy as cover for a shoot out. I'm basing this on: one, his urgency to find a hiding place such that he pays for it, and two, the way he says ""yes"" twice, the second time while ducking down behind the guy's teeth as if looking for an enemy."""
1me3d1a,2025-07-31,images/1me3d1a.jpeg,"""Thus Spoke Zarathustra is philosophical fiction by the philosopher Friedrich Nietzsche. It is basically a giant allegory, and reads like a strange dream. Most of Nietzsche’s other work is not fiction. Nietzsche is notorious for the problem that he is extremely approachable in his language (he doesn’t write in an obtuse way) but this fools people into believing they understand his larger messages while they are still missing the big picture. This is only exacerbated by the fact that Nietzsche seems to have changed his mind about a lot of things throughout his life, with at the very least a distinct “early Nietzsche” and “late Nietzsche”. With all this said, undergrad level philosophy students are notorious for reading Thus Spoke Zarathustra first, taking the simplest interpretation of everything they read there, and then telling people “what Nietzsche would have said” about everything. They do this because Zarathustra is fun. It’s about a mad prophet, it feels like reading ancient mythology, and you can probably find validation for whatever you want to believe it is saying."""
1ig7lnf,2025-02-02,images/1ig7lnf.jpeg,"""Your brain on drugs"""
1diaj2k,2024-06-17,images/1diaj2k.jpeg,"""There isn't a joke - they just think it is a funny name for the painting."""
1fxqzyt,2024-10-06,images/1fxqzyt.jpeg,"""She is meaning to say, “aww, thank you so much”. He apparently has autism and doesn’t realize she was texting an acronym so he read it as a misspelling of autism, aww-tysm."""
1lhnwl4,2025-06-22,images/1lhnwl4.jpeg,"""The original was about a man working despite being armless while the begger got both arms but still refuse to do the harder work. The twist is that the begger is working as an undercover spy, so technically he is working."""
1fuxrbx,2024-10-03,images/1fuxrbx.jpeg,"""The numbers when pressed will correlate to different letters. For example, pressing 2 will give you A, but pressing 22 will give you B, 222 giving you C, and so on.  This pattern of numbers spells, ""It was me Dio!"" Which is a reference to the anime Jojo's Bizarre Adventure. The line is said by the main antagonist, named Dio Brando."""
1jp0lnz,2025-04-01,images/1jp0lnz.jpeg,"""Dev here: sorting is O(n log n), whereas making a single pass through the list and keeping track of the minimum is O(n). For big n, that difference becomes very large."""
1l8fck5,2025-06-11,images/1l8fck5.jpeg,"""It's the code to their crypto wallet."""
1llh4jl,2025-06-27,images/1llh4jl.jpeg,"""Older guy does something mundane and throws out his back. Kid gets mushed by a car and keeps going. The joke is getting old sucks."""
1j5j7q8,2025-03-07,images/1j5j7q8.jpeg,"""By that logic half the world ""belongs"" to the UK."""
1n208u1,2025-08-28,images/1n208u1.jpeg,"""They are referring to American cops."""
15qtmyg,2023-08-14,images/15qtmyg.jpeg,"""Maybe the Aztec snake god"""
16mmhuj,2023-09-19,images/16mmhuj.jpeg,"""It's an old Askreddit post where the individual claimed to have lived another life while briefly unconscious from a head injury. ."""
1guacve,2024-11-18,images/1guacve.jpeg,"""When I went to go visit my family in Germany for the first time, we spent at least one night having a contest for who can open a beer bottle in the most creative way.  Let’s just say that everything can be used as a beer opener if you really want it to."""
1h6c0q9,2024-12-04,images/1h6c0q9.jpeg,"""There is a set of animations called ""Rat Movie"", that takes stock (and a few extra non-stock) assets from an old childrens' computer application called Microsoft 3D Movie Maker, and makes an absurd adventure out of it. The rat character here is supposed to be a leader of a gang of smaller rats, but often ends up falling victim to its own stupidity."""
1lacifu,2025-06-13,images/1lacifu.jpeg,"""Those pictures on the bottom are from men who had except for one varying degrees of mental illness abd all went missing together at the same time. Apart from one they were eventually all discovered dead. The reason their disappearences are so strange is that they made several very bad choices despite the situation not being dangerous whatsoever, essentially causing their own deaths through horrible decision making. The weird decisions include: Taking a wrong turn and driving up an abandoned road. Abandoning a fully functioning car in the dead of night during heavy snow on said road instead of just pushing it back onto the road (which they could have easily acheived as they were 5 fully grown men). At least two of them abandoned a shelter that was stuffed with enough canned food to sustain all 5 of them for months and could have easily been isolated, from the cold weather. The only guy to be found in the actual shelter had opened several cans, yet failed to even so much as board up the windows or light a fire, despite both being easily acheiveable with the ressources at that cabin. All corpses were found in various states of undress, which is the least weird thing (google paradoxical undressing). TLDR: A group of 4 mentally handicapped people and 1 non-mentally handicapped person managed to go missing at the same time, while being together and died, even though there are plenty of ways all of them could have survived, with their cause of death being a littany of bad choices."""
1jc25f3,2025-03-15,images/1jc25f3.jpeg,"""Answer: This is Gaius Caesar Augustus Germanicus, but he went by the nickname ""Caligula,"" or ""little boot."""""
17dip3r,2023-10-22,images/17dip3r.jpeg,"""When ants walk in a circle it means they’ve lost their scent trail home and are just following each other. They will walk in the circle until they die :(("""
14ybaas,2023-07-13,images/14ybaas.jpeg,"""The cartoon Phineas and Ferb has a whole episode where they talk about aglets. So she can use her childhood knowledge to help her mom out, cartoons are not completely useless! Btw that show is fantastic even for adults. Give a few episodes a try!"""
1n4y3bi,2025-08-31,images/1n4y3bi.jpeg,"""It's a room from Among Us, something sus always happened here"""
1mkomql,2025-08-08,images/1mkomql.jpeg,"""Charlie the Unicorn - An example of Millenial humor. Some would qualify it as weird."""
1lcl6ei,2025-06-16,images/1lcl6ei.jpeg,"""The kid presumably shit into their own hands and is ""holding it"" Edit: i dont know why theyre dice, man. I didnt draw it. Have some whimsy."""
179c6cy,2023-10-16,images/179c6cy.jpeg,"""""Stand up"" is a common part of engineering world, where you start your day describing what you acheived yesterday and what you are going to do that day for work."""
1jmoheb,2025-03-29,images/1jmoheb.jpeg,"""The ceiling fan in OOOOP’s (first Anonymous) room is seen reflected in a mirror on the wall. Second Anonymous thinks it’s a framed picture, on which the Redditor comments that OOOP thinks he cooked, meaning he thought he’d made a good point."""
1dotiig,2024-06-26,images/1dotiig.jpeg,"""Ushering her kids away from the strange man who, for some reason, is putting potato salad in the oven (abnormal)"""
1n120pp,2025-08-26,images/1n120pp.jpeg,"""Mint plant can spread easily and are a nightmare to get rid once established."""
1avalis,2024-02-20,images/1avalis.jpeg,"""Its a reference to the meme: if you push the button you become immortal but a invincible snail that kills you when it touches you will chase You forever."""
1m241pn,2025-07-17,images/1m241pn.jpeg,"""The “Gen Z stare” is stereotype about “Gen Z” people (currently teens and young adults) having a blank, vacant expression. The joke is that millennial/Gen X parents might get offended by this expression, whilst engaging in behaviours that many would consider to be far more offensive, i.e. inappropriate questions about race/ethnicity."""
196ma9a,2024-01-14,images/196ma9a.jpeg,"""No matter what month a Thoroughbred is born, its birthday falls on January 1."""
159e13e,2023-07-25,images/159e13e.jpeg,"""Check, 1, 2. Like mic check."""
1km2s7h,2025-05-14,images/1km2s7h.jpeg,"""It looks like in the correct one, you are raising x to the second power and then adding 7x In their answer, x is raised to the 2+7x power."""
1kww4cw,2025-05-27,images/1kww4cw.jpeg,"""Drugs"""
1b7jgtq,2024-03-05,images/1b7jgtq.jpeg,"""There was a french guy called Tarrare who was insatiably hungry and ate cork, rocks, live animals such as cats, eels, dogs, blood from other patients at the hospital, etc. At some point a baby went missing and everyone suspected that tarrare literally ate a living baby."""
1le74im,2025-06-18,images/1le74im.jpeg,"""Some women dream they’re pregnant and have a child. In the dream, we love this child deeply. When we wake up, our baby isn’t there anymore and we feel grief."""
1dcozh6,2024-06-10,images/1dcozh6.jpeg,"""Steve Irwin"""
1agsl73,2024-02-02,images/1agsl73.jpeg,"""“One must imagine Sisyphus happy.” - Albert Camus"""
1hgeerc,2024-12-17,images/1hgeerc.jpeg,"""You can use a wire hanger to make an 'Auto-Sear'   Which can turn an AR-type firearm into a Full-Auto machine gun. Kermit is committing felonies."""
1hcpvbz,2024-12-12,images/1hcpvbz.jpeg,"""One of my fav episodes :D Peppa spends the whole episode being envious that others can whistle and tries do it as well. And it finishes like that. The expression and the timing kill me every time. And i'm a 32 yo dude :D (with 2 daughters)"""
1cd73po,2024-04-26,images/1cd73po.jpeg,"""Pink cheese = pinchés green ghost = Gringós (I’m not Mexican but understand Spanish)"""
1khlww7,2025-05-08,images/1khlww7.jpeg,"""It's about casting black people in Lord of the Rings"""
1h87x25,2024-12-06,images/1h87x25.jpeg,"""Having tasted the forbidden fruit of human culture he is left baffled and concerned by a world he can never comprehend. There is some eldritch meaning to these glyphs but he will never be able to understand. At the cusp of sapience, the ape knows only that there is something to be known, but not how to know it. He can see the strata of mind above him, and can see it is always out of his grasp. He screams into the void and it screams back: ""It's pronounced cool 'hwhip'."""""
1fvpb5q,2024-10-04,images/1fvpb5q.jpeg,"""At the recent vice presidential debate, Tim Walz, Kamala Harris’ running mate (she is pictured above), was asked why he now favors an assault weapons ban when he previously didn’t. He said he had gotten to know the survivors of the horrific Sandy Hook shooting, and their families. While he was explaining this, he misspoke and said “I made friends with school shooters”"""
1m8ong6,2025-07-25,images/1m8ong6.jpeg,"""Isabelle is a dog and that looks like a box of chocolates"""
1g1l2b8,2024-10-11,images/1g1l2b8.jpeg,"""It looks like a bone hurting juice, which is where the original text of an image is replaced to change the context of the image and make a different joke. Instead of what was likely originally her mourning the man while holding his sword, was changed to simply being that she has traded her hair tie for a sword and is sad about that.   Edit: I did some more research and yep its a BHJ, the original is a medieval AU of My Hero Academia """
1bmtc5u,2024-03-24,images/1bmtc5u.jpeg,"""He likes big butts and he cannot lie."""
1d8sg9b,2024-06-05,images/1d8sg9b.jpeg,"""Lots of anecdotal stories about how if you film at Chipotle you get larger portions."""
1j0w1z3,2025-03-01,images/1j0w1z3.jpeg,"""Look up ""he lied she believed""."""
1glc854,2024-11-06,images/1glc854.jpeg,"""Physicists use Kelvin when measuring temperatures. In the eyes of the wisher, half as hot would only be around 15-20°C or 60-70°F for the Americans. But if you half the average summer temperature in Kelvin (310 K), you would be left with 155 K or -118°C and -181°F. So to the eyes of the physicist, the wisher wants summers to be in freezing temperatures where most forms of life die. Edit: it’s actually 35-60°F (I think). I fell for the same fallacy I was trying to disprove. Thanks to all the people who pointed it out"""
1aoghbm,2024-02-11,images/1aoghbm.jpeg,"""Actually I think all the girls are all looking back at the hot, brooding, loaner that exclusively reads eighteenth-century Gothic novels. * speaking from experience of course."""
1e3fyuk,2024-07-14,images/1e3fyuk.jpeg,"""In the game stardew valley, when you gift Abigail with purple hair literally any gift she eats it. Hailey the blonde loves flowers and nature so she is horrified."""
1be21vq,2024-03-13,images/1be21vq.jpeg,"""My Spanish is terrible but good enough that I can put together the context with the images. It reads something like, “this animal died due to the high temperatures :(“ followed by “ah no, it’s corn” I agree that it’s funnier in Spanish, because the accent I’m using in my head makes it funny. Probably doesn’t go much deeper than that."""
1d7zvzj,2024-06-04,images/1d7zvzj.jpeg,"""HowToBasic videos start normal but devolve into absurdity (and dozens of eggs for some reason)"""
1iyqvgm,2025-02-26,images/1iyqvgm.jpeg,"""She broke up with him"""
1giyzwa,2024-11-03,images/1giyzwa.jpeg,"""A girl group will split the bill and only eat what they can afford. A boy group will have one friend who just buys everything and generally it just rotates to whoever has money at the moment."""
1i38yhn,2025-01-17,images/1i38yhn.jpeg,"""Maybe I am way too innocent. But he has some ovnis and a ""10"" in his user name. Maybe he is a Ben 10 fan and want to use it as an ""Omnitrix"". Oooor porn. Those are my options."""
1f0qs2a,2024-08-25,images/1f0qs2a.jpeg,"""It’s an old cigarette light all cars used to have. If you pushed it into the socket it would get really hot in about 30 seconds and you could light a cigarette. The meme tweet is saying that every curious kid has touched one of these, including me.  But they don’t don’t put them in cars anymore"""
1co29mb,2024-05-09,images/1co29mb.jpeg,"""Cyndi Lauper had a hit song called ""Time after time""."""
19eokbq,2024-01-24,images/19eokbq.jpeg,"""In police interrogations they will get you food to reward you for cooperating and keep you talking, normally it's just McDonald's or a vending machine item. The fact that there are multiple KFC boxes and name brand drink for one person implies they're very happy with this person's cooperation level."""
1gzkbbi,2024-11-25,images/1gzkbbi.jpeg,"""Colin Kapernik was kneeling during the national anthem to protest the killings of unarmed black men by police officers alongside BLM, the bottom image is NFL guys celebrating with the Trump dance (because they're like supporting him and his stances)"""
1c3z5ld,2024-04-14,images/1c3z5ld.jpeg,"""Christans like to claim Fallout new vegas, probably because it has big religious themes. They also tend to identify and glorify some of the some of the more flawed and fanatical characters. Great game tho, which is why the gays want it."""
1gs87cm,2024-11-15,images/1gs87cm.jpeg,"""whenever Paul rudd goes on Conan, instead of showing an actual clip from one of his movies, he shows a clip of this kid in a wheelchair falling off a cliff"""
1dxonad,2024-07-07,images/1dxonad.jpeg,"""Female praying mantis' eat their mates after sex so instead of disagreeing in the sense of having an argument she's saying that he's causing issues with digestion"""
1cbcpxn,2024-04-23,images/1cbcpxn.jpeg,"""Generally the complaints about blue boil down to the fact that it has a bunch of counter spells, which prevent people from doing things. Everyone else finds it annoying when their spells are countered."""
194s3gh,2024-01-12,images/194s3gh.jpeg,"""There is some account that converts your picture to what would you look like if you were Black or Chinese"""
1ipozgr,2025-02-15,images/1ipozgr.jpeg,"""For who made the meme,the air fryer is considered more important than anything else the thiefs are stealing."""
1n7s8ht,2025-09-03,images/1n7s8ht.jpeg,"""The period between 2019 and now has gone by at lightening speed for a lot of people"""
1bvyaep,2024-04-04,images/1bvyaep.jpeg,"""It was an overwhelming display of talent and ability. Steibelt believed he was an equal and realized he was not. There's no joke here beyond Steibelt not understanding what he got himself into, before it was too late."""
1587f2g,2023-07-24,images/1587f2g.jpeg,"""I saw an explanation for this a while ago, you have to know hair to get this one. The haircut on the right is mid-hairdress, and the one on the left is the finished look. So while the one on the right looks more artificial and the one on the left looks more natural, the one on the left is actually the complete look. It's essentially saying that you put more effort into yourself than the chick your bf is banging, and he doesn't appreciate that."""
177cl97,2023-10-14,images/177cl97.jpeg,"""For many users who had access to a PC in the 90's, limewire was their first experience with pirating music and software. There were often mislabeled files for download that would inevitably be viruses that ended up corrupting their computer. Edit: Early 00's."""
1jhyaz4,2025-03-23,images/1jhyaz4.jpeg,"""Male birds sometimes do little dances to attract a potential mate."""
1fssuxj,2024-09-30,images/1fssuxj.jpeg,"""There is no I in nothing or again. He made the letter I not exist anymore."""
1fwc8sk,2024-10-04,images/1fwc8sk.jpeg,"""It’s from Evangelion when Asuka has a massive depressive episode and rots away in a bathtub in an abandoned house for a while. The two cartoon characters are the “Smiling Friends” whose job it is to cheer up their clients. They seem to be reconsidering their assignment given the state of Asuka."""
195f4ld,2024-01-13,images/195f4ld.jpeg,"""Why has nobody actually answered the post’s question instead of just acting superior to this meme?  I don’t know top left Top right is the man who tackled a Las Vegas judge in court after she refused to lighten his sentence and made a comment like “I just can’t with that history” referring to his criminal history Middle left I think is the pink Stanley cup which just released in stores and probably sold out just as quickly. Middle right is Gypsy Rose, who I don’t know much about. I believe she lived in a horribly abusive situation with her mother and created a plot to murder her to escape. She just recently got out of jail and already has a husband (pictured there) Don’t know bottom left Bottom right is a football coach, read other comments for actual information because I don’t know"""
1key5qt,2025-05-04,images/1key5qt.jpeg,"""Smurfette is the only female Smurf. She's trying to make herself look like the other Smurfs. That's pretty much the extent of it. The other smurfs don't wear shirts so in the second panel she's putting on a blue shirt to make it seem like she's not wearing a shirt. Although the subtle hint is that where she lives is also a giveaway. She would be the only Smurf with white shirts (hanging outside to dry)."""
1jzigfy,2025-04-15,images/1jzigfy.jpeg,"""The blind man is reading the bumps on the exterior of the basketball as braille, and apparently it's very engaging literature."""
192wp5d,2024-01-10,images/192wp5d.jpeg,"""She's an independent lock and DONT NEED NO KEY!!!"""
1g4657e,2024-10-15,images/1g4657e.jpeg,"""Not Floridian but isn't the north of Florida bordering with some ""southern"" US-states, culturally speaking? (Florida being rather hispanic/caribbean, the more south you go)"""
1b7unh0,2024-03-06,images/1b7unh0.jpeg,"""He would probably also be confused why they had built a second Memphis"""
1hql3cv,2024-12-31,images/1hql3cv.jpeg,"""Tank you A ri gator?"""
1mluk7a,2025-08-09,images/1mluk7a.jpeg,"""After WW2 countless people had to plant trees to restock wood with mostly monoculture forests, as ressource for rebuilding the mostly destroyed country. During the war way more wood was taken off the land then replanted."""
1mpg380,2025-08-13,images/1mpg380.jpeg,"""Frustration's attack power depends on how low your friendship is.  If Frustration is dealing some big damage, you've got a shitty trainer on your hands Edit:  Also it's a Sylveon, which requires the OPPOSITE of what Frustration demands, so yeah that other trainer has done things to harm this poor creature so much they might have to get banned in-universe Edit 2:  Sylveon evolves from Affection in Gen 6 and 7, IDK why that got nixed in Gen 8 onwards"""
1eexgq9,2024-07-29,images/1eexgq9.jpeg,"""Argentina is where a lot of nazi refugees fled from Germany as the outcome of WW2 was becoming more certain to avoid capture by the allies. As a result, many of their descendants still live there, so you end up with some Argentinians with suspiciously German last names and lineage."""
1cs870m,2024-05-15,images/1cs870m.jpeg,"""Nada means nothing but also swim, he asked what's up"""
1g1cv45,2024-10-11,images/1g1cv45.jpeg,"""He is putting water into the empty bottle, to shake it up and make soapy water, to get an extra wash out of the bottle before throwing it away."""
1g2ofgo,2024-10-13,images/1g2ofgo.jpeg,"""Traditional ways of observing Yom Kippur include abstaining from food, washing, and sex, so it's not really normal to wish a ""happy"" Yom Kippur to anyone"""
1jzu8un,2025-04-15,images/1jzu8un.jpeg,""">What's wrong with McAfee?What's wrong with McAfee? That question is a different topic, anyway the joke is that even if you uninstall it somehow it'll find its way back to your PC or just won't let you do it at all."""
1gvvhs3,2024-11-20,images/1gvvhs3.jpeg,"""""Tea"" is slang for gossip"""
1l22d3q,2025-06-03,images/1l22d3q.jpeg,"""it’s a pretty significant plot point to do with Yellowjackets, which she is a major character in. let’s just say, to avoid spoilers, wearing the heart necklace in that show is indicative of bad things to follow. also you should watch Yellowjackets"""
1j289je,2025-03-03,images/1j289je.jpeg,"""Penguins are a brand of individually wrapped biscuits"""
1ga3uxo,2024-10-23,images/1ga3uxo.jpeg,"""It prints out the 8th letter of the Sinhala alphabet, which is the official language of Sri Lanka. The alphabet looks like this: ඞ Amogus."""
1l99mtp,2025-06-12,images/1l99mtp.jpeg,"""Finally, a joke that isn't obvious.  The answer is: horse legs don't bend that way."""
1fbym0h,2024-09-08,images/1fbym0h.jpeg,"""One likes to eat, one goes to the gym, and one survives off energy drinks and snicker bars. Probably."""
1hjwowy,2024-12-22,images/1hjwowy.jpeg,"""It was posted by someone who identifies as GenX. That’s all there is to it."""
1ii3g3t,2025-02-05,images/1ii3g3t.jpeg,"""It's the way how it was found. Basically, during WWII (correct me if I'm wrong) Japanese were making atrocious experiments on people. One of those experiments was to put a live human in an oven, that removes all liquid from a thing that was put into it. So, they weighed a person before the experiment and weighed the remains after. The mass loss was about 70%. Thats how we know human body is 70% water"""
1h7ih54,2024-12-05,images/1h7ih54.jpeg,"""The movie is pet sematary, the kid in the pic gets killed by a truck in front of his dad. Many kids were introduced to death by the movie when it was new."""
1eglfe7,2024-07-31,images/1eglfe7.jpeg,"""I just went to a popular PC components website, browsed their top 12 motherboards sorted on ""popularity"" and found 7/12 still had at least one PS2 port on the back plate coded half purple, half teal... one of them actually had both as separate ports!"""
1jdq5gi,2025-03-17,images/1jdq5gi.jpeg,"""In the Commonwealth (former British colonies that are still technically part of the empire, like Canada), it’s spelled “behaviour” Edited to add: yes, yes, I significantly oversimplified the concept “Commonwealth”. Shoulda said “places that speak English other than the US”. Canada, the nation in the meme in question, is in the Commonwealth."""
1jykoxc,2025-04-13,images/1jykoxc.jpeg,"""Melanin is a pigment that gives color to your skin. Black people have more melanin than white folk, for example. There's also the stereotype that black households do not change the batteries in their smoke alarms, and just decide to tune out the beep"""
1il72ww,2025-02-09,images/1il72ww.jpeg,"""This is the finance bro uniform. Slacks/jeans, button down blue shirt, Patagonia vest, expensive shoes The Excel spread sheet part is in reference to a large part of their jobs involve using excel to perform various financial analysis. They usually consider themselves to be excel wizards and many ""compete"" in speed tests using shortcuts only and no mouse to format and build visuals in excel."""
1g3admg,2024-10-14,images/1g3admg.jpeg,"""Think that's the elephant's foot from Chernobyl"""
1kpj6mq,2025-05-18,images/1kpj6mq.jpeg,"""Southpark Canadians"""
1gp140e,2024-11-11,images/1gp140e.jpeg,"""A platypus? Perry the Platypus!"""
1it3ezt,2025-02-19,images/1it3ezt.jpeg,"""As for a bee, he refers to an F-22 stealth fighter, whose radar-cross section is comparable to a bee. SO the radar says that there's a bee flying at mach 2"""
1ds5m6u,2024-06-30,images/1ds5m6u.jpeg,"""I think this maybe in reference to a story what did the rounds a while ago. It maybe a TIFU. Someone was drinking the night before and was so drunk they used the calculator thinking it was their alarm. Now they always set their next days alarm, while they're in the club, before they're too drunk"""
1fun4bs,2024-10-02,images/1fun4bs.jpeg,"""My take from it is that every generation has handed down a more run-down america, hence the dead eagle by the end of it"""
1dpulxi,2024-06-27,images/1dpulxi.jpeg,"""In car culture, there are certain cars with ""reputations"". Beetles are for hippies, Rabbits are for teenage girls, Jettas are for white collar workers, Passats are for responsible adults. Teen girls aren't looking for guys driving these cars...they want sports cars and bad boys (for the stereotype). The girls drawn to Passats aren't girls, but mature women."""
1id30m3,2025-01-29,images/1id30m3.jpeg,"""I don't think there's a deeper hidden meaning here. A gardener (not a ""farmer"") who grows produce is going to be very proud of their accomplishment and eager to share it. The face is their excitement and expectation that when you bite that tomato you will orgasm because you will have never experienced a tomato that was vine-ripened, not genetically modified, grown without pesticides, etc."""
181dda8,2023-11-22,images/181dda8.jpeg,"""A baby goat is a kid…ie kid in a candy store."""
1jxxkxw,2025-04-13,images/1jxxkxw.jpeg,"""I believe in many rhythm games good is a relatively low value."""
1iri57s,2025-02-17,images/1iri57s.jpeg,"""It's the year 2025. Everyone who was born in 19XX is at least 25 years old, well above the legal age for drinking."""
1io5935,2025-02-12,images/1io5935.jpeg,"""The top one is dirty and covered in mud - the owner doesn’t care about making a good impression with the farrier or keeping the farrier’s clothes clean.  The bottom one is show-ready, implying the owner cleans it up just for the vet, who is barely going to touch it to administer a shot."""
1e4dy7y,2024-07-16,images/1e4dy7y.jpeg,"""The attempted assassination on Donald Trump happened that day"""
1mp0sdq,2025-08-13,images/1mp0sdq.jpeg,"""I suppose this is Nuremberg Pennsylvania,  so the joke is that the US needs to prep for Nuremberg style trials."""
1e786ax,2024-07-19,images/1e786ax.jpeg,"""English is derived from several sources: * Danish (Viking) invaders of the British Isles * German (Jutes and Angles) migrants to the British Isles * Roman conquerors of the British Isles And all that is on top of the original Celtic/Old English languages that had been in the British Isles. You'd have to look at the timings of various things. The Vikings were the 8th through 11th centuries of the common era, for instance, while the Romans invaded in the first century CE (and pulled out mostly by the third or fourth century). The Jutes, Angles, and Saxons came to Britain after the Romans left. (Remember that the Romans invaded German territory in the time of the Emperor Augustus.) English is essentially a mishmash of all these different languages, including several others, which is why is has such bizarre grammar and syntax and spelling. EDIT: Wasn't in the original joke, but a lot of French influence on English came over in 1066 with the Norman Conquest. French was the language of the aristocracy and the ""English"" court for quite a while. EDIT 2: If you want a right answer on the Internet, give a wrong answer and wait to be corrected."""
1fc7vvt,2024-09-08,images/1fc7vvt.jpeg,"""Irish people were having a lot of fun making jokes on Twitter about the Queen dying"""
174ammg,2023-10-10,images/174ammg.jpeg,"""I mean, it is a forklift….holding up a wee little fork to you……..much like a Dickens beggar. I can’t remember the specific movie, but yes holding your hands up together palms up is a symbol for begging."""
1l6zkgn,2025-06-09,images/1l6zkgn.jpeg,"""uhhh i dont code or script but from what i can tell, he's writing a script asking if a number is even. i think that the code says ""if the number is zero, then it's true. if the number is 1, then it's false. if the number is 2, then it's true.""  instead of creating some rule that will apply infinitely, he's just giving direct answers for each number lol"""
1mzfdhh,2025-08-25,images/1mzfdhh.jpeg,"""Lotta soldiers (and Marines) dip. A lotta dip. These self-same soldiers (and moreso Marines) manage to, **routinely**, when packing their shit for a week-long field op, fail to bring even so much as a single can of dip. Their fleshlight? They'll bring that. Dip? No, and they will start getting desperate for it about three minutes after they get to the field. That's when my ""only spare can"" of dip shows up for the low, low price of 40 bucks. I brought two logs, and I don't dip. EDIT: Per common request for non-Americans: Dip is chewing tobacco; Copenhagen is a popular brand of it. Long cut is a style of dip.  It's all *incredibly* disgusting to me, but if you wanna pay me so you can do gross shit, I'm happy to take your cash."""
1ib9fji,2025-01-27,images/1ib9fji.jpeg,"""AIDS was big news in the 1980s."""
1lyc3va,2025-07-12,images/1lyc3va.jpeg,"""""Cauliflower Ear""  Which usually means that dude's been in not one, not two, but MANY fights."""
1keqvzx,2025-05-04,images/1keqvzx.jpeg,"""In true crime documentaries, the victims are often attractive, outgoing, and described as “lighting up any room they walked in”"""
1863upg,2023-11-28,images/1863upg.jpeg,"""Mexicans: known to love gossip and cheer on couples. Japanese: Idol culture - a LOT of japanese stardom is tied to selling the idea of the idol being a potential, tho unreachable, mate for the viewer. So having a private life being known often gets girls some creek going full pipe-bomb-on-mail-box mode."""
1k9bqhn,2025-04-27,images/1k9bqhn.jpeg,"""He didn’t know she was a girl so now it’s hitting him that he’s been holding hands with a girl this whole time. I think."""
15xakvb,2023-08-21,images/15xakvb.jpeg,"""It used to be a common question when asking to describe something to ask “is it bigger than a bread box?” As that was an item that everyone had and could relate to.  Was very common when playing 20 Questions."""
1cw8ure,2024-05-20,images/1cw8ure.jpeg,"""The dog is from full metal alchemist The background is from futurama re fry's dog"""
1mbab2g,2025-07-28,images/1mbab2g.jpeg,"""Kojima is known for stupid names like solid snake and Hot coldman. Thats literally it. Calling a flying bug that flies a fly sounds stupid its like kojima named it"""
1jbeg2a,2025-03-14,images/1jbeg2a.jpeg,"""Numbers vs mechanics means is it something difficult through learning how to play the game better (mechanics) or about having the stuff with the highest numbers on its statistics (numbers)"""
1narr2o,2025-09-07,images/1narr2o.jpeg,"""This doesn't look like bait (the original art, I think the caption might be) but it *is* a lot less obvious than I think it's intended to be.  There are multiple elements that *could* be the focus here -- the open view from the other direction, the genders of the changers and shielders, the fact that each of them is only shielding from one other person, the fact that the shielders are both looking away or at each other, and possibly more. Given none of the interpretations I've considered are obvious or compelling to me, I think the original was trying to make a point that didn't quite land. Maybe there's a cultural gap. Maybe it's just a weak point. Not sure. There's also the fact that there's no pile of clothes for either changer, but I think that's just an oversight on the part of the artist."""
1758yah,2023-10-11,images/1758yah.jpeg,"""I think it's making fun of the fact that in movies they'll be going through water and nothing will happen until they acknowledge it"""
1h2vva3,2024-11-29,images/1h2vva3.jpeg,"""People expect anti-depressants to make them happy, but often what happens is the person feels no strong emotions at all. Or at least it seems that way after you've been having powerful mood swings for years. Depends on the underlying condition and the drugs used, but I've often heard it described as a ""flattening"" effect."""
1jmn6xg,2025-03-29,images/1jmn6xg.jpeg,"""That is a comedian. She has a series where she interviews people who are real-life experts, and asks the most ridiculously stupid questions. The character’s name is Philemena Cunk, I think.you should search YouTube for some videos of hers. It is a joke about how everyone in the cabinet has been the worst-possible choice for their positions in the US."""
1l0ox2g,2025-06-01,images/1l0ox2g.jpeg,"""The first steam engine was invented in Turkey around 100 years before they became widespread. The inventor only used them to automatically rotate kebabs while cooking."""
1kpddmu,2025-05-18,images/1kpddmu.jpeg,"""Women are wearing increasingly risqué outfits to less and less appropriate settings to the point that lingerie isn’t really special anymore."""
1j4ynqu,2025-03-06,images/1j4ynqu.jpeg,"""The fade and an actually groomed beard are regarded as the type of hairstyles used by Caucasian males to indicate they would like to have relations with women of African descent."""
1m1dfh6,2025-07-16,images/1m1dfh6.jpeg,"""RDJ played a black guy in Tropic Thunder. The joke is he would do the same thing for Black Ironman."""
1h0by9u,2024-11-26,images/1h0by9u.jpeg,"""Patients who are within minutes or hours of dying often feel much better and become lucid. Family members often see this as promising, but someone around so much death knows what's coming."""
1jnbsuw,2025-03-30,images/1jnbsuw.jpeg,"""Those prefixes are Latin for the aforementioned numbers 7-10, which were, in fact, those numbered months once.  It was changed in the Julian calendar, by Julius Caesar who pretty famously got stabbed. Like a bunch."""
1k6qo63,2025-04-24,images/1k6qo63.jpeg,"""It's a photo containing SCP-096, a creature that is going to chase and kill anyone who has seen its face. There are 4 pixels of him/it in this photo, which is enough to trigger him/it.  The joke is that the girl's hints are small and unnoticeable just like these 4 pixels."""
1g2ewze,2024-10-13,images/1g2ewze.jpeg,"""So a woman died on Disney property after eating a dinner that she was assured was allergen free. Her husband sued. Disney said that when he signed up for a free one month trial of D plus he agreed to arbitration and couldn't sue."""
1ix221p,2025-02-24,images/1ix221p.jpeg,"""Because Eminem writes the most brutal, career ending disses against everyone who does"""
1h5tuey,2024-12-03,images/1h5tuey.jpeg,"""They did shitposting back in 4500-1900BC"""
1hbogj4,2024-12-11,images/1hbogj4.jpeg,"""The United Health Care CEO shooter was recently apprehended in Pennsylvania in a McDonald’s after a tip was called in by another customer, contrary to the current belief that it was an employee. The meme is implying that the McDonald’s worker would also snitch on Anne Frank, who was hiding in an attic from the Nazis, because of the belief a McDonald’s employee snitched"""
1kqcllz,2025-05-19,images/1kqcllz.jpeg,""" You in theory have unlimited PTO, but if you use more than your co workers, we just fire you.  So realistically you have no PTO."""
1msob0g,2025-08-17,images/1msob0g.jpeg,"""all bathrooms are gender neutral at home. think about it"""
1k8k5z6,2025-04-26,images/1k8k5z6.jpeg,"""Pope Francis died a few days ago, and he played undertale."""
1hfggtz,2024-12-16,images/1hfggtz.jpeg,"""Drywall vs WALL"""
1flb4nk,2024-09-20,images/1flb4nk.jpeg,""" The show being referenced is the mockumentary Cunk on Earth, where the titular narrator humorously misinterprets history. The Romans left a lot from their history, including pottery fragments (which broke due to the long time period), which Cunk humorously says is caused by their clumsiness."""
1jzxqb8,2025-04-15,images/1jzxqb8.jpeg,""" It's a fascinating explanation really. Clarkson here recalled the story of when his father was dying. His mother called him to tell him his father was on his deathbed, but Clarkson was at the time fairly far away. Luckily for him, he was testing a Porsche 928 at the time (ostensibly for Top Gear). Keep in mind Clarkson is not a fan of Porsche in general. So he took the chicken he had just cooked to take it to his mother, and rushed in that fast car he was testing to go to his father. By the time he arrived, the chicken was, apparently, still warm, and his father still alive, and passed half an hour later. So thanks to this car being fast, he got to say goodbye to his dad and support his mother who was grieving. Hence, unlike other Porsches, the 928 is ""alright"" in his books."""
1hm4ef5,2024-12-25,images/1hm4ef5.jpeg,"""Canadians have legal euthanasia  Britols need to wait before getting medicine  Amercanus have to pay"""
1jsa9ww,2025-04-05,images/1jsa9ww.jpeg,""" It's a scene from breaking bad, where walter white(dad) throws pizza on the house"""
1jcq1kx,2025-03-16,images/1jcq1kx.jpeg,"""A new sonic  weapon was unveiled in Serbia against protestors.  So, the problem is that it is going to be a new ""non-lethal"" weapon. Non-lethal weapons have the problem of making people at home feel okay about it while causing severe problems to people it's used on.  Sonic weapons and stun grenades absolutely fucking deafen you and pierce your eardrums. Rubber bullets will still break bones, and can **totally** kill you, they're just less likely to kill you. Tear gas causes severe respiratory distress.  As a guy whose seen stun grenades used, I'd kinda prefer if they just fired over protestors' heads or something. My ears haven't stopped ringing since I was 13. I can't sleep without a cocktail of medicine.  Sonic weapons, as far as I know, can't be defended against deafening you by wearing earpro. The equivalent amount of sound is multiple .45 ACP rounds going off ***inside of you,*** radiating throughout your body."""
1gyjfcd,2024-11-24,images/1gyjfcd.jpeg,"""Autistic people have safe foods that are comforting. A lot of those are things that we grew up eating. That makes the foods familiar and therefore ""safe""."""
1gur8fj,2024-11-19,images/1gur8fj.jpeg,"""Engineers are paid for efficient and low cost solutions while architects are paid to (in the best of cases but not all) make structures that look good and serve their purpose often increasing the price of and decreasing the efficiency of construction. In this image the engineers solution is practical and efficient while the architects is better looking but is less practical. This is a generalization to better answer the joke Edit: this comment ignores the fact that architects and engineers often work hand in hand using both of their strengths. Practical doesn’t always mean beautiful, and we do benefit from beauty around us."""
1kbkjjt,2025-04-30,images/1kbkjjt.jpeg,"""The Liechtenstein army went to war with 80 men a few hundred years ago and came back with everyone plus an Italian deserter"""
1ha0vho,2024-12-09,images/1ha0vho.jpeg,"""In There Will Be Blood, the character of Daniel Plainview, a cruel and ruthless oil baron uses people around him to appear to be a sympathetic and trustworthy person. At times it was his brother until he outgrew his usefulness. For much of the movie it’s his adopted son who he only adopts because he sees the son as having a business advantage. Everything Daniel does is targeted and aimed at his business ventures, regardless of the human cost. Edit:spelling Also- many people disagree with my analysis being too simplistic. Guys, it’s just a meme. Edit 2: As now this is my top voted comment probably of all time over like 5 usernames, I’m just going to go ahead and make another statement that guys, it’s just a simplistic joke that Musk is using children to appear less sociopathic.  The nuances of Daniel’s character are far more interesting that Musk’s, who was simply born rich and for his entire life has put up a charade of acting scrappy and entrepreneurial while the whole time simply being a billionaire playboy who clearly never has done any hard work. His doughy physique is a metaphor for the rest of him, he just isn’t a very dedicated, smart or disciplined person however is quick to throw a buck down to make himself appear more attractive with a hair transplant, or smarter by buying a motor company with smart engineers. So look, I’ve turned off replies, I really don’t care anymore, at least you could say there was a time when Daniel had a scrappy determination to become wealthy and made personal risks to his life and put in hard work. The film has a narrative of him with a duality of still thinking he’s the man at the bottom of the mine despite being on top of an oil company, far removed from the labor…. It’s just one of the many intricacies of the character they set up."""
1ldd7xp,2025-06-17,images/1ldd7xp.jpeg,"""A Knights Tale. Great flick if you're 15."""
1h8xxiz,2024-12-07,images/1h8xxiz.jpeg,"""I’m guessing all they are assembling a team of billionaire “assassins” as these are all things that took billionaires out. Tbh idk someone let me know"""
1h1iscl,2024-11-28,images/1h1iscl.jpeg,"""There is a trend of women switching roles and saying phrases a male might say to a female: “I would’ve been in the NFL if it wasn’t for my career ending knee injury”."""
1jl3ld8,2025-03-27,images/1jl3ld8.jpeg,"""I think this is a reference to the idea that AI can act in unpredictably (and perhaps dangerously) efficient ways. An example I heard once was if we were to ask AI to solve climate change and it proposes killing all humans. That’s hyperbolic, but you get the idea."""
1ipre82,2025-02-15,images/1ipre82.jpeg,"""Pete Davidson boned Kim Kardashian after she dumped Kanye. Pete is apparently a preferred bounce back lay for a lot of famous women because he's got mental health issues that make him not seek commitment to go along with his rumored to be huge dick. So if Bianca also boinked him, it would be funny in a sad kind of way."""
1j9svdf,2025-03-12,images/1j9svdf.jpeg,"""American soldier impregnated Vietnamese lady and left."""
1j8n1m2,2025-03-11,images/1j8n1m2.jpeg,"""Bras for larger breasts are harder to open"""
1f30o6h,2024-08-28,images/1f30o6h.jpeg,"""256 is 2^(8) and the fact computer use bits (0 or 1, so 2 numbers) and bytes (8 bits) is pretty basic computer knowledge. One byte can represent 256 numbers, usually 0-255. Writing tech articles without knowing that indicates they're writing on a topic they don't understand even the basics of."""
1j5bk9q,2025-03-07,images/1j5bk9q.jpeg,"""Catholics are supposed to give up eating meat on Fridays in lent. But fish is free game. In one region of the world a type of larg rodent, I believe its called a nutria was over populated and running rampant, so the local  catholic population asked permission to eat them on fridays in lent. and the bishops were like ""Ehhhh sure, well just say its a fish."" And thus the nutria became a fish. Edit: I have now been told probably around 100 times that the picture is in fact a capybara, not a nutria."""
1hdcmv6,2024-12-13,images/1hdcmv6.jpeg,"""Wives/Girlfriends always want you to give an estimate of when you will be home from things, even if there is absolutely no way of knowing when that will be (i.e. a battle)"""
1it6yfi,2025-02-19,images/1it6yfi.jpeg,"""Men for men for bear. Plate is basically saying gay men looking for a large manly man"""
1ljektv,2025-06-24,images/1ljektv.jpeg,"""They’re saying “real” water drinkers don’t like cold water. It’s one of those things people say about themselves to make them feel more special over literally the most mundane shit in their lives."""
1jh5toe,2025-03-22,images/1jh5toe.jpeg,"""It’s a meme that women find men unattractive if they display any emotion, especially negative emotions like fear or sadness"""
1ixm7et,2025-02-25,images/1ixm7et.jpeg,"""Mining bitcoin takes a lot of electricity."""
1mhgahr,2025-08-04,images/1mhgahr.jpeg,"""The most venomous snake in the world is inland taipan which is a tame and non-aggressive thing, to the point that there hasn't been a single fatality from its bite yet."""
1d7u657,2024-06-04,images/1d7u657.jpeg,"""To Kill a Mockingbird Story: In 1932 Alabama, a widowed lawyer with two small children defends a black man accused of raping a white woman."""
1gkrkfn,2024-11-06,images/1gkrkfn.jpeg,"""The comic is saying that atheists behave in accordance with Jesus' teachings despite their lack of faith in religion or God while Christian Nationalists, whose beliefs and identity are fiercely Christian, act for the benefit of capitalism and directly contradict those same teachings. The point of it is to show the irony that atheists behave as a good Christian should while those seeking to build a Christian society do the opposite."""
1jg81tn,2025-03-21,images/1jg81tn.jpeg,"""He’s surprised that Sheldon, a nerd, has a girlfriend. The girlfriend was excited to meet him. The fact that she knew who he was, shows she’s a nerd too, which is why it makes sense that Sheldon got a girlfriend. Edit: He is “Professor Proton” who was a former children’s science show host on Big Bang Theory."""
1gqin1h,2024-11-13,images/1gqin1h.jpeg,"""Pocahontas was def inspired by psychedelics."""
1htf2hv,2025-01-04,images/1htf2hv.jpeg,"""There's no shame in scientists owning up to the fact that their mathematical model of the universe doesn't match reality.   They made a bunch of observations that indicate their current models are incorrect.  They add placeholder 'dark' factors to the equations to reflect this observed innacuracy.  And then they get to work figuring out what the heck the true model of the universe is. That's science baby."""
1hfqvfk,2024-12-16,images/1hfqvfk.jpeg,"""The backrooms are a fictional location of infinite rooms that you supposedly access by glitching yourself or being glitched out of reality. The rooms are liminal spaces, spaces that are eerily empty and are portrayed with featureless carpets, white walls, and older fluorescent lighting. If there is something inside of a backroom that seems innocent, like a soda machine, chances are it's some kind of eldrich horror trying to lure you in. More than likely, it's not a coincidence our thirsty protagonist ran into a pepsi machine."""
1lt2mlg,2025-07-06,images/1lt2mlg.jpeg,"Em dashes—are commonly used by LLMs (large language models) as they are stylistically and grammatically pleasing and intuitive to understand.  Please tell me if you would like to know more?"""""""
1hkzy6r,2024-12-23,images/1hkzy6r.jpeg,"""My guess is all the LED lights that gen Z’s like to have in their rooms"""
1gvnl6k,2024-11-20,images/1gvnl6k.jpeg,"""You’re not “allowed” to depict the prophet, so there are no statues"""
1h7di4x,2024-12-05,images/1h7di4x.jpeg,"""he wants to shape the world according to his own liking."""
1k33vcy,2025-04-19,images/1k33vcy.jpeg,"""iPhone users constantly judge/make fun of those with Androids. Android users couldn’t care less about those with IPhones"""
1ksv30m,2025-05-22,images/1ksv30m.jpeg,"""Well … if the element exists, it automatically is somewhere on the periodic table."""
1h6er25,2024-12-04,images/1h6er25.jpeg,"""There is no snow on that roof because it is significantly warmer than the neighbouring houses. The joke is that in 2018, the most likely explanation is someone growing weed under hot, hot grow lamps. In 2020, it's more likely to be someone running 100s of video cards to mine Bitcoin or similar (also very hot). But in 2022, power prices are so fucking high, only a lottery winner could afford to have a house that warm."""
1majkgf,2025-07-27,images/1majkgf.jpeg,"""It's basically so hard that all of these measures are allowed"""
1i4ez0q,2025-01-18,images/1i4ez0q.jpeg,"""Topology(hole science) joke. Socks, by topological standarts, have no holes."""
1lxwsfc,2025-07-12,images/1lxwsfc.jpeg,"""I think its because the creator of the ~~meme~~  comic thinks that pink does look like white and red but green looks completely different from blue and yellow"""
1ju80zo,2025-04-08,images/1ju80zo.jpeg,"""When a horse breaks it's leg, it almost never heals properly, and they are often put down to save them a life of pain and repeat broken bones.   The comic is ~~paralleging~~ paralleling a paper cut to a broken leg.   RIP Eddie."""
1fe4i69,2024-09-11,images/1fe4i69.jpeg,"""Nail artists are usually  foreigners that talk about customers in their mother language so they can  speak badly about customers in their faces (stereotypes)"""
1f6g533,2024-09-01,images/1f6g533.jpeg,"""After being in that chamber for a while you'll start having hallucinations. That commenter thinks that will make things much more fun."""
1l36jlj,2025-06-04,images/1l36jlj.jpeg,""" It looks worn, likely frequently used, and thus the golfer is very skilled. They were being humble when they said they played 'a little.' Additional by u/pinheadlarry_ The wear is specifically in one spot, which means they're VERY skilled"""
1mj1cjj,2025-08-06,images/1mj1cjj.jpeg,"""Oh I know this one. Ok so basically Twix made a marketing campaign a while back (I think it was in 2012) with ""Left"" and ""Right"" Twix. Both of them were more or less the same but it was kind of done to promote Twix and encourage people to ""pick a side."" So the joke is that this person can somehow pick out whether it was a left or right Twix solely by tasting it."""
1kdb8xq,2025-05-02,images/1kdb8xq.jpeg,"""Switzerland is a highly regulated country that has incredibly specific regulations throughout its culture including requirements to purchase certain trash bags, incredibly strict (and slow) speed limits, and licenses to own a dog. In more modern homes there are either lease requirements or local regulations preventing occupants from flushing their toilets after 10 pm as to prevent disturbing neighbors. This is a common joke among the older population who lament the declining build quality of new homes in a country where the majority of the population rents. Source: I have lived in Switzerland and loathed it because of the above and the absurd expense of everything there."""
1gndgef,2024-11-09,images/1gndgef.jpeg,"""My guess is, person has a dysfunctional, toxic family and thought that such a thing was normal, until they met girlfriend's parents and learned what a healthy family actually looks like"""
1fu7q2i,2024-10-02,images/1fu7q2i.jpeg,""" They're saying the grandchild of these legendary people is probably such an amazing person, they may as well be the messiah. And no, I'm not the messiah"""
1lmp8c6,2025-06-28,images/1lmp8c6.jpeg,"""Surgeons are often butchers who think way to highly of themselves and leave people fucked up and in worse condition post op but never realize it because they never see them again, dealing with life long pain because they actually suck ass at their job?"""
1iseurc,2025-02-18,images/1iseurc.jpeg,"""It's about the whole alpha, beta, delta, sigma bs that some men obsesse over it."""
1lbrup5,2025-06-15,images/1lbrup5.jpeg,"""Leon Gary Paluche, dude killed Jeffrey Doucet for kidnapping and raping his son. He received no jail time, and maintains that any parent in his position would have done the same"""
1fpx7hi,2024-09-26,images/1fpx7hi.jpeg,""" If I had to make an educated guess I’m assuming that “The Sheep and the Wolf” is an analogy for politics, as the mother’s thousand yard stare implies something that the child isn’t aware of — even though the child is situationally aware/smart enough to question the realism of the stories logistics. “Everybody knows I don’t eat sheep, in fact I eat way less sheep than anybody” as he chomps down on a sheep — politicians will claim things with pure intentions while their gross actions prove otherwise — “sheep” is a commonly used word to describe naive followers, often used by conspiracy theorists to describe people who will believe anything that the media/politicians say. The third panel shows this naivety, as the sheep confidently says the sheep-eating wolf will protect them from sheep eaters. In the final panel, the daughter is incredibly skeptical, like “oh come on, nobody is that dumb”, whereas the mother knows that there are people who are *that* dumb  Edited for mobile formatting"""
1jiu8pu,2025-03-24,images/1jiu8pu.jpeg,"""The joke is just that the dog is getting ready to run away very fast.  If they do this run away instead of towards them, they will instinctively start chasing you instead of fleeing from you, making it much easier to catch them."""
1n47gl2,2025-08-30,images/1n47gl2.jpeg,"""When gay guys get broken up with they find twelve men and a prostitute to hang out with, travel, talk about acceptance, and beat the shit out of tax collectors with whips or whatever the Bible said Edit: not tax collectors, but apparently scammers/rich people stealing money from poor people"""
1jgi1ur,2025-03-21,images/1jgi1ur.jpeg,"""Well, my wife went to get the car checked alone, we spend a lot on small repairs, that i had checked by a mechanic i trust and all of them where either unessecary or he wasnt sure they even did it I drive in there alone with my rustbucket and they go, naah, part is still fine, heres your TÜV."""
1lpukge,2025-07-02,images/1lpukge.jpeg,"""Assuming NYC cops do nothing but play on their phones."""
1m8onwd,2025-07-25,images/1m8onwd.jpeg,"""Paramount is the parent company of South Park and the latest episode of South Park made fun of Trump who is currently being buttered up by the network."""
1lc7ukw,2025-06-15,images/1lc7ukw.jpeg,"""This is from an adaptation of “I have no mouth and I must scream” by Harlan Ellison This guy has been made immortal and had any part of him that would allow him to un-alive himself removed by an omnipotent AI that killed all other humans. He lives in eternal torment as a revenge on humanity by the AI, named AM, and he was modified this way because he helped the remaining survivors kill themselves to escape AM. Kinda dark. Great story."""
1c2m2h8,2024-04-12,images/1c2m2h8.jpeg,""" JK Rowling is infamous for making some rather on-the-nose names, like naming a werewolf ""Lupin"" which means wolf."""
1jny20o,2025-03-31,images/1jny20o.jpeg,"""A lot of chocolate is produced by child slave labor with major suppliers often claiming to be ""shocked"" whenever it gets uncovered but really it's just expensive and moderately difficult to fully root out so they just don't really try that hard.   The meme is mocking vegans for going out of their way to protect bees while not being too worried about *human slaves*"""
1k6zxoz,2025-04-24,images/1k6zxoz.jpeg,"""These are the starting years of WWI and WWII. Implying this year will be the start of WWIII"""
1m5rv3n,2025-07-21,images/1m5rv3n.jpeg,"""Radiation."""
15tp6k4,2023-08-17,images/15tp6k4.jpeg,"""Mussolinu is widely credited for ""making trains run on time"" Even if it's not necessary true."""
1dsyt4e,2024-07-01,images/1dsyt4e.jpeg,""" A known robbery tactic on quiet rural roads is to place obstacles in the way, causing motorists to stop, and get out of their car. At this point the robbers will come out of the bushes in a group and mug you at knife / gunpoint, steal your car, and possibly murder you, all far away from help and civilisation. The esteemed Gentleman known under the alias ""Fax Machine""describes a response to this situation that would make him the ideal target for this kind of robbery. He would indeed perish. So if you're ever driving at night in a quiet place and see obstacles that might be deliberately placed on the road, either plow through them if it's safe, make sure your doors are locked, reverse away from the situation and turn around at the earliest safe opportunity."""
1gsea2c,2024-11-16,images/1gsea2c.jpeg,"""This is very close to a forest. As forest goes, after dark the nocturnal animals and critters come out and make noises. And some nocturnal animals aren’t friendly"""
1l384h5,2025-06-04,images/1l384h5.jpeg,"""  Being broke/unemployed in early adulthood is a pretty universal experience where you’re “building” yourself.  Realizing you might be goated is the self-ego boosting you go through after getting over some mild obstacles, only to be later destroyed.  A lot of hetero-normative guys fumble a conventionally/moderately attractive woman because they have insecurity issues and/or inexperience with women. Fall/Winter/All of 2021 was especially shitty for a lot of people. Right in the middle of Covid, the job market sucked, and inflation was on the rise. I got the big sad during this time."""
1iw8srg,2025-02-23,images/1iw8srg.jpeg,"""The new Avatar series was revealed, and it’s cannon that the previous Avatar Kora destroyed the world and screwed humanity. For the new Protagonist, the majority of the world now views the Avatar as a threat to humanity rather than an aid."""
1kkh2s6,2025-05-12,images/1kkh2s6.jpeg,"""If there's a generic, ""gimmie"" degree that requires breathing, presence, and little else to graduate, it's business majors"""
1ifj5si,2025-02-01,images/1ifj5si.jpeg,"""Pets, like cats and dogs, generally do not like taking pills/medicine. A typical way to get pets to take their meds is to cover the pill in a treat like peanut butter or shoving it into a piece of meat so they can't taste it.  In this cartoon it is implied that the princess is intentionally telling knights to hunt down the dragon (common plot point of fantasy stories) and the dragon is eating all of the knights but this is being done intentionally to get the dragon to take their heartworm medicine."""
1lkayzw,2025-06-25,images/1lkayzw.jpeg,"""Considering its called ""the cost"" im willing to bet that its the father dinosaur not wanting his son to have to go through what he went through to become strong. Also given by the detail on his scars EDIT: yes I saw the missing hand right after I made this comment lol"""
1b8hpxm,2024-03-07,images/1b8hpxm.jpeg,"""There was a viral news story about a company that promised an immersive ""Willy Wonka experience"" using AI art in their promos, charged $40, and then delivered a hilariously underwhelming scam. One of the photos that went most viral was this woman dressed as an oompa loompa looking exhausted and depressed, which has come to symbolize the story for many people. This post is showing that she was genuinely trying to be good at her job despite that picture."""
1jtym4e,2025-04-07,images/1jtym4e.jpeg,""" That scar looks like the one left by the BCG (Bacille Calmette-Guérin) vaccine. It prevents tuberculosis. Many immigrants are seen with this scar."""
1jpn69p,2025-04-02,images/1jpn69p.jpeg,"""There’s a saying in medical school “ When you hear hoofbeats think horses not zebra” meaning think of common diagnoses first but in house MD ( and in my opinion all medical dramas in general) they tend to exaggerate the presence of rare diagnoses to boost the dramatic effect"""
1mtag8b,2025-08-18,images/1mtag8b.jpeg,"""This guy named Schlep (I assume is what they're talking about) got banned for catching and getting predators arrested, and Roblox only took action after they uploaded videos about getting predators arrested. Roblox banned them for ""Vigilantism"""""
1eazb01,2024-07-24,images/1eazb01.jpeg,"""A lot of commenters online now are just bots / AI. The Russian flag commenter is an example of that, it was instructed to make pro Russian comments but once it received new instructions (from the second comment) it followed them."""
1hvge0d,2025-01-07,images/1hvge0d.jpeg,"""Girls use meaningful and good-looking profile pictures that they put actual effort into. Boys just put random things because it's funny. I am not here to explain whether this is accurate to the real world or not. I am just explaining the logic of the joke. Me personally, I just still use the default reddit profile picture because I think it's funny."""
1gfnooh,2024-10-30,images/1gfnooh.jpeg,"""They thought the fun thing was sex, and people in the first row of a comedy show often get picked on by the comedian"""
1gx0pu0,2024-11-24,images/1gx0pu0.jpeg,"""So basically Pikachu(yellow one) is a normal Pokémon while Mew (white one) is an extremely rare Pokémon with phenomenal powers and basically considered a god in the Pokémon universe. But it is kinda a childish Pokémon who enjoys nature and loves to play."""
1l7z6gs,2025-06-10,images/1l7z6gs.jpeg,"""He’s implying that she won’t be able to get a job with a degree in Philosophy"""
1dhby5n,2024-06-16,images/1dhby5n.jpeg,"""Leon Gary Plauché (November 10, 1945 – October 20, 2014) was an American man known for publicly killing Jeffrey Doucet, a child molester who had kidnapped and raped Plauché's son, Jody. The killing occurred on March 16, 1984 and was captured on camera by a local news crew. Plauché was given a seven-year suspended sentence with five years' probation and 300 hours of community service, receiving no prison time. The case received wide publicity because some people questioned whether Plauché should have been charged with murder. Plauché contended that he was in the right, and that any parent in a similar position would have taken the same action.[1] On March 16, 1984, Doucet was flown back to Louisiana to face trial. He arrived at Baton Rouge Metropolitan Airport and was led in handcuffs by police officers through the airport at around 9:30 p.m., where Plauché was waiting for Doucet.[5] An employee of the local ABC affiliate, WBRZ-TV, had told Plauché when Doucet would be arriving at the airport.[6]: 81  A news crew from WBRZ was waiting for Doucet and had set up their cameras to record his arrival. Opposite the news crew was a bank of payphones, where Plauché waited while talking to his best friend on a telephone. He wore a baseball cap and sunglasses so that no one would recognize him.[5] As Doucet was escorted through the airport, he passed the news crew who were taping the scene. He then walked past Plauché, who fired at the right side of Doucet's head at point-blank range. Doucet fell to the floor, bleeding from a wound close to his right ear. Plauché placed the telephone receiver down before a police officer restrained him and removed the gun from his hand as the other attended to Doucet.[7] The officers who grabbed hold of Plauché recognized him. They kept him pinned against the bank of telephones, asking him, ""Gary, why? Why, Gary?""[5] The incident was captured on ENG videotape. Doucet fell into a coma, and died from the gunshot wound the next day.[8][9] Plauché was initially charged with second-degree murder, but agreed to a plea bargain in which he pleaded no contest to manslaughter. He was sentenced to seven years' suspended sentence, with five years' probation and 300 hours of community service, which he completed in 1989.[10] Psychological reports helped Plauché's case after it was learned that Doucet had abused Jody months prior to the kidnapping. The psychiatrist Edward P. Uzee examined Plauché and determined that he could not tell the difference between right and wrong when he killed Doucet. Plauché's defense team argued that he was driven to a temporarily psychotic state after learning of the abuse of his son. Uzee also determined that Doucet had the ability to manipulate others and took advantage of the fact that Plauché was separated from his wife at the time, and had managed to wedge his way into the Plauché family. Judge Frank Saia ruled that sending Plauché to prison would not help anyone, and that there was virtually no risk of him committing another crime.[9] The video of Plauché killing Doucet has been featured on many television programs and documentaries, including the 1994 shockumentary Traces of Death II and the 2002 Michael Moore-directed documentary Bowling for Columbine. The footage has also been uploaded to YouTube, where the video has received more than 20 million views.[5] One video featured on YouTube was taken from the television series Anatomy of Crime, which aired in 2000 on Court TV and was produced by John Langley, the creator of Cops.[5] At age 67, Plauché gave an interview where he stated that he did not regret killing Doucet and would do so again.[11] In August 2019, the book ""Why, Gary, Why?"": The Jody Plauché Story was released by Jody.[6] In 2024, Jody appeared in an interview for the Mirror in which he stated that he was happy with his life and regarded his father as ""the greatest dad of all time"".[12]"""
1m9u48i,2025-07-26,images/1m9u48i.jpeg,"""children are often good at video games / have enough time to invest to be a leader of a clan (ig this must be referring to clash of clans)"""
1n60gmn,2025-09-01,images/1n60gmn.jpeg,"""Their family stole so much money through corruption that they're able to afford to migrate to another country."""
1em9h5r,2024-08-07,images/1em9h5r.jpeg,"""She quit / lost to Imane Khelif in Olympics boxing round match.   She received two blows on her nose and resigned / quit from the match and claimed while crying she has never been hit so hard.  This started debate that Imane is not a woman etc which is not correct.  Imane is 100% woman.   Boxer in picture also did not properly highlight that she had recently recovered from nose operation / injury and did not want to risk another repeat injury."""
1itjyy9,2025-02-19,images/1itjyy9.jpeg,"""It’s referencing the fact that people make jokes about how medieval peasants would be so horrified and confused at the modern world, saying things like how they would die if they were to eat dorito for example. This guys saying that that actually wouldn’t happen and people are exaggerating. (I’m very excited I’ve never gotten to answer one of these before)"""
1eq297i,2024-08-12,images/1eq297i.jpeg,"""These were sold in vending machine inside break rooms, usually at manufacturing plants.  They were usually in the vending machine that rotates. You have to open the little door and pull it out. Edit: These were a great choice at 7 am, first thing In the morning, because you didn’t get home from the bars  before 3:30 am."""
1jimgrq,2025-03-24,images/1jimgrq.jpeg,"""Cauliflower ear is a condition commonly seen in fighters such as wrestlers, boxers, and mixed martial artists, caused by repeated blunt trauma to the outer ear."""
1k1e8yr,2025-04-17,images/1k1e8yr.jpeg,"""Black&White is a 2001 game that had a creature that you'd teach the same way you would a dog or other pets. It was regarded as one of the best examples of AI at the time and is still impressive to this day."""
1jwvcno,2025-04-11,images/1jwvcno.jpeg,"""Within Chinese mythology the ""Nuwa Kingdom"" is a place only inhabited by women. When men arrive the women respond kindly and even seductive. While in greek mythology, a place known as ""The Amazons"" was a place that was entirely inhabited by women where they reacted to men much less kind, attacking and killing men instead."""
1kpua4s,2025-05-18,images/1kpua4s.jpeg,""" This is not only a reference to the Resident Evil franchise, where sorting your inventory is represented by squares, but also to the fact that the shape in the photo is, no joke, the most efficient way to store 17 squares into a larger square"""
18moemi,2023-12-20,images/18moemi.jpeg,"""the recent Best Content Creator award was won by the vtuber Ironmouse. She originally planned on becoming an opera singer but was diagnosed with common variable immunodeficiency (CVID) which destroyed her immune system and left her mostly bedridden alone in her room. Eventually she started her career as a streamer and became a vtuber where she found massive success. This success also helped her fund her medical treatments and raise awareness for CVID."""
1fb0dc8,2024-09-07,images/1fb0dc8.jpeg,"""It's a joke about how metal music has a dramatic unreadable font. More unreadable and dramatic the font the more niche and metal the band."""
1mn57gp,2025-08-11,images/1mn57gp.jpeg,"""The hand will chase someone for 24 hours. It will always move slightly faster then you. If you dont move the hand will only move slightly faster then nothing. This will hopefully give you enough time to last until the next day when someone else is chosen."""
1hqicrr,2024-12-31,images/1hqicrr.jpeg,"""They show you those during eye tests to give you something to focus on while they look at your eyes (It also low-key blinds you) Source - someone with glasses who has had thousands of these my entire life"""
1luc5a6,2025-07-08,images/1luc5a6.jpeg,"""Rice is dirt cheap, so if it had protein, you could easily hit your daily protein goals without needing eggs, meat, or supplements."""
1ia4k9m,2025-01-26,images/1ia4k9m.jpeg,""" It would have been embarrassing/ unfashionable Due to the nature of needing uniforms, students have few ways to express individuality, your bag was one of them. to those below saying cigarettes etc, those could easily be hidden within your blazer :)"""
18gfq8f,2023-12-12,images/18gfq8f.jpeg,"""Its a meme making fun of the fact that mountain goats can climb walls like that. Its wild shit."""
1g5vp86,2024-10-17,images/1g5vp86.jpeg,"""Making a proton heavier than a neutron would induce radioactive decay and basically rearrange the entire universe."""
1cqkl76,2024-05-12,images/1cqkl76.jpeg,"""Tucked away in the British Museum is a customer complaint letter carved in Akkadian cuneiform that dates to 1750 BCE. It was written by an unsatisfied copper ore customer named Nanni to his supplier, Ea-nasir. The tablet hints that it was not the first correspondence between the two. It reads: *What do you take me for, that you treat somebody like me with such contempt? I have sent as messengers gentlemen like ourselves to collect the bag with my money (deposited with you) but you have treated me with contempt by sending them back to me empty-handed several times, and that through enemy territory. Is there anyone among the merchants who trade with Telmun who has treated me in this way? . . . I shall exercise against you my right of rejection because you have treated me with contempt.*"""
1garlpy,2024-10-24,images/1garlpy.jpeg,"""This is Ramanujan, the Indian mathematician who got mystical revelations of mind blowing mathematical theorems. Many of his mathematical conjectures were later proven true, which is baffling because it leaves you wondering how he was even able to make such conjectures in the first place. According to him he had mystical dreams about math. (Or ‘maths’ as he might have said, since he did his academic work in the UK.) That’s his source for these conjectures."""
1lnme9d,2025-06-29,images/1lnme9d.jpeg,"""Diogenes is the most Philosopher ahead of his time, he literally didn't care about anyone or anything, and he proves his points in a very... creative ways   once, he won an entire debate with some guy by just farting Poter out"""
1jmzk4j,2025-03-29,images/1jmzk4j.jpeg,"""Almost every grain is animated individually"""
1lmzi6g,2025-06-28,images/1lmzi6g.jpeg,"""This is a reference to Flint Lockwood from Cloudy with a Chance of Meatballs. He is an inventor and he created spray-on shoes."""
1c52yxz,2024-04-16,images/1c52yxz.jpeg,"""We do this also.  I was listening to a pod cast once where they were talking about modern recipes.  We write eggs.  I know it's chicken eggs.  You know it's chicken eggs.  But if we disappeared someone might try to make chocolate chip cookies with salmon roe."""
1fjoxoa,2024-09-18,images/1fjoxoa.jpeg,"""Encores are moments towards the end of a show when the artists return on stage to play one final song. This has been a thing for a long time, but the girls in the crowd think it's a new thing that started on tiktok, reducing a well established cultural phenomenon to a social media trend."""
18pk8w0,2023-12-24,images/18pk8w0.jpeg,"""Pro Nuclear means someone who is in favor of expanding and relying more on nuclear energy to generate electricity. Oil & Coal Companies oppose nuclear because it's a competing energy source. Some Climate change Activists oppose nuclear because they heard about Chernobyl or some other meltdown situation and have severe trust issues. (Brief aside: Nuclear reactors have been continuously improving their safety standards nonstop over time. They are immensely safer today than the ones you've heard disaster stories about) Climate Change Deniers are contrarian dumbasses who took the side they did exclusively to spite climate change activists. They are ideologically incoherent like that. &#x200B; One of the pro nuclear positions is that it's better for the environment than fossil fuels. So having the climate change activists rally against him and the deniers rally for him has confused him."""
1ju9kfc,2025-04-08,images/1ju9kfc.jpeg,"""Yes, .999 continuously is equal to 1."""
1hauo6q,2024-12-10,images/1hauo6q.jpeg,"""A McDonald's employee collected the prize bag on identifying the UnitedHealth CEO assassin."""
1howwhk,2024-12-29,images/1howwhk.jpeg,"""Someone who is going through a domestic abuse situation might call the police or a hotline and ask to order a pizza. That's a code for asking for help in a way that the abuser would not suspect. They might ask, ""If you need immediate help, ask for mushrooms; if not, get pepperoni."" Or something like that. It's a depressing situation all around."""
1hgp4o3,2024-12-18,images/1hgp4o3.jpeg,"""OH MY GOD THAT HURT.    Or - it was an oily hand print, left when the engine was not hot and it burned the oil away, leaving an image..."""
18lbmit,2023-12-18,images/18lbmit.jpeg,"""Those sonars are strong enough to instantly kill anyone near them so the divers would die fast Edit further explanation  The sonar sets out such a loud sound if you are in water in its proximity when it goes off the ping will shoot through the water and goes through your body which is 70% water and ruptures your organs.  Also yes it can and will kill sea animals that are too close the US navy has confirmed they have accidentally killed atleast 6 whales."""
1fxd9g0,2024-10-06,images/1fxd9g0.jpeg,"""Normal people: ""Chance is 50% and it hadn't happen in a while, so next one gonna die for sure"". Mathematician: ""Each surgery is an independent random event, so probability to die in the next one is 50%"". Scientist: ""50% probability is likely based on all available data, averaged across good/bad surgeons and old/new improved techniques. For this particular surgeon, probability of survival is clearly >>50%, I'm gonna live"""""
1jc0hsb,2025-03-15,images/1jc0hsb.jpeg,"""Sight reading is a skill that students in orchestra or band tend to use; it involves looking at sheet music and imagining what it sounds like before playing it. The sheet says it’s Mary had a Little Lamb, but the notes don’t match up; more precisely it’s the music for Rick Astely’s Never Gonna Give You Up. The poster got pissed that they got Rick Rolled Edit: Apologies but sight reading is a skill that is used by choir as well; I only ever had experience in orchestra and band so I was speaking from my own experience"""
1jiwte2,2025-03-24,images/1jiwte2.jpeg,"""Joe Gatto, a former member of the Impractical Jokers was recently accused of sexual assault by a 19 year old tiktoker or something like that."""
1ijlh5e,2025-02-07,images/1ijlh5e.jpeg,"""What crazy is Christians burned her books when she was writing them as a Christian."""
1e7ln79,2024-07-20,images/1e7ln79.jpeg,"""This is Jack Black and Kyle Gass. Together, they have a band called Tenacious D. The band was tour and during one of their shows Kyle made a joke saying, ""don't miss Trump next time"", in reference to the attempted assassination of Donald Trump. Jack laughed at the joke during the show. But afterwards has released statements condemning the action and canceling the rest of the tour. He later went on to make comments about never working with Kyle again. His best friend and partner of the last 30+ years. Kyle Gass has been vilified by Boomers for making a joke about Trumps attempted assassination. Jack Black is vilified by Millennials for canceling his tour and ending his band/friendship over a joke. A joke that even he laughed at."""
1eqvt3f,2024-08-13,images/1eqvt3f.jpeg,"""He was the Sky King, he was a ground crew guy who stole an airplane and took it up into the sky."""
1h8d39n,2024-12-06,images/1h8d39n.jpeg,"""(deep breath) Here we go, in Zootopia, Disney made several significant changes to the plot before its release, altering the film's tone and themes. Originally, all predators were supposed to wear control collars that shocked them when they felt strong emotions, symbolizing societal oppression, but this concept was deemed too dark for a family movie. The initial story also presented a bleaker view of discrimination, with prey animals as the oppressors of predators, which was shifted to focus on cooperation and understanding instead. The main villain was Initially going to be Mayor Swinton, a pig representing societal control, but was changed to Bellwether, a sheep whose betrayal added a surprising twist. Nick Wilde's backstory was originally darker, emphasizing his childhood trauma from prejudice, but this was toned down for a lighter narrative. The first draft included a storyline where Nick dealt with a virus causing savage behavior but managed to control it, this was simplified in the final version to highlight themes of acceptance.  (Sigh of relief)"""
1lsa3o2,2025-07-05,images/1lsa3o2.jpeg,"""I suppose the person retweeting that is suggesting Italians already do nothing at the work place thus making the Japanese system obsolete as they wouldn't have a problem showing up to the office and doing nothing everyday."""
1hrw33y,2025-01-02,images/1hrw33y.jpeg,"""Some people are very dry in convertations, and think that they are having a good conversation, here the girl is intrested in his texts but doesnt know conversation is supposed to be too way"""
1m4cdos,2025-07-20,images/1m4cdos.jpeg,"""Is it teens taking food to their rooms and losing silverware? That’s my best guess"""
1hzgho7,2025-01-12,images/1hzgho7.jpeg,"""""A duck walked up to the lemonade stand and said to the man, running the stand! Hey, got any grapes?"""""
1ao0u0a,2024-02-11,images/1ao0u0a.jpeg,"""Church's chicken is ubiquitous within deep hood.  Mostly, and this is subjective, because it's fucking delicious and affordable.  Even in really bad neighborhoods, the Church's Chicken still does good business, offers regular employment, and is generally *not fucked with.* A boarded up Church's means the hood is so bad that even the infallible has failed and there is nothing left sacred or sacrosanct.  It means get the fuck out of there while you still can."""
1d2a3jr,2024-05-28,images/1d2a3jr.jpeg,"""They could also die just like the people in the OceanGate Titan sub"""
1fnh2uv,2024-09-23,images/1fnh2uv.jpeg,"""Not 100% sure But Wolfenstein difficultly logo changed based on what u choose easiest will be the protagonist in baby clothes  While the hardest will be the protagonist covered in blood with a psychotic smile"""
1hb73xj,2024-12-10,images/1hb73xj.jpeg,"""Guy who snitched on the ceo shooter for the reward money probably isn’t going to get the reward money."""
1fdewrf,2024-09-10,images/1fdewrf.jpeg,"""Ppl who have strict or live in a more stressful household normally have one side of their headphones off so they can still hear their surroundings in case a parent or anyone calls them."""
1lc2fl5,2025-06-15,images/1lc2fl5.jpeg,"""This is just how bitcoin miners work."""
1hbla1y,2024-12-11,images/1hbla1y.jpeg,"""Best I've got is that feeling when you wake up late for school and get halfway out the door before you realize it's a Saturday and you haven't gone to school in a decade. Except the artist reimagined it with a crow being a lawyer, maybe because crows are known for judging people?"""
1mcbou1,2025-07-29,images/1mcbou1.jpeg,"""It basically means that using AI tools take a huge toll on nature so when the guy uses chatgpt (an ai tool) it ends up drying out the lake i.e harming the environment."""
1jy719n,2025-04-13,images/1jy719n.jpeg,""" This isnt a joke. A least not one I have ever heard. It seems to be a quip to the fairytale that we dont have humor. Like that one: how many germans do you need for changing a lightbulb? Only one, we are efficient and dont have humour."""
1m2af34,2025-07-17,images/1m2af34.jpeg,"""if I remember correctly, these speakers would crackle when there was a call about to start coming in. Not sure of the science, whether it's a frequency interference or something  but yeah I think that's what this is referring to"""
1h5a44z,2024-12-03,images/1h5a44z.jpeg,"""According to reverse image search, that is the Master Debater guy.  He became a meme when he was the ""Both"" guy in the conversation at the bottom of the text. So, he would disarm the stupid fucking shit Jigsaw says and just refuse the trial until he gets let go     LGBTQ rights or economic stability?     - Why can't you have both?     - You need to pick one.     - Refuse the question. - LGBTQ rights or economic stability? - Why can't you have both? - You need to pick one. - Refuse the question. - You can't refuse the question. - I do. - But you can't. - But I did. - But you need to pick one. - No, I don't. - I just said you did. - Hahaha, so what? - Can you pick one? - No, because they're both doable. - No, only one. - I don't have to pick one because we can have both. - But the answer is that both is not an answer. It's not a valid answer. - I reject your question. - You can't reject it. - Just did. - Can you pick one? - I don't have to. - Why? - Because they're both completely doable. - So LGBTQ rights or economic stability? - Both. - That's not an answer. - Yes it is. - LGBTQ rights or economic stability. - Both. - Are you trying to troll me. - No. - I'm just wondering which one you like more. - I like them both, - You can't have both. - Yes you can. - Not in this question. - Haha, too bad. - Why are you trolling me right now? - Because I don't have to choose. - Well, if I had to ask you gender inclusivity or economic stability? - You can have both. - You can't. - Why make this so difficult? I'm trying to pass my final. - Too bad. - Which one do you pick? - I pick them both. - Uhm, that's not a vaild answer. - Too bad. - Okay. [Shaking hands] - Thank you. -Thank you."""
1l6cy40,2025-06-08,images/1l6cy40.jpeg,"""Trans mascs might use tape to bind their chest and make it appear more masculine  Trans fems might use tape to tuck their penis to seem more feminine  Neither of these things should be done with duct tape Edit: i would have put so much more effort into this had i realized it was helpful!"""
1cfsa48,2024-04-29,images/1cfsa48.jpeg,"""Yes, it's a real incident. It happened for xz utils in linux. Someone added backdoor to xz. He was contributing to the project for years so the maintainer trusted the code.  Some guy noticed a difference in milli seconds while benchmarking and it led to him discovering this backdoor."""
1hb1fzc,2024-12-10,images/1hb1fzc.jpeg,"""These memes are going to get relegated to the rubbish heap soon as new info comes to light.  Reports are saying NOT an employee. Some old fart who was eating there called him in. Editing to clarify: good (fucking heavens) people of Reddit. This comment isn’t about correcting a lie with a fact. NONE of US know the facts. That’s the point. It’s all rumors right now."""
1kuwhru,2025-05-25,images/1kuwhru.jpeg,""" (also it should be titin not tintin) METHIONYLTHREONYLTHREONYLGLUTAMINYLARGINYLTYROSYLGLUTAMYLSERYLLEUCYLPHENYLALANYLALANYLGLUTAMINYLLEUC YLLYSYLGLUTAMYLARGINYLLYSYLGLUTAMYLGLYCYLALANYLPHENYLALANYLVALYLPROLYLPHENYLALANYLVALYLTHREONYLLEUCYLGL YCYLASPARTYLPROLYLGLYCYLISOLEUCYLGLUTAMYLGLUTAMINYLSERYLLEUCYLLYSYLISOLEUCYLASPARTYLTHREONYLLEUCYLISOLEU CYLGLUTAMYLALANYLGLYCYLALANYLASPARTYLALANYLLEUCYLGLUTAMYLLEUCYLGLYCYLISOLEUCYLPROLYLPHENYLALANYLSERYLA SPARTYLPROLYLLEUCYLALANYLASPARTYLGLYCYLPROLYLTHREONYLISOLEUCYLGLUTAMINYLASPARAGINYLALANYLTHREONYLLEUCYL ARGINYLALANYLPHENYLALANYLALANYLALANYLGLYCYLVALYLTHREONYLPROLYLALANYLGLUTAMINYLCYSTEINYLPHENYLALANYLGLU TAMYLMETHIONYLLEUCYLALANYLLEUCYLISOLEUCYLARGINYLGLUTAMINYLLYSYLHISTIDYLPROLYLTHREONYLISOLEUCYLPROLYLISOL EUCYLGLYCYLLEUCYLLEUCYLMETHIONYLTYROSYLALANYLASPARAGINYLLEUCYLVALYLPHENYLALANYLASPARAGINYLLYSYLGLYCYLI SOLEUCYLASPARTYLGLUTAMYLPHENYLALANYLTYROSYLALANYLGLUTAMINYLCYSTEINYLGLUTAMYLLYSYLVALYLGLYCYLVALYLASPA RTYLSERYLVALYLLEUCYLVALYLALANYLASPARTYLVALYLPROLYLVALYLGLUTAMINYLGLUTAMYLSERYLALANYLPROLYLPHENYLALANYLARG INYLGLUTAMINYLALANYLALANYLLEUCYLARGINYLHISTIDYLASPARAGINYLVALYLALANYLPROLYLISOLEUCYLPHENYLALANYLISOLEUC YLCYSTEINYLPROLYLPROLYLASPARTYLALANYLASPARTYLASPARTYLASPARTYLLEUCYLLEUCYLARGINYLGLUTAMINYLISOLEUCYLALANY LSERYLTYROSYLGLYCYLARGINYLGLYCYLTYROSYLTHREONYLTYROSYLLEUCYLLEUCYLSERYLARGINYLALANYLGLYCYLVALYLTHREONYLGLY CYLALANYLGLUTAMYLASPARAGINYLARGINYLALANYLALANYLLEUCYLPROLYLLEUCYLASPARAGINYLHISTIDYLLEUCYLVALYLALANYLLY SYLLEUCYLLYSYLGLUTAMYLTYROSYLASPARAGINYLALANYLALANYLPROLYLPROLYLLEUCYLGLUTAMINYLGLYCYLPHENYLALANYLGLYCY LISOLEUCYLSERYLALANYLPROLYLASPARTYLGLUTAMINYLVALYLLYSYLALANYLALANYLISOLEUCYLASPARTYLALANYLGLYCYLALANYLALA NYLGLYCYLALANYLISOLEUCYLSERYLGLYCYLSERYLALANYLISOLEUCYLVALYLLYSYLISOLEUCYLISOLEUCYLGLUTAMYLGLUTAMINYLHIST IDYLASPARAGINYLISOLEUCYLGLUTAMYLPROLYLGLUTAMYLLYSYLMETHIONYLLEUCYLALANYLALANYLLEUCYLLYSYLVALYLPHENYLAL ANYLVALYLGLUTAMINYLPROLYLMETHIONYLLYSYLALANYLALANYLTHREONYLARGINYLACETYLSERYLTYROSYLSERYLISOLEUCYLTHREO NYLSERYLPROLYLSERYLGLUTAMINYLPHENYLALANYLVALYLPHENYLALANYLLEUCYLSERYLSERYLVALYLTRYPTOPHYLALANYLASPARTYL PROLYLISOLEUCYLGLUTAMYLLEUCYLLEUCYLASPARAGINYLVALYLCYSTEINYLTHREONYLSERYLSERYLLEUCYLGLYCYLASPARAGINYLGL UTAMINYLPHENYLALANYLGLUTAMINYLTHREONYLGLUTAMINYLGLUTAMINYLALANYLARGINYLTHREONYLTHREONYLGLUTAMINYLVAL YLGLUTAMINYLGLUTAMINYLPHENYLALANYLSERYL... okay, I give up"""
1m5hngb,2025-07-21,images/1m5hngb.jpeg,"""Hes muted"""
1meqfne,2025-08-01,images/1meqfne.jpeg,"""Cartoon movies tend to have a higher budget and a longer production timeframe and so have higher production values and so tend to use some slightly fancier animation - like *shading.*"""
1j42ha6,2025-03-05,images/1j42ha6.jpeg,"""She’s waiting, leaving the conditioner to ‘do its thing’ for a few minutes (as instructed on the bottle), obviously leading to dark existential thoughts. Which are rinsed away when those few minutes are over."""
1l4x3e6,2025-06-06,images/1l4x3e6.jpeg,"""They are implying a relationship between trumps youngest son, Baron, and elons daughter, Vivian, would end the petty squabbles and reunite the 2 fathers."""
1ilh5o5,2025-02-09,images/1ilh5o5.jpeg,"""I don't know the context but can probably explain simply  -It's good that there's protests against nazis in Germany -..the fact they're needed at all in Germany of all places is *incredibly* concerning"""
1ak7fac,2024-02-06,images/1ak7fac.jpeg,"""The image is of an iconic scene in *Inglourious Basterds* (2009) in which a British officer undercover in WW2-era Germany gives himself away by signaling the number ""three"" with the index, middle, and ring fingers instead of the German way of using the thumb, index, and middle finger. The quoted tweet is of a self-proclaimed ""Native Texian"" arguing for Texas to secede from the United States. He points out that Texas could be a world superpower for, among other reasons, possession of a ""warm water port"". By saying this, he gives himself away as a Russian. Warm water ports have always been a particularly strong geopolitical concern of Russia, being a major motivation of several expansionary wars in her history, as most of her ports freeze over in the winter. Meanwhile Texans, like most of the rest of the world, already have a word for ""warm water port"", and that word is just ""**port**""."""
1cgxri3,2024-04-30,images/1cgxri3.jpeg,"""Mint aggressively spreads everywhere so if you put it in the ground instead of in a pot, it’s going to go crazy and take over your garden"""
1g37mru,2024-10-14,images/1g37mru.jpeg,"""America is very public when talking about racism and racist history and as a result is one of the least racist countries in the world. Go figure. Wile most other countries hide their racist pasts as much as possible breeding deep seeded sensibilities about the topic the most aggressive being Asian countries like Japan where if u aren't a very specific tracable liniage genocide would be preferable to being in ur presence Edit: I'm not going to fix it I'll never fix it get ur English major asses out of my DMs"""
1d4cmmi,2024-05-30,images/1d4cmmi.jpeg,"""They are bright af and can (and did) easily blind people coming across it, leading to tons of car crashes"""
1fwbzz9,2024-10-04,images/1fwbzz9.jpeg,"""A small county sent out an emergency alert to the entire state, setting off everyone’s phone with a loud alarm at 4:53 am. It was to be on alert for a white guy in a blue shirt and pants who shot a cop. Texas is a huge state so people literally 10 hours away got alerted and woken up. Everyone is pissed off, and it’s against the rules of the emergency alert to use it during those hours, and we don’t know if it was by accident or just negligence.  Let me clarify a point: it’s only Amber and Blue Alerts that aren’t supposed to be sent between 11pm and 6am, other emergencies can go off any time. These are also internal rules, not laws."""
1j48jsf,2025-03-05,images/1j48jsf.jpeg,"""This is such a good joke lol. Imagine you haven’t eaten for 18 hours and it’s time for food. But you decide to make a quick 5 min stop to pray. But when you do, the imam starts this long 20 min prayer and now you are stuck in it."""
1fgqhgr,2024-09-14,images/1fgqhgr.jpeg,"""It’s just a joke saying how those type of guys would want to date goth girls"""
1gkpkzj,2024-11-06,images/1gkpkzj.jpeg,"""Her hair style was a safety hazard, so the government asked her to change it to discourage working woman from using the same style."""
1bk0w4q,2024-03-21,images/1bk0w4q.jpeg,""" this happend a few weeks ago a worker from boeing was found dead in his car. He was a whistleblower"""
1ldxsv9,2025-06-17,images/1ldxsv9.jpeg,"""I think it might be similar to men having the ""happy life with a wife and kids"" dream and the after math of feeling empty and sad"""
1jfwi44,2025-03-20,images/1jfwi44.jpeg,"""The downtown area of Dallas is an absolute wasteland.   I'd rather live in Dallas than Detroit but even Detroit has a better downtown. Hell, Ft. Wayne Indiana has a better downtown than Dallas."""
1n3wn5z,2025-08-30,images/1n3wn5z.jpeg,"""Are we looking for a slimy 4 legged creature with a shell?   Am I reading that right?"""
1la9nc0,2025-06-13,images/1la9nc0.jpeg,"""In early 2000s that woman was supposed to represent an ugly person. Now she wouldn't pass as ugly"""
1io0xlg,2025-02-12,images/1io0xlg.jpeg,"""Bionicles were discontinued in 2010, rebooted in 2015, and then discontinued again in 2017."""
1itzxo7,2025-02-20,images/1itzxo7.jpeg,"""It's a joke leaning on a real thing during WW2 in which engineers took a look at returning fighter planes and wanted to reinforce the areas with the most damage.  Until a scientist pointed out that the exact other areas should be reinforced since, planes with damage in those other areas did not return."""
1my8srk,2025-08-23,images/1my8srk.jpeg,"""Jake Paul has been known for picking opponents that are less skilled, and especially much older than him to have an advantage in boxing matches."""
173h766,2023-10-09,images/173h766.jpeg,"""The Cave is a famous allegory where Plato contemplates people who have only experienced the shadows of objects as seen on the wall.  This is their reality, but not a true representation of the world. Having a picture of a window projected on the wall is today’s version of those people who were chained up and experienced life as shadows on a cave wall."""
1ei9oph,2024-08-02,images/1ei9oph.jpeg,"""This is youtuber Filthy Frank, the pink onesie became part of his infamous persona, Pink guy."""
1jben3h,2025-03-14,images/1jben3h.jpeg,"""Waiting for Stalin to die."""
1d2jxbw,2024-05-28,images/1d2jxbw.jpeg,"""Dasani is highly regarded as one of the worst bottled water brands for its supposedly horrible taste"""
1fprfxy,2024-09-26,images/1fprfxy.jpeg,"""The template is from an episode of the Simpsons where the father of Lisa's new friend asks her a brain teaser, finds her answer underwhelming, and then condescendingly hands her a ball to play with instead. That's how the rest of the world feels when Americans say Fall instead of saying Autumn."""
1hpdwjf,2024-12-30,images/1hpdwjf.jpeg,"""Pol Pot killed all intellectuals"""
1lg4lwm,2025-06-20,images/1lg4lwm.jpeg,"""Two things. 1. Chances of collateral damage in the name of the Emperor rises as you add more Space Marines 2. If they're sending that many reinforcements, that means the scope of the enemy threat is far greater than anything you'll survive as a guardsman"""
1m1zjmx,2025-07-17,images/1m1zjmx.jpeg,"""Americans and Western Europeans tend to romanticise Italian culture, while looking down on the Balkans as uncivilised. It’s the same picture, but because one of them is supposedly Naples, it’s looked more favourably upon, and because they don’t actually know that much about the Italian language, they resort to the most stereotypical response. It’s like the Place, Japan meme but with Italy"""
1mbda0w,2025-07-28,images/1mbda0w.jpeg,"""Because Romanian split squats suck"""
1h0vely,2024-11-27,images/1h0vely.jpeg,""" the same actor that played Kevin's dad in Home Alone played a corrupt cop on Tony Soprano's payroll in the long-running TV series The Sopranos."""
1fezs2t,2024-09-12,images/1fezs2t.jpeg,"""5 feels even because we use a base-10 number system, and 5 is half of 10. So we frequently associate 5 with ""half."""""
1ludlky,2025-07-08,images/1ludlky.jpeg,"""He's saying a basic user facing part of Windows was done in a way that's really easy for the developer and doesn't run as fast."""
1fsiqp1,2024-09-30,images/1fsiqp1.jpeg,"""The fact that he’s so highly paid indicates that he has very useful skills and would be hard to replace. This means that he doesn’t have to wear super formal attire like a business suit to company meeting as no one wants to force the issue and risk him quitting or try to threaten to fire him over such a relatively small thing."""
1gdhypf,2024-10-27,images/1gdhypf.jpeg,"""Mississippi has the lowest ranked education system of any state in the country, but the house is incredibly cheap compared to other places. Edit: Apparently they aren't in last place anymore, but they were for a while and that's the reference"""
1hmjkyu,2024-12-26,images/1hmjkyu.jpeg,"""A man filed a wrongful death lawsuit against Disney after his wife died due to consuming food containing allergens at a Disney World restaurant. They had asked multiple times if her allergies could be accommodated. Disney filed court documents saying the $50,000 lawsuit should be dismissed and resolved by individual arbitration because of terms the man had agreed to when he signed up for a free trial of the streaming service Disney+. The filing also says he accepted the same terms when he used the Walt Disney Parks website to buy tickets."""
1hkpqtz,2024-12-23,images/1hkpqtz.jpeg,"""We don't crack winrar because we don't need to have the license to use it"""
1lnxt91,2025-06-30,images/1lnxt91.jpeg,"""“Hard times create strong men, strong men create good times, good times create weak men” is the original. The “joke” is that there’s always war in the Middle East."""
1g7r5gs,2024-10-20,images/1g7r5gs.jpeg,""" There is this really long youtube video about power structures in society that was themed like a bad minecraft parkour parkour video (which gave it charm). The beef is better because you can do more parkour  from its energy but its more risky to go for the 2 block vertical jump than the 1 block vertical jump. In this picture she has to jump for it, but if she misses, she falls through the bottom of the aircraft."""
14o8yar,2023-07-01,images/14o8yar.jpeg,"""Jeremy dislikes the idea of someone going to a bar to do an activity alone, reading a book implies they dont want to interact with others. Hat is saying the reason he dislikes book readers is because he wants to bother women."""
1dmq4sy,2024-06-23,images/1dmq4sy.jpeg,"""Weights to failure and you just stop lifting.  Run to failure and your body just stops working for awhile."""
1gwbcc1,2024-11-21,images/1gwbcc1.jpeg,"""Fahrenheit 451 is a 1953 dystopian novel by American writer Ray Bradbury. It presents a future American society where books have been outlawed and ""firemen"" burn any that are found.The novel follows in the viewpoint of Guy Montag, a fireman who soon becomes disillusioned with his role of censoring literature and destroying knowledge, eventually quitting his job and committing himself to the preservation of literary and cultural writings. Nineteen Eighty-Four is a dystopian novel by George Orwell, published in 1949. The book is about a world where governments control and monitor everyone's lives. The novel's title and many of its concepts, such as Big Brother and the Thought Police, have become bywords for modern social and political abuses. The book is about Winston Smith, a citizen of Oceania who is trying to rebel against the Party and its leader, Big Brother."""
15ilqvp,2023-08-05,images/15ilqvp.jpeg,"""Philomena Cunk (alias) from Cunk on Earth. Bloody brilliant show, she is portrayed as someone who sees things for their face value, and then makes fun of the people who have studied them for years."""
1m32cq6,2025-07-18,images/1m32cq6.jpeg,"""I know this one. A guy had a spool of wire and it finally ran out after 40 years. As he was sitting and reminiscing about it he told his wife. She dismissed it and changed the subject going on about something else."""
1kzu82g,2025-05-31,images/1kzu82g.jpeg,"""The image in the last panel is a famous optical illusion, where it can be seen as an old or young woman The old woman is looking down, the mark to the right of the face is her eye, the young woman is looking left and away from us, the old woman’s eye is her ear"""
1jzx6b9,2025-04-15,images/1jzx6b9.jpeg,"""The robot is a ""Dalek"" from the hit TV show called ""Dr Who"".  Their purpose to eradicate all life. The meme is pointing out that the white house messaging sounds an awful lot like the Dalek, so it's just one of them running the white house twitter page."""
1hufft1,2025-01-05,images/1hufft1.jpeg,"""Bryan Johnson is an American businessman who has the mental illness of thinking he wants to live forever as a teenager. He spends money on plastic surgery and drugs to make himself younger and slow down the biological process of ageing.    This Meme mocks him by saying that he will be so young by 2050 that he is an infant again."""
1h1pos1,2024-11-28,images/1h1pos1.jpeg,"""This goes over the sense of humor of each generation. Boomers grew to have a haughty attitude about how they believe their lives were harder Gen X tends to do some dad-joke-y type stuff Millennials often do relatable humor about mental health Gen Z tends to be absurdist to the point where simple captions on innocuous images are found to be funny"""
1lccgy2,2025-06-15,images/1lccgy2.jpeg,"""As I understand, this is referencing industrialization and its effects on the lumber industry. When the bottom board was created, newly minted machines would have carved it from sturdy and long-living trees. Unfortunately, the rate at which we used those trees outpaced our ability to replace them: we've now turned to planting and **selectively breeding** trees for the express purpose of being used for lumber ASAP. But faster growing trees do not equal healthier trees, the result being shittier wood products entering the market as time goes on. Edit-- referred to selective breeding as genetic modification; no technology altering their cells was involved"""
1c6zoan,2024-04-18,images/1c6zoan.jpeg,"""That's a (slightly edited) picture of Todd Howard, the director, executive producer, and public spokesperson for Bethesda Games. He lead development on all the Elder Scrolls games (Skyrim), Starfield, and Fallout 3, 4, and 76. Recently the Fallout TV series was released and it featured an event that happened in one of the endings of ""Fallout New Vegas,"" a game published but *not developed* by Bethesda. But the event in question happens in different years in each of New Vegas and the TV show. Because of this Todd was asked recently whether New Vegas or the TV show is canon to the series at large, and if New Vegas is, which ending. His response was ""all of Fallout is canon."" Which doesn't really answer any questions or make sense."""
1hjkxoj,2024-12-21,images/1hjkxoj.jpeg,"""Horror sub-genre and general superstition that climbing an empty staircase in the woods will either curse you or transport you to an alternate reality with little hope of finding your way home."""
1hpznde,2024-12-30,images/1hpznde.jpeg,"""They are cute."""
18nq0u1,2023-12-21,images/18nq0u1.jpeg,"""Star Trek is a communist nightmare where everyone is equal, fed, clothed, medically cared for and accepted, and their focus is on science and improving the circumstances of life for all space-traveling sentient beings. Dune is a capitalist paradise where an inhabited foreign planet is stripmined for its resources and its inhabitants are killed or enslaved, one or two families have literally all the wealth and power, have their own rules, and the ruling class live in never-ending excess, as long as the planet's natural resources don't dry up."""
1hsj1w0,2025-01-03,images/1hsj1w0.jpeg,"""parody of a tweet where a guy says ""if youre a guy in your early 20s, buy a rolex, go into debt if you have to"" addendum: the account's name and specific plant (peace lily) are a reference to the movie Hot Fuzz, yall can stop commenting it now"""
1gqab8y,2024-11-13,images/1gqab8y.jpeg,"""Probably not much to it. In some countries in Europe people just silently stare at Russians to make them feel unwelcome. Ever noticed, that this meme template changes eye colour from blue to brown? Never notice that before."""
1lsvvlw,2025-07-06,images/1lsvvlw.jpeg,""" The picture is there to imply that the original post about illegal immigrants getting MedicAid is fake, posted by a Russian soldier working on a troll farm."""
1irxw6j,2025-02-17,images/1irxw6j.jpeg,"""Unfortunately for humans violence is typically the answer. Nothing stokes human creativity like trying to kill a mfer you don't like."""
1jqb3a7,2025-04-03,images/1jqb3a7.jpeg,"""Its a reference to a story where a guy was unconscious and dreamt up the whole scenario. In reality he did not have a wife or kids. In the ”dream” he started seeing the lamp look weird close to him waking up."""
1i5ve1j,2025-01-20,images/1i5ve1j.jpeg,"""There were protests in China, Tiananmen Square, in 1989, ended up with lots of casualties. And TS stands for Taylor Swift, born in 1989"""
1iwpukl,2025-02-24,images/1iwpukl.jpeg,"""He's rich because he has family."""
1i82fu3,2025-01-23,images/1i82fu3.jpeg,"""It's probably about the storm area 51 meme from a few years back"""
1l8szrg,2025-06-11,images/1l8szrg.jpeg,"""Many people found this tweet funny because you'd expect people to hate Elliot Page because they're trans, but this Twitter user seems to genuinely think Page is a bad actor and hates them because of that and not because they're transphobic. I think this Twitter user was referred to as the ""trans inclusive hater"" by some people."""
1mfwf3a,2025-08-02,images/1mfwf3a.jpeg,"""It’s hush money. She gets seeksed by the dad.  I can tell this because I know what the seeks is and how it’s performed. I have the seeks a lot. Edit: Thank you Guys for all the upvotes,  it made my day!  You the real MVPs😭😭😭"""
1bislje,2024-03-19,images/1bislje.jpeg,"""secret military base."""
1l3vdlp,2025-06-05,images/1l3vdlp.jpeg,"""She went to a classic barber shop to get a haircut and she still had too much hair (probably because the lady thinks she doesn't want short hair because she's a girl). Dissatisfied she goes to a more progressive barber and she gets a short cut, and the lady of the first shop isn't excited to see that she wasn't happy with her haircut."""
1ftjl0i,2024-10-01,images/1ftjl0i.jpeg,"""Nestle Bad (Child labor and little to no payment)"""
1kuej42,2025-05-24,images/1kuej42.jpeg,"""Elon Musk: hated tech oligarch who's obsessed with money and power. Gabe Newell: Co-founder of valve. Although he's also incredibly well off, he's pretty beloved and Valve have a history of being very consumer orientated. I wouldn't trust a brain implant from Musk, it would just turn into an advert serving device plugged right into your brain. But Gabe I'd assume his only motive is to invent a more immersive form of VR."""
1e0t2sh,2024-07-11,images/1e0t2sh.jpeg,""" Azur Lane is a gacha game about WWII ships turned into Anime Girls. The skin above is for a girl based on the Japanese munition ship IJN Kashino. This skin got some controversy for being extremely voluptuous, and some sexist rhetoric was thrown around about the creators of this game never seeing a woman. However, the CEO of the company behind Azur Lane is a woman."""
1h8140n,2024-12-06,images/1h8140n.jpeg,"""There was a pokemon episode that caused epilepsy seizures if im not mistaken"""
1j6znl1,2025-03-09,images/1j6znl1.jpeg,"""The Library of Ashurbanipal in Nineveh stored a large number of clay tablets with cuneiform texts carved into them.  These were notably impermament and frequently erased--but when the city burned, the tablets were baked and preserved."""
1l24rvp,2025-06-03,images/1l24rvp.jpeg,"""Original movie Nani fights to keep Lilo with her to keep their family together. New movie, she gives Lilo to a neighbor to leave Hawaii to go to college."""
1ch74oy,2024-04-30,images/1ch74oy.jpeg,"""That's the infamous Killdozer, made by a dude who turned his buldozer into a tank, complete with armor plating, and drove it through town wrecking shit until it ran out of gas, then shot himself.  Oh, and he'd welded himself in, so cops had to cut through thick ass steel plates to get his body out. Edit:  actually the reason he stopped was even more hilarious than I remembered - he actually got stuck in someone’s basement. Edit 2:  technically he didn’t weld himself in, cops discovered an escape hatch after they cut him out.  That was new information for me haha."""
1hi6j03,2024-12-19,images/1hi6j03.jpeg,"""I presume she's living in a household with a husband and at least one child. All the children have been inside her body because, well, she gave birth to them. Her husband has been inside her body because sex edit: STOP RESPONDING TO THIS WITH THE SAME SHITTY ASS JOKE ABOUT 'oooo bUT sHe LIvEs wItH hER PaRenTS' or 'oooo wHaT thE dOg dOin'"""
1m1btjt,2025-07-16,images/1m1btjt.jpeg,"""The woman is Philomena Cunk. He is famous for her satirical interviews where she asks very basic or stupid questions about whatever topic the expert is there about"""
1f2fg4e,2024-08-27,images/1f2fg4e.jpeg,"""He's impressed that Latinos *allow* their wives to speak to them like that"""
1f060uv,2024-08-24,images/1f060uv.jpeg,"""I've never done one of these before! This is a clip from ""Schoolhouse Rock,"" a series of American musical animated shorts created to educate children in the 1970's. This specific shot is from the song ""I'm Just a Bill,"" which goes over the basics of how laws are passed in the U.S. government. For a bill to become a law in the United States, both the House of Representatives and Senate must agree to what the bill entails for it to be codified into law. The bill then goes to the president, and they can choose to codify it into law or veto it. The person responding is poking fun at the OP for not understanding how bills are passed, and is suggesting that they review the basics. Schoolhouse Rock is still used as educational content in classrooms today, so this image also has an air of nostalgia to those who grew up watching these clips in school."""
1gf7o55,2024-10-29,images/1gf7o55.jpeg,"""Odysseus, hero of Homer’s epic The Odyssey, had a dog in Ithaca named Argos. Argos was unrelentingly loyal to Odysseus. While Odysseus was away (for something like 20 years), a tremendous number of men wanted to marry his wife, Penelope. There was the concern that, upon seeing Odysseus’ return, these men may have attempted to kill him. So Odysseus returned to his home in disguise in order to bypass these men. No one recognized Odysseus (including his own son). Argos was still alive when Odysseus returned. At this point, Argos was incredibly old and was in poor condition after years of neglect. Despite his decrepit state, Argos recognizes Odysseus, even mustering the strength to wag his tail at the sight of his beloved master. But for Odysseus to acknowledge Argos would mean for him to blow is cover. So Odysseus had to pretend not to see or know Argos. Hence why Odysseus walks past the dog in the meme and can be seen to be crying in the last frame. Shortly after this happens, Argos passes away.  Argos waited until Odysseus returned before allowing himself to die."""
1bm9tch,2024-03-24,images/1bm9tch.jpeg,"""People throw small bills at strippers (usually $1), and the floor ends up covered with them. Obviously it's against the rules as a customer there to pick up money on the floor. If you were to put tape on the bottom of your shoes you could pick up all the bills without getting noticed (theoretically) by walking on them. He did this, got banned from every strip club in the city, and only made $27."""
1m2gs5n,2025-07-17,images/1m2gs5n.jpeg,""" The joke is that women dont want to be around incels. And who would, amiright?"""
1fxu814,2024-10-06,images/1fxu814.jpeg,""" Terrorists use Toyotas because they’re practically indestructible and very reliable. Terrorists don’t like pride folks, so Toyota has to distance themselves from it so they can keep the business. """
1dv83hh,2024-07-04,images/1dv83hh.jpeg,"""It’s a stereotype that black peoples favorite alcoholic beverage is Hennessy, and if they didn’t ask or didn’t know his taste beforehand, this definitely comes off as racist but it doesn’t look like he’s complaining too terribly"""
1ih9bat,2025-02-04,images/1ih9bat.jpeg,"""His daughter is a pilot, he wished she were a doctor so now she is, but no longer knows how to fly the plane."""
1jvvh9j,2025-04-10,images/1jvvh9j.jpeg,"""  Army boys named this ""carousel of death"".   Crew members of this russian tank are dead. Driver's dead corpse locked controls in place where tank automatic transmission is running without brakes, but still able to move forward with locked turn control.   So this tank will roll endless circles untill it runs out of fuel."""
1bzrjqw,2024-04-09,images/1bzrjqw.jpeg,"""It means she didn't get her period. Women can't fast while on their period. At least, that's what I think this means."""
1dkzmra,2024-06-21,images/1dkzmra.jpeg,"""On the most simple level, Xavier fights injustice through peaceful means but Magneto fights injustice with violence. Xavier is more passive and willing to work and compromise with humans. Magneto is a holocaust survivor and is uncompromising and untrusting of humans - he doesn't trust human institutions to do the right thing. So, the most charitable reading of her tweet is just that Magneto was right - strong action must be taken against injustice and a peaceful passive approach doesn't work. I don't know her intended meaning. A lot of people here are getting into the specifics of Magneto's plans (separate country for mutants etc.). Maybe she did mean something more specific. Either way whatever point she's making isn't clear. Edit to add: I don't think she's condoning violence or separation etc. I think the general point may just be that Magneto is correct to distrust humans. Obviously, in real-world terms, humans would be those in power etc."""
1hqcxoa,2024-12-31,images/1hqcxoa.jpeg,"""French Queen is famously quoted to have said If they dont have bread they shall eat cake Nevertheless people were starving and beheaded her The joke is that the addition of ice cream wouldnt change that"""
1knlgt1,2025-05-15,images/1knlgt1.jpeg,"""This is from the movie The Neverending Story."""
1k9xaf4,2025-04-28,images/1k9xaf4.jpeg,"""OP thought socialism should be the worse option"""
1htm33y,2025-01-04,images/1htm33y.jpeg,"""Philomena Cunk, a character played by Diane Morgan, whose comedy act is to do fake documentaries while asking comically stupid questions and giving stupid answers."""
1l5dssn,2025-06-07,images/1l5dssn.jpeg,"""Mary Jane is slang for weed, most young children don’t know that."""
1jv5grl,2025-04-09,images/1jv5grl.jpeg,"""1. Abusive relationship (The axe chops the wood)   2. Symbiotic relationship (The bees and flowers help each other thrive)   3. Explosive relationship (Mentos in Coke create a violent explosion of CO2)"""
1kbvx9r,2025-05-01,images/1kbvx9r.jpeg,"""Thats the kid that created the pirate bay.  Gottfrid Svartholm"""
1m1dxnn,2025-07-16,images/1m1dxnn.jpeg,"""I suspect ornagutan joke is actually gorilla joke of 1897. ""Did you hear about the gorilla who escaped from the zoo?"" The zookeeper responds, ""No, I did not"" and the gorilla says, ""That is because I am a quiet gorilla,"" ""\[Muffled sounds of gorilla violence\]"""""
1dk6kds,2024-06-20,images/1dk6kds.jpeg,"""In this episode of Tom & Jerry, Tom arrives at the gates of Heaven together with a group of other cats who recently died. These kittens are inside of a soaked sack, implying that they were drowned. The gatekeeper even says this has happened a lot."""
1j0j6bz,2025-02-28,images/1j0j6bz.jpeg,"""The joke is that you can tell she has a boyfriend because he's checking her car's tyres are correctly inflated."""
1e32frt,2024-07-14,images/1e32frt.jpeg,"""The guy on the left is a professionally trained MMA fighter. The guy on the right is a professional body builder with no MMA training. So despite the size difference the smaller guy would most likely win in a fight."""
1bl1z1m,2024-03-22,images/1bl1z1m.jpeg,"""I had a cat since my teenage days and she was never affectionate, hated to be picked, would never come to anyone's lap, etc. but she didn't like being alone. She'd always find the room with the most people in sit on a couch or something.  Come 2019 and out of nowhere she started sleeping in my bed, headbutting my hand for hugs, and would even come to my lap when I'd watch tv, or sit on my PC desk when I was on the internet or playing a game. Shortly after she stopped eating and a month later she died..."""
1js94vc,2025-04-05,images/1js94vc.jpeg,"""By including India in the list, the OOP, has revealed they are Indian."""
1bsdc0l,2024-03-31,images/1bsdc0l.jpeg,"""The Romans did not like the Germanic Tribes at all. It was in fact the Germanic Tribes that were an important factor in the downfall of the empire Edit: What I have just said is basically a CliffNotes explanation of what really happened. Was obviously more complicated than this but this is the gist of it"""
1hqxw5e,2025-01-01,images/1hqxw5e.jpeg,"""Guy faked being blind/disabled, the police shepherd is reassuring the other dog that had been helping the criminal as a guide dog that he didn't have anything to do with it."""
1axcdit,2024-02-22,images/1axcdit.jpeg,"""Yes. The tweeter is saying to memorise numbers 10 to 99. The humour is that because everyone already knows them, it's absurd to suggest memorising them. Also, you don't 'memorise' them you remember them because they're all the pairs of digits 0-9 (excluding where the first is 0) which is much more efficient, which makes it even more absurd. The funny part is that, however absurd this is, the reader is forced to admit that it would be pretty embarrassing to not know the number 57 at a party, so you bregrudgingly agree with the message of the tweet in spite of its absurdity."""
1g4o43c,2024-10-16,images/1g4o43c.jpeg,"""It's an edited screenshot of Untitled Goose Game. In this game, you play as a goose who either mildly inconveniences people or straight up wreaks havoc by terrorizing innocents. The dragon is from the Dragon Ball series, and is summoned by gathering all of the dragon balls and then grants a wish to whoever summoned it. The wishes can range from wanting a boyfriend to bringing back the dead, so the dragon can do just about anything. The goose honks to communicate its wish to the dragon. We do not understand the honk, but the dragon does and grants the goose's wish. Not being able to notice what had changed is terrifying because of the mischievous and chaotic nature of this goose. It could have done something minor or all hell could break loose at any second, and we have no way to know because we do not speak goose."""
1bgs29a,2024-03-17,images/1bgs29a.jpeg,"""It's a common belief that foot injuries in horses (such as Eddie) are untreatable. Though usually the injury is a broken leg, rather than a paper scratch."""
1mbtnc9,2025-07-28,images/1mbtnc9.jpeg,"""Those 196 drinks are very high in alcohol content and incredibly cheap. Everything that happened after drinking it was a blur and they did some heavy spending."""
1it22oa,2025-02-19,images/1it22oa.jpeg,""" Jesus said ""Let he who is without sin cast the first stone"" in response to the Pharisees' challenge to stone an adultress to death. It happens many times in the Gospels that Jesus refutes overly literal readings of the Old Testament, emphasizing the spirit of the law rather than its letter. This Twitter user is making a comparison to TV shows where plot devices come back later in a different context."""
1jsr93j,2025-04-06,images/1jsr93j.jpeg,"""One is right One is obviously wrong One is slightly wrong  One is almost identical to the right one (but still wrong)"""
1j81ggd,2025-03-10,images/1j81ggd.jpeg,"""it's just really annoying"""
1nb0e72,2025-09-07,images/1nb0e72.jpeg,"""Trump and his allies want to ban transgender Americans from owning guns.  Libertarians, the NRA, and Gun Owners of America are against despite being traditionally strong allies of Trump. But to my knowledge none of the organizations have issued statements about the proposed policy and I dont plan to look.  But regardless, for once the answer is not porn which is still noteworthy. Edit:  Per other comments the NRA has issued a statement. 2nd edit:  GOA has issued a statement as well per other comments.  So I assume a Libertarian party of some state has issued a statement.  It remains highly notable that the answer was not porn."""
1jp91mi,2025-04-01,images/1jp91mi.jpeg,"""The 1991 movie Robin Hood Prince of Thieves had a song by Bryan Adams called Everything I Do, I Do It For You It was basically the Let It Go of 1991"""
1gioydf,2024-11-03,images/1gioydf.jpeg,"""Peanut. A guy on Tiktok took in an injured baby squirrel and raised it illegally as a pet. NYC government confiscated him and then killed him to test for rabies."""
1j8otjf,2025-03-11,images/1j8otjf.jpeg,"""Crayon melting was very trendy in the 2010s and this specific design with the umbrella was commonly imitated. So he says he's an artist but isn't actually creating anything new or unique. I've never seen the image used in a homophobic context, but if that's something that's popped up recently I'm not surprised."""
1cunh4e,2024-05-18,images/1cunh4e.jpeg,"""Boomers make jokes about the old times, Gen X likes puns, Millenials make self-deprecating humor and Gen Z like absurdist/nonsense humor. Just poking fun at the preferred types of joke from each target audience"""
1bdho8z,2024-03-13,images/1bdho8z.jpeg,"""Willem Dafoe needed a body double for a nude scene in the movie AntiChrist because, apparently, his penis was ""too large."""
1kf3t0e,2025-05-05,images/1kf3t0e.jpeg,"""You can't legally pump your own gas to  your car, in New Jersey. It's the only exception to the USA ""pump your own gas""thing."""
1mcn7no,2025-07-29,images/1mcn7no.jpeg,"""Yeah, I think it means they are just barely meeting the requirement. The woman is expecting the six figures to be half a million or more."""
1m56dfc,2025-07-21,images/1m56dfc.jpeg,"""Sometimes credit scores go down when you pay something off, which is counterintuitive , but does happen"""
1lgqywl,2025-06-21,images/1lgqywl.jpeg,"""3.6 is the level of radiation measured at the Chernobyl disaster (the real radiation level was much higher, but the devices they used could only measure up to 3.6)"""
1kt6db4,2025-05-23,images/1kt6db4.jpeg,"""Shooting from the hip here. But all humans spoke the same language until the Tower of Babel was destroyed.  Duo lingo is a language learning app or something so he destroyed the tower for $$$"""
1910tjw,2024-01-07,images/1910tjw.jpeg,"""Like 75% of the canadian population live in this small slice of canada. Most of the northern parts of canada has a very small population.   *** correction 90%+ not 75%"""
1c7u3gp,2024-04-19,images/1c7u3gp.jpeg,"""An Islamic Prophecy. Saudi's desert turning green is part of a minor signs of The End"""
196ev62,2024-01-14,images/196ev62.jpeg,"""It’s a reference to this “Tank man” image from the Tianeman Square Democracy protests and subsequent Chinese military crackdown in 1989. The PRC has done everything they can to wipe it from the collective memory of their citizens including on the internet."""
1bpvnv6,2024-03-28,images/1bpvnv6.jpeg,"""The Dead Internet Theory is a conspiracy theory hypothesizing that most of the internet has been taken over by artificial intelligence and most of the content on the web is fake and not produced by real humans. The theory was created by anonymous users of 4chan's /x/ (paranormal) board and Wizardchan around September 2019 and popularized over the following years online, becoming one of the most well-known internet mysteries. Kind of funny since it would've been speculative in 2014 and seen as nuts, especially since the internet and meme culture was not as ubiquitous as it is now. The term starts in 2019. """
1dilwva,2024-06-18,images/1dilwva.jpeg,"""Hey! I know this one! The Ring of mushrooms is what's known as a fairy circle. Just one of those weird things nature does.  But, there are stories/folklore that it's a door for fairies to come through, or trap you ( Foggy memory) Apparently, iron weapons are how you defeat  fairies, which are scary AF in most folklore. Old playgrounds used to be made of iron, and then sometime around the 90s they started getting converted to plastic. So the joke being, without the iron from the old slides, the fairies are attacking / taking over"""
1h47mr3,2024-12-01,images/1h47mr3.jpeg,"""What the wisher truly deserves is something not as great as they believe, maybe a punishment of some sort.  The genie, having taken a dislike to this deplorable person, is glad to be able to enact justice on them."""
1hyxtj6,2025-01-11,images/1hyxtj6.jpeg,"""number of cop cars indicates the severity of the crime"""
189r3a0,2023-12-03,images/189r3a0.jpeg,"""The joke is the subversion that she's a genuinely good boss compared to Cuzco, when asked if anyone else wants to leave, they said no and carried on with their jobs which is also humorous."""
1fo2vo9,2024-09-24,images/1fo2vo9.jpeg,"""Maybe it’s about synesthesia: People associate e.g. numbers with colours, sounds, smells,… Some people paint pictures with similar colours when listening to the same music.  I don’t have synesthesia, but I totally see how all those things are the same. They make me feel the same way when I think about them, like their all in the same drawer in my head.  (This sounds like I’m a total nut case.) (Edit: Who can’t form correct sentences.)"""
1m0b8uv,2025-07-15,images/1m0b8uv.jpeg,"""The joke is that the people on the bottom are coming for the people on the top as if they're the enemy.  But it's not a very good joke as it doesn't really make sense in terms of Squid Games."""
1aj5kbu,2024-02-05,images/1aj5kbu.jpeg,"""There's an old joke: A man goes to the doctor and says ""I hate my life and I'm always depressed."" The doctor says ""my prescription is for you to go see the Great Clown Pagliacci. He's doing a show in town."" The man breaks down crying and says ""But Doctor, I AM Pagliacci."" This is a play on that. I'm not sure if there's any deeper meaning. Maybe saying that bankers are clowns? EDIT: Everyone can stop responding telling me it's from Watchmen now."""
1c22s8b,2024-04-12,images/1c22s8b.jpeg,"""Joji is filthy frank (the guy in the left) made content on YouTube that was very unusual. I highly suggest watching it cause a lot of memes came from him.  Now he makes chill music and all ties to the character are cut.  Miss papa franku"""
1jdkrcs,2025-03-17,images/1jdkrcs.jpeg,"""  Basic logic says you can say if something is true or false unless you know both variables. The guy only knows that he is in love with the girl. How did I figure that out? Well if he wasn’t, he’d have said no. But by saying I don’t know, he’s saying that he does but doesn’t know what she thinks. She’s blushing because she knows he loves her based on his answer. """
16rfaq7,2023-09-25,images/16rfaq7.jpeg,"""There was a moment in a Super Mario 64 speedrun where a runner was suddenly warped right to where he needed to be while heading through Tick Tock Clock. He placed a thousand dollar bounty on replicating the glitch, but it was later discovered to have been caused by a single bit being flipped on the CPU. This was caused by a particle of solar radiation colliding with the precise register that held the bit. It was such an incredibly unlikely event that sent the community into a frenzy."""
1f2wmge,2025-08-28,images/1f2wmge.jpeg,"""Brad Pitt and Tom Cruise have estranged kids."""
1am1v9d,2024-02-08,images/1am1v9d.jpeg,"""As the classic rebuttal goes: “States’ rights to what?”"""
1mjwg37,2025-08-07,images/1mjwg37.jpeg,"""The joke is torrenting.  Free and worldwide sharing of data and media, so no one needs to pay for stuff. Films, books, TV shows, games, music, anythign and everything (well most things) are available for free via torrents.  The films downloaded have titles which describe their resolution and quality, making up those numbers. H264 being the codec, 1080p being the resolution, 2022 being the release year.  The left guy is the ""Subscriber"", who chooses to pay the multibillion dollar corporations instead of just sourcing the stuff himself because he loves law. As his shirt says. Sail the high seas.  LONG LIVE PIRACY"""
1kofoc4,2025-05-17,images/1kofoc4.jpeg,"""bedbugs"""
1l06efe,2025-05-31,images/1l06efe.jpeg,"""Their girlfriend is texting him because she feels guilty that she hooked up with someone at the resort she’s staying at."""
17x9hia,2023-11-17,images/17x9hia.jpeg,"""Our bodies are built for endurance. Our method of locomotion is extremely efficient. One of the theories behind why we lost so much of our body hair is so we can stay cool for longer so we can keep hunting for longer. We have the biggest ass muscles by percentage of total mass in (I am pretty sure) the entirety of the animal kingdom. We need far less water and far less food. Our muscles are mostly the slow twitch ones that can endure for long periods of time. We have pack tactics, and we are smart enough to even be able to track birds. If a group of ancient humans wanted to follow you, the chances of you getting away were pretty much nothing zilch."""
1ihdni9,2025-02-04,images/1ihdni9.jpeg,"""Silent hill 2 and resident evil 4 joke. Both games have escort missions featuring those blonde girls. Maria in 2 is feisty and will argue with you. Ashley in RE4 does what Leon tells her.  On the flipside, James in SH2 is a civilian who isn't afraid to get filthy. While Leon in RE4 is a highly pragmatic professionally trained soldier. It's a joke about contrasts."""
1arjiwr,2024-02-15,images/1arjiwr.jpeg,"""Recently bodycam footage has been released where a stupid police officer heard an acorn fall on the roof of his cruiser, causing him to believe the unarmed, handcuffed individual in the back that he arrested was firing on him."""
1gs1f00,2024-11-15,images/1gs1f00.jpeg,""">The high-pitched squeak of a squeaky toy mimics the sound of a scared or injured animal, which triggers a dog’s natural hunting instinct. -Google"""
1gnr7h2,2024-11-10,images/1gnr7h2.jpeg,"""JK Rowling, author of the Harry Potter series, is known for having very... shall we say, *whimsical* character names in her books. Many of them (especially the faculty of Hogwarts) are alliterative. Severus Snape, Minerva McGonagall, Filius Flitwick, Poppy Pomphrey, etc.  This meme satirizes this naming trend by showing a scene where Dumbledore rejects a teacher candidate for not having an alliterative name, suggesting that it's Dumbledore's doing rather than Rowling's."""
1c1cqsu,2024-04-11,images/1c1cqsu.jpeg,"""It's Warhammer 40k. Orks are a race of space orcs that posses a very weak psychic ability. They are also naive, and believe a lot of stupid things - like ""red things go faster"", or ""purple things are stealthy"". Through their belief, they subconsciously affect the psychic field, and the power of the entire race combined makes those superstitions a reality. So an Ork spaceship painted red _does_, in fact, go faster, and a ship painted purple is harder to detect on radar. So the joke here is that the Ork painted his bike purple, the stealthy color, thus making it invisible."""
1m4rpyw,2025-07-20,images/1m4rpyw.jpeg,"""Its apparently common/ a stereotype for autistic people to like trains, and most people in America are vaccinated"""
1gzjhy0,2024-11-25,images/1gzjhy0.jpeg,"""Both the main characters were deeply flawed, damaged people that are terrible role models, and the messaging if the story is not meant to give you advice, but be a cautionary tale"""
1mblu7l,2025-07-28,images/1mblu7l.jpeg,"""pretty sure thats ham on his face"""
1i87mx9,2025-01-23,images/1i87mx9.jpeg,"""There's a SMN video detailing why conservative comedy ""isn't funny"". It's like 80 minutes long. The tldw is that conservative comedy absolutely can be, and regularly is, but that current conservatives just prioritize the notion of left-wing people being mad as the joke. That's it. This tweet sums it up pretty well. There literally is no joke, leftists point this out, and right-wingers laugh anyways because that's the joke. No one is missing the joke, they just aren't telling one.  They're essentially laughing at people pointing out how stupid they are."""
1n8395u,2025-09-04,images/1n8395u.jpeg,""" sparklings in the Transformers universe are what Transformers call their offspring. So when she says she's drinking 'sparkling water', all the Transformers think she's drinking the blended juice of baby Transformers."""
18ksbh0,2023-12-17,images/18ksbh0.jpeg,"""Terrifying story.  Divers were sucked in to a pipe they were working on four of the five died. There is gopro footage proving the other 4 survived for quite a while after being sucked in.  """
1lryeej,2025-07-05,images/1lryeej.jpeg,"""Its quite obvious, the punchline is that she is wearing a suggestive outfit while telling him we can’t be together."""
1k25b9s,2025-04-08,images/1k25b9s.jpeg,"""There is a theory for the extinction of dinosaurs other than the the asteroid thing : massive volcanic eruptions around the same time, specifically, the Deccan Traps in India. The Deccan Traps were massive volcanic eruptions in India around 66 million years ago that released toxic gases and disrupted Earth’s climate.   They likely worked alongside the asteroid impact to wipe out the dinosaurs."""
1e4lys5,2024-07-16,images/1e4lys5.jpeg,"""In the last part of Harry Potter and the Deathly Hollows, the Wesley twins join the battle for Hogwarts against Voldemort's forces. George's ear gets blasted off and Fred is killed in the fight. His actual desire is to see his brother alive again."""
1hmbnol,2024-12-25,images/1hmbnol.jpeg,"""That command line, “sudo rm -fr /\*” is a command to remove the french language pack from your computer… *Technically* It does this by completely wiping your entire system, including the OS. Basically bricking your computer and forcing you to do a full reinstall of the operating system."""
1izj4eu,2025-02-27,images/1izj4eu.jpeg,""" PETA is the People for the Ethical Treatment of Animals. their stated mission is to get rid of all animal testing and have people treat animals nicely. what they actually do is run high-kill shelters, kidnap and execute pets, destroy years of research by breaking into testing labs and releasing the test animals, target children with messages like ""your daddy kills animals"", attempt to link milk with autism, and so forth. they are not a friend to animals, despite the name"""
1l9vm5p,2025-06-12,images/1l9vm5p.jpeg,"""Sasuke's using Naruto's hand to finish a jutsu mid fight. It's basically like if they were in a gun fight and sasuke managed to unload the mag from naruto's gun and load it on his own right in front of him."""
1js12ax,2025-04-05,images/1js12ax.jpeg,"""The American economy is in severe danger due to the new tariffs. Our global trading partners are choosing to do business elsewhere, our exporters are going to lose tons of money, and the American people in general are going to see skyrocketing costs for goods across the board. Possibly shortages too, we'll see."""
1jpobzl,2025-04-02,images/1jpobzl.jpeg,"""It means malware is giving itself admin"""
17prjey,2023-11-07,images/17prjey.jpeg,"""It’s a big conspiracy that a cure for cancer does exist and it has been made but big pharmacy don’t want to reveal it bc with a cure they’ll lose lots of money"""
1anolav,2024-02-10,images/1anolav.jpeg,"""Image portays the concept of survivorship bias, you send planes out on a mission, they get shot at and the survivors come home.  You identify certain areas where planes havent been shot, and you can either conclude: 1. Planes just dont get shot there 2. Planes that get shot there dont survive Obviously option 2 is true. In the context of the LGBT community the logic is that the relative benefits of staying in the closet vs the benefit of coming out changed, so in the past trans people ""didnt make it back to base"" so there is no record of them existing, while nowadays the vurnerable pieces of the plane have been reinforced resulting in data recording the existence of trans people/planes being shot there. So basically the argument being made is there arent more LGBT people today than in the past, its just that statistically more people  are being recorded as being LGBT because of the landscape"""
1gidb47,2024-11-03,images/1gidb47.jpeg,"""In real life, most hackers are scammers who rely on exploiting people’s trust to obtain passwords rather than bypassing them."""
1josjz1,2025-04-01,images/1josjz1.jpeg,"""The UK government famously promised to 'cut homeless people in half by 2025', which the Internet took to mean 'sawing them in half'. Edit: as pointed out below, the original ad was a parody. The UK government did not in fact promise this."""
1n79gzj,2025-09-03,images/1n79gzj.jpeg,"""It got erased because the movement lol"""
1fs7uqa,2024-09-29,images/1fs7uqa.jpeg,"""News anchor Wolf Blitzer tweeted a photo of himself out having drinks on a Sunday, July 21st. That happened to be the same Sunday that Biden made the historic decision to drop out of the presidential race, about an hour or so later, and so Blitzer seemingly was asked to come in to work again for this breaking news story. Other people are joking that if he hadn't checked his email, he would have been able to continue enjoying his day off instead of having it interrupted and having to go in to work."""
1j8pkyy,2025-03-11,images/1j8pkyy.jpeg,"""He tells them not to burn but did it himself in the past and hides it wearing a wig."""
1e1nu6t,2024-07-12,images/1e1nu6t.jpeg,"""DNR stands for *Do not resuscitate*"""
1gmsceg,2024-11-08,images/1gmsceg.jpeg,"""This a joke about Paradox Interactive, a Swedish game studio that's known mainly for their historical grand strategy games like the Hearts of Iron or Europa Universalis series. Those games are incredibly complex, requiring dozens if not hundreds of hours of playing just to comprehend all of their mechanics, and they largely involve taking control of a country on a real world map and ""painting the map"" with one, ie. making the country larger and more powerful by acquiring the lands of other countries."""
1ja0qh2,2025-03-13,images/1ja0qh2.jpeg,"""In the year following 9/11 like a quarter million American, many whom were teenagers fresh out of highschool, voluntarily enlisted in the armed forces to fight the ""war on terror.""  The joke is the juxtaposition of him in his uniform next to her in her early 2000s emo/scene look. edit: Thanks for all the cake day wellwishes!"""
1kse4p1,2025-05-22,images/1kse4p1.jpeg,"""He inadvertently saved the world by instinctively lying to a cop."""
1mksov2,2025-08-08,images/1mksov2.jpeg,"""In half blood prince, Harry tells Snape ""there's no need to call me sir, Professor"" in an incredibly sarcastic way. It's a really good line. The students are all saying that is Harry's greatest achievement."""
1b0jkkl,2024-02-26,images/1b0jkkl.jpeg,""" He's from the animated series Fullmetal alchemist Brotherhood. In this universe alchemists can work for the government. This guy is kind of a chimera alchemist. But he hasn't shown any meaningful works or researchs for the government for a long time. He turned his wife into a talking chimera to get his State Alchemist certification. (obviously hiding the fact that he used a human in the process), but soon she killed herself. Then, after a few years, when he is close to lose his title, due to the lack of progress on his work, he does the same with his own daughter and dog, fusing both into one being. A few hours later, another antagonist who hates alchemy finds and kill him and the chimera. """
1bw9tb7,2024-04-05,images/1bw9tb7.jpeg,"""Labs test lipsticks and other cosmetics on mice before opening them to the human market. The process probably involves autopsying the mice to see if any toxic chemicals from the product have entered the liver."""
1ka8ftk,2025-04-28,images/1ka8ftk.jpeg,"""They changed their name to app vs in person test #4, the chipotle likely over filled this order to make it look like they don’t skimp on fillings for app orders"""
1elhse8,2024-08-06,images/1elhse8.jpeg,"""The joke is that the modern ballpoint pen is a perfectly designed technology that would be unaffected by the butterfly effect. The design has survived long enough that not even time travel could stop its use."""
1ibyirm,2025-01-28,images/1ibyirm.jpeg,"""America has shipped it's prisoners to el Salvador I think even though they weren't salvadorian"""
1f3qdk0,2024-08-29,images/1f3qdk0.jpeg,"""So when you pirate something there's people called ""seeders"" who you're downloading it from, the more seeders the faster the download. Once your movie or album or whatever is fully downloaded and you have the full file you become a seeder so you can help the next people trying to download it. He's showing her how to stop seeding as soon as the file is fully downloaded. A lot of times downloading and seeding will slow your CPU so a lot of people don't like to seed. Ironically like these other comments complaining about how no one seeds, but being the same exact person in this meme because they're not answering the question."""
1m76o6l,2025-07-23,images/1m76o6l.jpeg,""" That's a reference to the love triangle in the teen hit series *Twilight*. Jacob (the werewolf) and Edward (the vampire) are both competing for basic bitch Bella. Edward gets the girl - but it turns out that Jacob wasn't *really* interested in her after all - in fact, it was just his werewolf instincts pointing out to him that he would be pair bonded for life with their child! So he takes care of their daughter, Renesmee, with the intent of having sex with her later on when she grows up.  Okay, that sounds insane, but it's real! I swear."""
1co83ht,2024-05-09,images/1co83ht.jpeg,""" the joke is; the management and human resources department employees are always gleeful under any circumstances, even when they are about to give you the worst possible news."""
1jhf983,2025-03-22,images/1jhf983.jpeg,"""Teen tians, vs Teen Titans go. Go is a sillier more cartoon logic show, where as Teen Titans is a more serious comic oriented show. In the 2003 Robin had issues with Slade."""
1bk5jkq,2024-03-21,images/1bk5jkq.jpeg,"""Noone's sure why saturn has a hexagon   There's hypotheses, but noone's completely sure   that's what the meme is referring to"""
1n9po5c,2025-09-06,images/1n9po5c.jpeg,"""Probably because Jaden is a weird cringelord who acts like he is more wise than he really is. Which is not at all. Edit: His homeless food truck is pretty baller though."""
1hihnae,2024-12-20,images/1hihnae.jpeg,""" the YouTube channel HowToBasic has various guides, most notably cooking, wherein halfway through an innocent recipe he will go insane and start to throw dozens of eggs at it, dump it at a wall and continue throwing eggs, before then bashing it with a shovel and throwing comedic amounts of the next ingredient in for example"""
1bmomch,2024-03-24,images/1bmomch.jpeg,"""she rejected naruto and went after a selfish man who treated her like dirt and now after she married him he abanded her and his daughter innorder to LoOk AfTeR ThE ViLlAgE fROm ThE sHaDoWs meanwhile naruto is happy with his family(even he doesnt pays much attention to them but atleast he pays more attention to his family than sasuke)"""
1kbpate,2025-04-30,images/1kbpate.jpeg,""" they’re smiling because they all have universal healthcare in Germany. """
1c01lei,2024-04-29,images/1c01lei.jpeg,"""A British prime minister who the IRA tried to blow up."""
1j0xie5,2025-03-01,images/1j0xie5.jpeg,"""I think a reasoning is that women who are pregnant or on their period are exempted from fasting as their body is already depleted of nutrients at the time and they would need to maintain their energy"""
1khnzfz,2025-05-08,images/1khnzfz.jpeg,""" Having a monkey on ones back is a phrase which refers to the negative effects of addiction, in particular the cravings for the substance (implied to be alcohol in this case), having a squid on ones back is not a phrase or saying which has any common meaning and therefore is a puzzle to all involved."""
1mtuy4s,2025-08-18,images/1mtuy4s.jpeg,"""It's poking fun at the assassination attempt on Trump last year in Pennsylvania where a lot of people believe it was faked with a blood pack."""
1h8byp0,2024-12-06,images/1h8byp0.jpeg,"""Those are weights normally used for wheel balancing. By randomly adding them to wheels, you throw off the balance and the car won't handle well on the road"""
1lgvp9r,2025-06-21,images/1lgvp9r.jpeg,"""The joke is that the Middle East is always at war, regardless of the time period."""
1ftvkxg,2024-10-01,images/1ftvkxg.jpeg,"""Some metal band logos can be visually noisy/complicated, which makes them very difficult to read, if not flat out indecipherable to anyone not in the know."""
1db9apn,2024-06-08,images/1db9apn.jpeg,"""An ounce of gold is currently around $2300.  A kilogram is a little over 35.25 ounces.  So one bar is worth around $83k.  So 10 bars is worth $830k and will buy you much more than the average home in most places. Edit- in Q1 of 2024 the average home price in the US was just over $500k. Yes there are areas that cost more, there are also a lot of areas that cost way less. This doesn’t change the fact that it’s the average."""
1gywkrl,2024-11-24,images/1gywkrl.jpeg,"""People are going to say WWII documentaries."""
1m6wz0i,2025-07-23,images/1m6wz0i.jpeg,"""Ozzy Osborn bit the head of a live bat once, ozzy has now passed away being reunited with his former friend the bat."""
1mlfpby,2025-08-09,images/1mlfpby.jpeg,"""The point is that theyre terrible people"""
1esw67r,2024-08-15,images/1esw67r.jpeg,"""She did not appreciate his dad joke, so she shoved the watering can up his ass."""
1hoolg6,2024-12-29,images/1hoolg6.jpeg,"""A famous Flat Earther Youtuber went to Antarctica to try and prove the earth was flat but proved himself wrong in the process"""
154ufvr,2023-07-20,images/154ufvr.jpeg,""" the woman in the bottom right is Shelley Duvall, who played Wendy Torrance in The Shining. She apparently went through large amounts of mental and emotional trauma and torment when filming this movie. Stanley Kubrick did this on purpose to make her fear and dread more realistic in the movie. She was isolated, Kubrick was ""unusually cruel and abusive"" to her, and most famously, the baseball bat scene was reshot so many times it broke the world record for most retakes of one scene. It was reshot that many times specifically to make Shelleys acting and reaction more upsetting and unnerving, all of this was at the expense of Shelley's long term mental health. Edit: I worded this poorly. Lots of things contributed to her current mental state and her mental health issues, and I'm sure she would have developed them anyways. A lot of those things are innate in people genetically and such. I'm just saying the experience of filming the movie had a negative impact on her. I'm well aware this wasn't the sole cause of her issues. Edit 2: Christ!!! Im not downplaying what happened either!! I was trying to say originally that this had a severe long term effect on her!!! im Also trying to say that this wasnt the One And Only Sole Cause Of Everything Wrong With Her Mentally!!!! Im capable of nuance people!!!! my god!!!!! Edit 3: yknow what fuck you guys. Believe whatever you wanna believe about what happened. I was just trying to explain what the meme was referring to."""
1ggjs4s,2024-10-31,images/1ggjs4s.jpeg,"""His house coordinates"""
1glkq0x,2024-11-07,images/1glkq0x.jpeg,"""I think the joke is just that she didn't think of this ridiculously simple solution and it destroys the plot"""
15lxicz,2023-08-08,images/15lxicz.jpeg,"""Cause he’s likely asking cuz the girl’s into astrology, which the mom is apparently not a fan of"""
1mmmfbf,2025-08-10,images/1mmmfbf.jpeg,""" this refers to an anime called Naruto where a particular character from a certain clan killed every other member of the clan including his own parents, leaving only his little brother behind."""
1enul3q,2024-08-09,images/1enul3q.jpeg,"""Eminem has/had a really off putting and crass alter ego, Slim Shady, who he will rap as in a particular kind of politically incorrect and offensive way expressly to be offensive and offputting. It was a way for him to draw attention to the hypocrisy that he suffered in his early years, typified by the lyrics of the song ""The Way I Am"", with the general public not understanding the difference between the person and the persona, the artist and the man.  Recently he released a song which is a death knell or retirement of the Slim Shady persona, so he did one more super offensive song. Gen Z doesn't much care anymore as they grew in a world already changed by Em and those like him, Gen X is smirking because they were around when they tried to cancel him the first time and it didn't stick. The Eminem fan is just lamenting that no one actually listened to the song and appreciated it, again in a way separating the person from the persona and understanding that it's Em's way of saying he's grown up and he's not that person anymore, so don't expect him to be."""
1c9w8qb,2024-04-21,images/1c9w8qb.jpeg,"""Those are lyrics from a song (“I Hate it Here”) off of Taylor Swift’s new album. The joke is that Taylor Swift fans will get emotional over her songs even when the lyrics arent really emotional and even seem kind of like banal storytelling"""
1fvuj7k,2024-10-04,images/1fvuj7k.jpeg,"""Redstone torches are normally made for mechanisms and provide much less light. If someone lit up their base with them, they probably have no coal (which is a pretty important resource) at all."""
1jgutzl,2025-03-21,images/1jgutzl.jpeg,"""That person in the hood Is time-travelling,Jesus, who at that moment was speaking in Aramaic, spotted him and ordered him to go back home speaking in english."""
1dcs9qr,2024-06-10,images/1dcs9qr.jpeg,"""Because part of healing from trauma is realizing you went through trauma in the first place and then grieving the life you ""could"" have had as it was a reality for someone else. SpongeBob is feeling the sadness of his lost youth and parenting"""
1ijxfxh,2025-02-07,images/1ijxfxh.jpeg,"""In the original version, the woman is gone in the 2nd picture. So this is a wholesome version of the comic."""
1fkmtz4,2024-09-19,images/1fkmtz4.jpeg,"""The goat will start licking your feet. They just can’t resist salty things. So the goat licks and licks… goats have rather rough tongues, mind you, and over time it will break the skin. But the goat won’t stop, so it keeps licking and it is starting to hurt more and more… quite slow and with increasing intensity of pain. Might drive you mad at some point"""
1n0my5r,2025-08-26,images/1n0my5r.jpeg,"""Educated guess here, but there is no « good guys » per se, so the implication is that the person identifies with an evil/morally discutable faction and think the are right"""
1efs65o,2024-07-30,images/1efs65o.jpeg,"""The commenter is referring to the fact it could also look like the one star dragonball from a show called dragonball."""
1ezdj6n,2024-08-23,images/1ezdj6n.jpeg,""" The joke is that it seems so silly that people would worship an ultimately meaningless worldly thing as an idol above god, yet in their adulthood they realize just how well it fits with modern day, as we worship plenty of things that in the end are just as meaningful as a golden calf statue: Money, status, fame, certain politicians, etc."""
1lo6a4b,2025-06-30,images/1lo6a4b.jpeg,"""Red Cross symbol"""
1fuan6g,2024-10-02,images/1fuan6g.jpeg,"""It a meme suggesting that the US government effectively funds both sides in the Israeli-Palestine conflict."""
1jh7t6h,2025-03-22,images/1jh7t6h.jpeg,"""His catchphrase was like ""I'll gladly pay you Tuesday for a hamburger today"""""
1dwa7tj,2024-07-05,images/1dwa7tj.jpeg,"""There was a practice back then to create Castrati, essentially choir boys castrated before puberty in order to maintain a high pitched singing voice."""
1h39rsp,2024-11-30,images/1h39rsp.jpeg,"""You can sell debts to another collector so you owe them instead. Since debt has interest its a good deal. Plus the debt is sold as a discount. Ie you owe company A 100k Company A needs money now so they sell the rights under contract to Company B for 70%.  Company B then paid 70k to buy a 100k debt (plus interest, so around 130k). Company B can wait years for this as they don't need immediate cash. That's a ""free"" 60k. Of course, it comes with the risk that you don't pay. So it's not a risk free transaction. Your debt started to company A but now you owe company B same amount for the same terms. It's all handled behind the scenes.  The other is a prediction market. That's not really a thing around serious companies."""
1j13kmr,2025-03-01,images/1j13kmr.jpeg,"""It’s from an episode of jojos bizarre adventure where they notice that their enemy is hiding behind a mirror in the desert. They notice this one at a time then start laughing because they figured it out, leaving the characters that haven’t figured it out yet clueless as to why they’re laughing"""
1ga6vn2,2024-10-23,images/1ga6vn2.jpeg,"""basically the entire reason for Doom guys entire genocide against the demons is because they killed his pet Rabbit who iirc was named daisy Gamer niece out"""
1jaysny,2025-03-14,images/1jaysny.jpeg,"""I think that the meme suggests people who don't know will think that the family set up the baby on fire making them weirdos, and people who know recognize that this is a family of Incredibles and the baby has superpowers so it's fine and dandy."""
1kpfg74,2025-05-18,images/1kpfg74.jpeg,"""Leonhard Euler, Swiss mathematician, who has one of the most important numbers in mathematics (e) named after him."""
1fzmixf,2024-10-09,images/1fzmixf.jpeg,"""There is a whole beyonce ,P -Diddy and Jay-Z scandal going on. That everytime an artist ( especially a female one) wins a grammy they have to thank Beyonce and if they don't do that they end up getting killed. Lizzo, Miley Cyrus , Adele are examples . That is why (another) controversy is coming up is that Kanye grabbed the mic from Taylor and he praised Beyonce to save Taylor's life. So now it has become a trend(running joke) to thank Beyonce lest you might get killed Edit - ya'll The abover artists are examples of those who thanked Beyonce and are ALIVE . Also apparently Aliyah was killed by Beyonce."""
13ibrc1,2023-05-15,images/13ibrc1.jpeg,"""Let’s start with the comic. The two shallow and wide glasses hold the same amount of liquid.   The next panels you see the transfer of the liquid to the taller thin glass.  The volume and quantity of the liquid remains the same.  The third panel the child points to the taller glass. This whole set up is a standard test for the developmental level of a child.   The goal is to tell which glass holds the most liquid. It’s commonly for young children to look at the glass and see that it’s taller and say that has the most liquid, simply because they lack the understanding to consider the width of the glass.  This occurs even if you pour it right in front of them. So the comment from Lara Trump follows a similar logic.   The red portion of the map outlines Republican districts, the blue outlines Democratic districts.   She is implying that because the red covers the majority of the map, most of the country is Republican and therefor would be unable to impeach them. The comic is pointing out that although the red map covers more land than blue, it does not accurately convey the number of voters, because the blue districts hold the same or more of the population due to population density."""
1cdufsh,2024-04-26,images/1cdufsh.jpeg,"""Pot of greed was a bit broken simply because it was an automatic “draw 2 cards” without a downside. So lets say you start a game and have pot of greed, now you start with 6 cards instead of 5, if you had more pots of greed you could just continuously pull more cards to force the deck into giving you very strong cards/plays. There are some clips of people playing with no restrictions to show how broken the game could be, and you were essentially able to abuse pot of greed and other cards to win on round 1."""
188a0o9,2023-12-01,images/188a0o9.jpeg,""" One of the Pokemon anime's main antagonists, Jesse (as shown in the pictures) has an unnatural looking hairstyle that's always portrayed in her appearances, and people have assumed her hair was just as like that. The fact that her actual natural hairstyle isn't the iconic arch is shocking to them. """
1bfjmxi,2024-03-15,images/1bfjmxi.jpeg,"""To a civilian who doesn’t know “marksman” seems like you did a good job. However the Marines (Navy and I believe Army as well) use the qualification ranks in order of ”marksman, sharpshooter, expert”. The marksman ribbon is after joked as the “toilet bowl” or “pizza box” basically means you suck and barely qualified. In the Marines in combat arm specialties you probably will get lightly hazed or bullied.  (Also getting a good score in the quals is what I would call “challenging but doable.” It isn’t *particularly* hard as the course of fire is mostly testing fundamentals.)"""
1ky9r13,2025-05-29,images/1ky9r13.jpeg,""" trying to date a younger lady. trendy / hipster places are super run-down & look like shit, then they have expensive ass cocktails"""
1g4w06v,2024-10-16,images/1g4w06v.jpeg,"""Hiding Sadam Hussein's image. It was a meme a while back having same image in random placesttps://www.reddit.com/r/Damnthatsinteresting/comments/q5p0nc/saddam_husseins_hiding_place/?utm_source=share&utm_medium=mweb3x&utm_name=mweb3xcss&utm_term=1&utm_content=share_button"""
1l9mfar,2025-06-12,images/1l9mfar.jpeg,"""Might be that dads often times don't show many emotions and this is poking at that fact or that his father never approved of what his son did."""
1ltilia,2025-07-07,images/1ltilia.jpeg,"""  The suit should be where the skin is and the skin should be where the suit is. Why is his skin falling off? That ain’t right.  Spider Ham out"""
1iydi43,2025-02-26,images/1iydi43.jpeg,""" The man in the picture looks like the character Zeke Yeager from the manga/anime Attack on Titan. In the series, Zeke is by blood part of the royal family that rules his race and has the power to transform people of his race into giant beings called Titans using his spinal fluid and by screaming when his spinal fluid is inside them. The wine part refers to a scene in the final season where he infected a glass of wine with his spinal fluid and a group of Corps men were transformed into Titans when he screamed except for the captain Levi Ackerman and the Titans will instantly attack untransformed humans to try and devour them. Also, in the series there are humans that can shift into human and Titan forms, Zeke is one of them and his titan is a dope ass monkey."""
1cym2ue,2024-05-23,images/1cym2ue.jpeg,"""There are already many great answers here, but I’d like to add an interesting example involving Deadmau5. He bought a Ferrari 458 Spider and heavily modified it, even replacing the Ferrari emblem with a “Purrari” logo. This led to Ferrari suing him over the modifications. Interestingly, Lamborghini later offered him a Huracan with a Nyan Cat wrap as a playful response to the situation!"""
1cjc64t,2024-05-03,images/1cjc64t.jpeg,"""Naw. Dad was just playing a practical joke since there is no white-red striped paint. A bucket of two colors would mix. Shopkeeper played around and continued the joke. It's like how construction guys send newbies to get tools that don't exist."""
1mhw6ml,2025-08-05,images/1mhw6ml.jpeg,"""Shane Gillis had a very popular bit about his uncle (who has Down syndrome) enjoying grilled cheeses and sneaking into his kitchen at night to make them"""
1cwsnu9,2024-05-20,images/1cwsnu9.jpeg,"""Galactic Starcruiser (colloquially known as “the Star Wars hotel”) was a Disney property operated for about 18 months between 2022 and 2023. It was infamous in online discourse for its ridiculous cost (about 6K for two nights) and various bizarre aspects of the experience, such as the rooms being uncomfortably small, allegedly to emulate the small size of cabins on real-world naval cruises despite Galactic Starcruiser not actually being a boat. It was sometimes likened to paying thousands of dollars to be locked in a Star Wars-themed storage facility for two days. The woman is Jenny Nicholson, a well-known aficionado of both Star Wars and theme park experiences who recently released a four-hour-long rundown of her experience, in which she scathingly outlines the surprising degree of Disney’s incompetence in operating the hotel. The general thrust of her argument was that the central idea of a Star Wars hotel was not impossible but Disney’s obsession with maximizing profits and cutting corners meant the project was essentially doomed from the start. Most of the things she did like about the hotel were the influence of specific employees, who Disney treats like cogs in a dystopian machine."""
14pl3kc,2023-07-03,images/14pl3kc.jpeg,"""A question often asked by people who believe in astrology to 'determine' your personality traits"""
1gxghie,2024-11-22,images/1gxghie.jpeg,""" This is JRR Tolkien, author of Lord of the Rings. In the Silmarilion, he tells the history of Middle Earth before the events of LotR. One story he included was the love story of Beren and Luthien. Beren was a human man who loved the elf princess Luthien. He wrote the story inspired by and as a love letter to his wife."""
1eowj27,2024-08-10,images/1eowj27.jpeg,"""This guy is holding a mirror between his legs and arms, resting against his shoulder. You are only seeing the reflection of his right leg there; his left leg, left arm, and head are blocked by the mirror. But it looks at first like he's headless."""
1fd18mm,2024-09-09,images/1fd18mm.jpeg,"""The reason the image is sad, is because the robot needed the red lubricant to move. However, its sweeping arm was inefficient and unable to retrieve all of the lubricant. This led to a steady loss over time. At the beginning of the exhibit, the robot was friendly, “dancing” and doing tricks for the audience. But as time passed and it ran low on lube, it had to devote more and more effort to scraping the liquid back in. It slowed down.  Eventually it ground to a halt and died. EDIT: I would be willing to bet that the original meme was inspired by the story as I have recounted it, but many commenters have pointed out that the legend of “I Can’t Help Myself” is regrettably inaccurate. The fluid was a dark red “cellulose ether” that seeped out from the center of the display. The robot was programmed to pull this liquid back towards itself once it got too far away. When not performing this duty, it was free to dance and perform. Some articles I’ve read tonight claim that the liquid puddle spread wider and wider over the years, resulting in the robot needing to spend more time scraping and less time interacting with the audience. I can’t find a cause for this. It is true, however, that its movements became slower and jerkier as time went on, possibly from lack of maintenance. After three years, the robot was turned off by its creators."""
1ieij7e,2025-01-31,images/1ieij7e.jpeg,"""This is a recovery phrase for a cryptocurrency wallet. If this is a forgotten wallet from years ago, it might have increased in value by a lot."""
1be8p2s,2024-03-14,images/1be8p2s.jpeg,"""  It's a football thing   Hosted in Brazil, best international team historically and huge favourites to win, they crashed out the tournament to Germany with a 7-1 loss. One of the most shocking results in football.  Brazilian fans did not take the loss well."""
1evsrg7,2024-08-19,images/1evsrg7.jpeg,"""The joke is, the bumper sticker is intended to embarrass. If people are honking the car for an issue related to road rage, it’s useless as the car with the sticker will just presume they like pizza. Some people will take the sticker at face value and think they should honk if they like pizza. Fat man rolling out 🫡"""
1duab5w,2024-07-03,images/1duab5w.jpeg,"""She’s in a children’s cancer hospital. She’s gonna be dead soon."""
197ulvu,2024-01-16,images/197ulvu.jpeg,"""The poster is referencing the game Bloons Tower Defense, where you place units around a path, often curved like the sidewalk, to stop balloons from attacking your base. One of these units is called a Tack Shooter, which intermittently shoots tacks in a circle, popping balloons around it. Because of its attack pattern, it fits best in curves, like the one in the sidewalk. where its tacks will hit the greatest amount of enemies."""
1ff4kz9,2024-09-12,images/1ff4kz9.jpeg,"""Yes Biden said  ‘If you have a problem figuring out whether you’re for me or Trump, then you ain’t black’"""
1hk5sso,2024-12-22,images/1hk5sso.jpeg,"""Folklore fay circle, Go into that mushroom circle and you Go missing, iron was believed to repel fay creatures"""
1gop1dk,2024-11-11,images/1gop1dk.jpeg,""" The Joke is, when a small Child sleeps at this time of the day, it will BE awake all night and you dont want that to happen as a parent."""
1c43fea,2024-04-14,images/1c43fea.jpeg,"""All Tomorrows. It's a book by C. M. Kosemen about humanity being genetically engineered into new species by an alien race."""
18v8m14,2023-12-31,images/18v8m14.jpeg,"""There’s quite a few people online who build their following analyzing of dominant vs. submissive behaviours in men and women. One method they use is drawing lines through a man and his partner in photos. By their standard, if the man is leaning towards his partner and the woman is standing straight, he is submissive and weak."""
1gheo3z,2024-11-01,images/1gheo3z.jpeg,"""Those are the button inputs for the sex mini game in the first God of War game. Kratos is explaining how sex works."""
1hv5wn5,2025-01-06,images/1hv5wn5.jpeg,"""The text has been changed. Originally, I think this is a ""nice guy end up rich"" post"""
1k0oqhg,2025-04-16,images/1k0oqhg.jpeg,""" To ""come out of your shell"" means to drop the polite facade you have around others; starting to express yourself more, be more animated, and be more ""yourself"" than before. It is something that often happens after leaving secondary school as you leave and form new friendships than the friendships you've had since childhood."""
1k3kk7v,2025-04-20,images/1k3kk7v.jpeg,"""I assume the icons in the second panel indicate the degradation of relationship or reputation and are taken from a video game"""
1at4x1k,2024-02-17,images/1at4x1k.jpeg,"""I’m a dude so it’s possible that I don’t actually understand this scene but  *spoiler alert*  in this scene Barbie is excited for her first visit to an OBGYN, something most women are indifferent to or dislike doing. The reason she’s excited is that for most of the movie she has no genitals because she’s a Barbie and Barbies don’t have genitals and now that she’s human she does and she gets to experience life as a human and even the unpleasant things serve to reinforce her humanity and make her feel good."""
1lttuji,2025-07-07,images/1lttuji.jpeg,"""The girl on the left is her best friend Francia Raisa who gave her a kidney (likely saving her life). She didn't make the cut for shoutouts when Selena accepted an award."""
1j2hy5a,2025-03-03,images/1j2hy5a.jpeg,"""Russian counter-terrorism forces are notorious for their...haphazard tactics when dealing with hostage situations. The two most notorious incidents were the Beslan School Siege and the Moscow Theater. In the former, the operation caused the roof of the gym where the hostages were being held to collapse, killing many of the hostages. In the later, they pumped gas into the theater to knock-out the hostage-takers, but again, killing many of the hostages in the process."""
1masabl,2025-07-27,images/1masabl.jpeg,"""T-Rex is closer in time to the F-14 than the stego."""
1ixxudi,2025-02-25,images/1ixxudi.jpeg,"""If I remember correctly, they are approaching a government facility."""
1j9rvs6,2025-03-12,images/1j9rvs6.jpeg,"""I'd say: \- browser history - cleaned \- calculator history - traces of math equations like 13+8 because I needed to be sure it's 21"""
14qqy4v,2023-06-04,images/14qqy4v.jpeg,"""Boomer says he won't pay for student loans despite the fact that the younger folks are the ones who pay into social security which in turn supports boomers in retirement. Edit: I explained the joke, I did not cast an endorsement of the artist or the message, im not even sure why people would get that idea from what I wrote."""
166ael7,2023-08-31,images/166ael7.jpeg,""" This is a reference to an old Chinese story / math lesson.  A peasant does something helpful for the king, and the king tells him to ask for a favor or gift in return.  The peasant says ""All I ask is that you put one grain of rice on the first square of this chessboard.  Two grains on the second.  Four on the third.  Double each square, and give me the rice and the chessboard when you're done.""  The king agrees. It turns out with the way exponential growth works, there are beyond trillions of grains of rice on the later squares, more than all the rice in the kingdom.  The peasant ends up wildly rich and the king embarrassed."""
1kxr508,2025-05-28,images/1kxr508.jpeg,"""Lmao because Captain America is the only Marvel superhero here, the rest are DC"""
1ikmh9y,2025-02-08,images/1ikmh9y.jpeg,"""He looks like lester from gta 5"""
1agd2vp,2024-02-01,images/1agd2vp.jpeg,"""  It's how each language works. In German, Ninety is neunzig, seven is sieben, and ninety seven is siebenunneunzig.  Basically if you say it like seven and ninety. In English ninety seven is just ninety seven.  You say the words in order. Counting in French is... interesting.  Ninenty seven in French is quatre-vignt-dix-sept, which is essentially ""four twenties ten seven."""
18tsbia,2023-12-29,images/18tsbia.jpeg,""" daisy is peaches evil counterpart. warios symbol is the W, which is an upside down M, waluigis sign is the upside down L, and that means through this pattern, P upside down would be d. Daisy starts with a D. however, this joke isnt really thought out well, as P flipped upside down would be a b, not a d."""
1fa202w,2024-09-06,images/1fa202w.jpeg,"""Grave of the Fireflies, it's a grade A tear jerker."""
1cgcw31,2024-04-29,images/1cgcw31.jpeg,""" there’s a trend going around on TikTok right now where people will ask women if they would feel safer being alone in the woods with a bear or a random man and they almost always choose the bear. Basically the idea is that the bear will be pretty much harmless if you leave it alone vs a man could have nefarious intent with no provocation. (Not trying to comment on which choice is better just explaining)"""
1is7trj,2025-02-18,images/1is7trj.jpeg,"""A Raspberry Pi is a small IT device, not a baked confection.  Homonyms can lead to shattered dreams."""
1592he5,2023-07-25,images/1592he5.jpeg,"""I think it’s just absurdist humor.  Turn your brain off and chuckle at this whimsical scenario."""
1gghsm8,2024-10-31,images/1gghsm8.jpeg,"""Between the end of WWII and 1999, Japan had no ""official"" flag but flew an unofficial flag that was a red circle in a white field. In 1999, Japan officially adopted a new flag that was almost exactly the flag they were already using.  The joke is he didn't visibly change."""
1c1tpnf,2024-04-11,images/1c1tpnf.jpeg,"""It's a meme from r/anarchychess, where ""Google En Passant"" comes from. They're acting as if this is a way to cheat at chess, because it lets you see the other player's pieces. In a lot of card games like Poker this would be a genuine advantage, but I'm Chess the point is you can see the other player's pieces. The joke is OOP pretending not to get that. The two people are big famous competitive chess players. The brick is a reference to the joke on r/anarchychess that the move ""En Passant"" is forced. If you decline En Passant, that is if you could have taken the move but didn't, you are punished by your pipi being bricked, aka your penis being crushed by a brick."""
1hm836r,2024-12-25,images/1hm836r.jpeg,"""I can explain half of it. The beard and chicken both relate to Greek philosophy. Specifically to the question 'what is a man?', which Plato once defined as 'a featherless biped', which caused him to get mocked by Diogenes, another philosopher, who sent him a plucked chicken and said 'behold: a man!'."""
1bve275,2024-04-04,images/1bve275.jpeg,"""They have annexed part of his yard"""
1jzg3ev,2025-04-15,images/1jzg3ev.jpeg,"""The big cat here looks like a diva ( a beautiful and attractive woman ) and the saying goes ""she's serving cunt"" like she's the bad bitch"""
1aoxsw3,2024-02-12,images/1aoxsw3.jpeg,"""deer run in circles as a defense mechanism against predators ants run in circles because an ant has to turn around & left a pheromone trail in a circle, so the ants will die. it’s very sad."""
1mpwb1d,2025-08-14,images/1mpwb1d.jpeg,"""the meme points at a logical inconsistency in the Bible. Adam and Eve were the first humans, and they had three sons.  To continue the species ahead, they would need wives but there are none.  This points to the inference that all humans since are born of incest, either with sisters not mentioned in the telling or with their mother Eve. """
1hmiula,2024-12-26,images/1hmiula.jpeg,"""Explanation is the mayor of New York basically said he believed Luigi was guilty and said it at a press conference. This is a huge slap against the presumption of innocence you're supposed to have for any crime and could be argued the state has already assumed his guilt."""
1f371ws,2024-08-28,images/1f371ws.jpeg,"""The question is written in a way that says that Marty *did* eat more pizza than Luis. It is indeed possible if Marty's pizza is larger. If I spent 1/6 of Bill Gates' money I'd have spent a lot more than 5/6 of mine.  The teacher is either not smart enough to think of that possibility or rigidly sticking to the curriculum's provided answers. Or the test itself said to assume that every pizza was the same size and the student missed that or forgot it."""
1jtfnpi,2025-04-07,images/1jtfnpi.jpeg,"""Okay so I have 2 ideas on this one, but not sure if either are the true answer. So first of all, it's about how much of a gamer someone is, not if longer is better. My first possible explanation is that the bigger the keyboard is, the more desk space is needed. So for a bigger keyboard, you need to be more committed to having a dedicated gaming area. My second possibility is that more keys on a keyboard means having more keys to rebind in games, so you can be more of a gamer that way."""
1j9102y,2025-03-11,images/1j9102y.jpeg,"""Some Volcanos can have blue lava, it is rare but it does happen. However, it's not actually blue lava but a blue flame of burning sulfur on top of the lava."""
1hcl54a,2024-12-12,images/1hcl54a.jpeg,"""result should be 0, as Pi is a constant"""
1k8l9zd,2025-04-26,images/1k8l9zd.jpeg,"""Pregnant women shouldn't garden because of the risk of contracting toxoplasmosis from contaminated soil. Toxoplasmosis can cause birth defects, blindness, and learning disability if an unborn child is exposed.  (The same can be said about some common gardening chemicals, but it's not the culturally known reason, so it's probably not what this is referencing) As a fun bonus fact: this is also why pregnancy and changing litter boxes don't mix! The source of toxoplasmosis is cat feces - and direct exposure is even worse than the risk from gardening"""
1l49htf,2025-06-05,images/1l49htf.jpeg,"""Shakira?"""
1gy1mgs,2024-11-23,images/1gy1mgs.jpeg,"""Shonen is battle anime. Meaning that someone getting punched across the continent often means they'll shake it off if its wasn't the final blow of the fight.  Slice-of-Life is meant to be more realistic, often dealing with common themes such as loss, so if someone starts to cough, it typically means that the author is setting up they're about to get super sick in the future, most likely dying to the disease."""
1hi1b00,2024-12-19,images/1hi1b00.jpeg,"""This is Tom, the creator of MySpace. When you made an account, his profile would automatically be your first friend."""
1m8tq1k,2025-07-25,images/1m8tq1k.jpeg,"""Ozzy Osbourne and Hulk Hogan Have died. This is just being silly and superstitious."""
1jcusmq,2025-03-16,images/1jcusmq.jpeg,"""they think the cheesecake will be *so damn good*, it'll trigger a *sensual experience*"""
1kpkbiy,2025-05-18,images/1kpkbiy.jpeg,"""Reminders to take birth control pill"""
18q3f6r,2023-12-24,images/18q3f6r.jpeg,"""  Panera Bread has a new(?) lemonade with ridiculous levels of caffeine—enough to cause heart problems and potentially kill healthy people. At least two people have suffered a heart attack and died in the last few months due to the sheer caffeine content, which isn’t well-advertised. A humidifier of the stuff would in theory disperse hyper-caffeinated lemonade in an unavoidable cloud of palpitation-inducing gas sure to kill anyone exposed to too much. Garage door element refers to a common method of suicide whereby one leaves the car running in an enclosed space to fill it with poisonous carbon monoxide. The joke is a humorous suicide attempt using an unhealthy dosage of lemonade-flavored caffeine instead of toxic gas. Edit: A lot of people are picking at my statement that it can cause unexpected heart conditions in and kill healthy people—specifically the healthy people part. Without getting too far into if it is or is not healthy for someone to be killed by caffeinated beverages, the drink again is a lemonade, which doesn’t usually carry much caffeine and may be drunk in greater quantities than caffeinated beverages under the assumption that it doesn’t have much caffeine. Whether or not the recommended serving of variable caffeine drink is exceeded, an unintended overdose on 2-3 or even 5-6 “drinks” (using the term loosely to mean the presented size of beverage container, which is likely more than a single serving) is not good and can be dangerous for you regardless of pre-existing conditions. A “healthy” person can overdo it based on a number of factors including size and weight, rate of consumption, amount of consumption, etc. The few newsworthy deaths being outliers health-wise doesn’t change the circumstances surrounding their overdoses: Panera didn’t make it clear enough (at least to these people and many others I’m sure) that the drinks have a noteworthy caffeine content and are not best ingested in large quantities in short timeframes, regardless of whether you have some kind of cardiomyopathy or other condition that could be worsened by having drunk the lemonades."""
1l1gvjg,2025-06-02,images/1l1gvjg.jpeg,"""Her boyfriend is hairy."""
1n8dbcf,2025-09-04,images/1n8dbcf.jpeg,"""They’re on a plane. Not great for the environment.  The joke is irony."""
1l0fbro,2025-06-01,images/1l0fbro.jpeg,"""Homer left his job at the nuclear power facility to work at a bowling alley, but then Maggie was born and it wasn’t enough to support the family. He begged for his old job, got it back under the condition that he’s forced to always work there. So the sign says ‘don’t forget you’re here forever’ but he blocked it out with pictures that remind him what he’s doing it for."""
1ird7yb,2025-02-17,images/1ird7yb.jpeg,"""Asian here, when somebody joins with a username in a Chinese dialect or any other Asian dialect, it means they are absolute tryhards with the best aim in your team"""
1ex1lej,2024-08-20,images/1ex1lej.jpeg,"""They’re out of business, so someone could use it as resume fluff"""
1jegrbe,2025-03-18,images/1jegrbe.jpeg,""" I guess Abusing benadryl became a bit of a meme a bit ago. People claimed to see a dark figure with a hat, the Hat Man. Benadryl is a deliriant in extremely high doses (higher than the one pictured). You don't get ""high."" You do induce short term psychosis and it can cause brain damage. It can be SORT of habit forming to some people. If you have anxiety, low doses can help you sleep or put you at peace a bit, though there's better antihistamines for it."""
1ekzxl6,2024-08-05,images/1ekzxl6.jpeg,"""That’s Nikocado Avocado, if you’re unaware and don’t know the memes then basically he’s an extremely overweight mukbanger. (eats a lot of food of views) He used to be skinny, healthy, and have hobbies, but overtime he became toxic, overweight and eating more and more unhealthy meals to where it’s the only thing he did, the joke here is that this was back when he was skinny and healthy and had other things he did in life besides eat food, kinda sad really to see where’s he’s gone."""
184f4hh,2023-11-26,images/184f4hh.jpeg,"""American Pyscho is a film with the message: behind the thin and glossy exterior, corporate culture is awful, dehumanising, shallow and stupid. Scott Pilgrim is about a guy who thinks he's pretty cool, discovering his actually kinda a bad dude. So much so his 'nega-Scott' anti self is good guy. If you're young it's easy(ish) to miss the point and think: American Pyscho: ""Check out that glossy exterior"". Scott Pilgrim: ""Check out that cool guy!"". The meme suggests that teenagers build something around these misunderstandings. They pick either to celebrate the wrong kind of corporate work culture, or the wrong kind of slacker culture. I'm not convinced that's true myself, but that's what the meme suggests."""
1evgkfg,2024-08-18,images/1evgkfg.jpeg,"""They wanna be ""saved"" (and potentially receive mouth-to-mouth from) the pictured lifeguard cause he's attractive"""
1jemxlv,2025-03-19,images/1jemxlv.jpeg,""" Rowling has made very anti trans statements, and the three main stars of the Harry Potter movies, Daniel Radcliffe, Emma Watson and Rupert Grint, have all made statements against her and in support of the trans community, so there's a high probability that this comment is about them. The idea that they ""ruin"" the movie is wild, considering the amount of money those movies continue to make her."""
1gtbssx,2024-11-17,images/1gtbssx.jpeg,""" So the joke is from Warhammer 40k And the big guy is a space marine (basically a human super soldier) The guy holding the pic is just a normal human part of the imperial guard (normal army schtick) And based on the lore, Imperium of Man (humanity's biggest faction) is notoriously xenophobic. They absolutely detest anything that's not human. So the space marine is saying/asking to the guardsmen that is he dating an alien."""
18c1ygd,2023-12-06,images/18c1ygd.jpeg,"""the QA engineer is testing a program. They make sure that every input is handled properly. A user then uses the program, inputs something that wasn't tested due to QA being so focused on checking that the primary function worked and the program crashes edit: bathroom was expected, they were just so focused on the whole buying a beer thing that they forgot to test non-beer related edge cases"""
1e2qvt9,2024-07-14,images/1e2qvt9.jpeg,"""There's a common phrase in the atheist community. ""Read parts of the bible and you become a Christian, read the whole bible and you become an atheist."" As an atheist that used to be christian I can agree with the sentiment even though it's a bit oversimplified."""
1gsb1sj,2024-11-16,images/1gsb1sj.jpeg,"""Websites use cookies to remember preferences. If the site doesn’t use cookies, it can’t remember that you said not to show the message again."""
1lcutci,2025-06-16,images/1lcutci.jpeg,""" Americans' taxes are funding the ammunition of Iran and Israel, who are currently blaming and hurling explosives at each other"""
1kaijx2,2025-04-29,images/1kaijx2.jpeg,"""I believe they are pointing out that the stick above the TV looks like a meme of a doctor’s handwriting on a prescription for paracetamol."""
1alqx93,2024-02-08,images/1alqx93.jpeg,""" This probably refers to the fact that Taylor Swift uses her private jet to go literally anywhere."""
1lvfv6u,2025-07-09,images/1lvfv6u.jpeg,"""The thief wanted to write a morphine prescription.. And Its not sold in pounds (its usually in small amount of milligrams) And its not given as a take away."""
14mbq2o,2023-06-29,images/14mbq2o.jpeg,"""That is an undercover cop, you can tell because of the fact that he stands in a corner to survey the room, and is dressed like a bad immitation of what a ""hip cool gangsta youth"" would look like. there are other tells, but those are the two most obvious ones."""
1ltmaxw,2025-07-07,images/1ltmaxw.jpeg,"""Gen X isn't included. It just skips from Boomers to Millennials. I assume that's the joke, because Gen X was sometimes referred to as the ""Invisible Generation"""""
1m0uq9o,2025-07-15,images/1m0uq9o.jpeg,""" A mixture of water and apple cider vinegar is a treatment for vaginal issues as the acid can help restore healthy bacterial balance. Something may have happened on the girls trip where she got something like bacterial vaginosis or a yeast infection.  There may be an implication by the ""girls trip"" that some of fingering, scissoring, oral, or other sexual activity went down."""
1hkgerl,2024-12-23,images/1hkgerl.jpeg,"""One of the fastest moving objects ever recorded was a manhole cover over a hole drilled for a nuclear bomb test. It was computed to have enough velocity to leave the solar system but as stated could have burned up in the atmosphere. Edit: I doubt that it DID burn up completely in the atmosphere. It was launched vertically and most things that burn up in the atmosphere are pulled into earth’s orbit around the sun and enter the atmosphere at a relatively shallow angle (or were designed to orbit the earth so also enter the atmosphere at a relatively shallow angle)."""
1c7z583,2024-04-19,images/1c7z583.jpeg,"""A flame shouldn’t have a shadow because it’s a light source. Which means that a brighter light source is present I assume? Maybe a nuclear explosion given the uncanny mr incredible"""
1bud13g,2024-04-02,images/1bud13g.jpeg,"""Watership Down is not for kids. On the surface it looks like a calm movie about bunnies, but there is a lot of violence, terror, fear, blood and rabbits dying in ways that are too gruesome for children. More for teens and above."""
1mbnnpw,2025-07-28,images/1mbnnpw.jpeg,"""Information they sell your data"""
1fg38dp,2024-09-13,images/1fg38dp.jpeg,"""The word they’re looking for is homage"""
1ceuuuh,2024-04-28,images/1ceuuuh.jpeg,"""They're all pregnant. Can't deploy pregnant people"""
1kiie29,2025-05-09,images/1kiie29.jpeg,"""it refers to her scene in the movie with superman and batman, where wonder woman said ""kal el ... no..."". it is so badly acted, soit referred to that"""
1eko6xo,2024-08-05,images/1eko6xo.jpeg,"""I believe it was revealed some time ago that BetterHelp's service is actually very lackluster."""
1cf8rgr,2024-04-28,images/1cf8rgr.jpeg,"""I’m guessing because Zendaya never uses her last name"""
1m0s87v,2025-07-15,images/1m0s87v.jpeg,"""Marie curie did not fear radiation, and died."""
1f15rfx,2024-08-25,images/1f15rfx.jpeg,"""The kid has cancer. As he tooks off their hat, they don't have any hair."""
1c84wqf,2024-04-19,images/1c84wqf.jpeg,"""  In the Navy a Captain is the equivalent of a Colonel in other branches of the military.  He would outrank the Major here."""
1hgrkoh,2024-12-18,images/1hgrkoh.jpeg,"""This is referring to a common urban legend involving libraries sinking because they ""didn't account for the weight of the books""."""
16p24dc,2023-09-22,images/16p24dc.jpeg,"""In monsters Inc there is a running joke that Mike is constantly in magazines or on commercials and there is always something covering his face  And then he says “wow.. I can’t believe it.. I was.. ON THE COVER OF A MAGAZINE!”  Even though his face is obscured"""
1gpx4yg,2024-11-12,images/1gpx4yg.jpeg,"""Everybody here is explaining the maths, but nobody has told you anything about the meme. This is from a post asking ""how different would history be if each day a hand came down from the sky and crushed just one person, and it always moves slightly faster than you so you can't outrun it."" A joke post that blew up and became a meme. This meme suggests a way to beat the hand, since ""slightly faster than you"" suggests a percentage amount, so if you were not moving, the hand would also not be moving, and you would then just hope when the next day came and it decided to crush someone else that it would stop chasing you"""
1d351gb,2024-05-29,images/1d351gb.jpeg,"""pretty sure it’s saying that if a woman looks confused in the WW2 section inevitably a man shows up and starts explaining it really in depth, usually unprompted and either a little too interested or a little too condescending"""
1m3i0fw,2025-07-19,images/1m3i0fw.jpeg,"""Pretty sure those are markers from those registered sex offender maps to see if they live close to you.  I think Kendrick Lamar did the same with Drakes house as an album cover if I’m not mistaken"""
1hp7ioz,2024-12-29,images/1hp7ioz.jpeg,"""Getting into a relationship prevents you from skating"""
1izae9c,2025-02-27,images/1izae9c.jpeg,""" the towers are referencing the tower(s) of babel, which, as another user pointed out, made god angry. Causing him to confuse human language into the multitudes of languages we have today.  I believe the entities striking the towers are supposed to be biblically accurate angels, and there are two towers of babel referencing the world trade centers and the travesty of the attack that brought them down.  And as a previous user pointed out, the languages they are writing are likely meant to be ancient languages from the supposed times, and they are reacting to the attack much as the world did on 9/11."""
1hm0b3p,2024-12-25,images/1hm0b3p.jpeg,"""This is a roman emperor who may or may not have said (hard to fact check for obvious reasons) Call me not lord for I am a lady"" In the meme here it shows a trans woman (presumably judging by the trans flag) giving estrogen pills to elagabalus"""""""
13zl2vt,2023-06-03,images/13zl2vt.jpeg,""" Don’t listen to Retep. Twix had an add campaign where some wrappers said “left” on them and others said “right”, while in reality they are both exactly the same.  The real joke is that the man is insane and thinks he’s able to tell wether or not it’s a “left Twix” or “right Twix” just by the taste Edit: I now realize that the man actually CAN tell the difference, but the government sent him to an institution as a cover up so they can study this inhuman power Sorry for the confusion"""
1l4ozke,2025-06-06,images/1l4ozke.jpeg,"""The joke is that its something as mundane as selling pencils but the boss is acting all cocky like hes a mob boss or selling pencils is a big deal"""
1mm2hic,2025-08-09,images/1mm2hic.jpeg,"""It's a look of entitled, judgemental, disappointment. The joke being that I don't want food as charity, I want money. EDIT:  Just want to be clear I was explaining the meme, not saying that homeless people don't often have a good reason for rejecting food and needing cash."""
16iiivt,2023-09-14,images/16iiivt.jpeg,"""""I heard your cancer is pretty strong, let me fight it"""""
1dbipgs,2024-06-09,images/1dbipgs.jpeg,""" The muscles and tendons in the ring finger are highly interconnected with, and partially dependent on, the pinky and middle finger. It's also very difficult to place all your fingers on a table and only lift up the ring finger, but lifting it with the ring or pinkly finger is easy. OP, you are a ""mutant"" in that you're part of the small percent of the population that can move their ring finger independently. It can become a learned ability, but that requires active training with the fingers, being able to do it naturally is very unique.  It's why some people struggle to do the Vulcan hand sign form Star Trek. To add more info, in general, the muscles in our fingers are deeply connected to the forearm muscles. lay down one hand, put the other hand on your forearm, and just wiggle your fingers. You should feel your forearm tense and flex in different spots with each finger movement. The musculatory system is highly complex!"""
1g7lm3t,2024-10-19,images/1g7lm3t.jpeg,"""Cynthia Ervio, the actor who played the witch in Wicked got mad when a fan made poster cropped her eyes out, calling it “erasing her”. This is making fun of that. """
1hx7wtu,2025-01-09,images/1hx7wtu.jpeg,"""It's the ""whites can't handle spice"" joke. They expected barely any spice and then got pain instead."""
1e5mlev,2024-07-17,images/1e5mlev.jpeg,"""yes kinda - they are waiting for craft to get them but it has issues. They have supplies and not at risk of dying, but prolongs the mission for sure Apparently it's tied to Boeing, hopefully there aren't any whistleblowers out there"""
1j2g9ww,2025-03-03,images/1j2g9ww.jpeg,"""Millipedes are small and cute, centipedes are big, nasty and I think sometimes venomous. Edit: Just learned the difference between poisonous and venomous"""
1d98tf9,2024-06-06,images/1d98tf9.jpeg,"""Guy took out his town’s city hall, a former mayor’s house, and some other buildings, in a tank-like modified bulldozer, over a dispute with the city. He also committed suicide at the end of it. Lookup Killdozer."""
1asecwa,2024-02-16,images/1asecwa.jpeg,"""Notable story of a scuba diver getting basically liquified due to pressure difference causing them to get sucked through a tiny opening ."""
1jgjc3u,2025-03-21,images/1jgjc3u.jpeg,"""It’s the anime/manga hairstyle that dead or dying mothers tend to have."""
1he870p,2024-12-14,images/1he870p.jpeg,"""The probability of actually having the disease is about 0.00323% given the positive test.  To see this you can use a result called Bayes theorem giving the probability of having the disease if you have tested positive P(D | Positive Test) = [P(Positive Test | D) * P(D)] / P(Positive Test) Where P(Positive Test | D) is the probability of getting a positive result if you actually have the disease so 97%, P(D) is the probability of getting the disease so one in a million, the probability P(Positive test) is the total probability of getting a positive result whether you have the disease or not. Edit: as a lot of people are pointing out, the real probability of actually having the disease is much higher since no competent doctor will test randomly but rather on the basis of some observation skewing the odds. Hence why the doctor is less optimistic."""
1cg1io5,2024-04-29,images/1cg1io5.jpeg,""". Grand Admiral Thrawn is a Star Wars character who in the Legends continuity was the big bad guy after the Emperor was defeated. More recently he’s appeared in the new “Disney Canon” as an antagonist to the heroes from “Star Wars: Rebels” and “Ahsoka”. He is an incredibly studious and meticulous character who’s a genius strategist, to the point that he almost never loses, and even when he does, it’s often due to the incompetency of his subordinates rather than it truly being his own fault. One of the things he does when preparing to face a new adversary is study their art, culture, and history in order to gain a more in depth understanding of his enemy and their values and whatnot. This in turn translates to the moves they are likely to make in war. Thrawn, knowing these things, is more likely to anticipate and counter their moves on the battlefield. This meme is referencing that, and saying that the person in the meme, having studied Van Gogh’s art, would be able to understand his motives and moves in order to beat him on the field of battle like Thrawn could (and it’s supposed to be “Naval” battle, as that is most similar to how Star Wars space battles are fought)."""
1ht1q74,2025-01-04,images/1ht1q74.jpeg,"""Ea Nasir Strikes again. To *actually* explain; Ea Nasir was an ancient Mesopotamian Copper Merchant. How do we know this? Well, we found his house... and a bunch of clay tablets, complaining about the quality of the copper he sold. To the point Ea Nasir has become a modern meme. While it's not implied on any of the tablets that he was selling rocks disguised as copper, just shitty copper, the meme's creator is making humorous reference to him as a shady businessman selling sub-par product."""
1lppcyj,2025-07-02,images/1lppcyj.jpeg,""" The kid is playing games on the school computer on coolmathgames.com, which has nothing to do with math. The teacher found out, approached the student and asked him to log out. The student knows he is in trouble. """
1h066h6,2024-11-26,images/1h066h6.jpeg,"""It’s a honeypot cryptocurrency shitcoin. Basically the developers of the coin locked anyone from selling but themselves so it’s impossible for him to sell."""
1kjzy1y,2025-05-11,images/1kjzy1y.jpeg,"""It's a play on words being names Me: Kill ogram\ Ogram: No, Pls, don't do it\ Pls: i was never going to\ i: It's True\ True: Yo, Gurt\ Gurt: Yo"""
1aya611,2024-02-23,images/1aya611.jpeg,"""Alabama ruled that frozen embryos count as live children, so this couple is claiming their 3 live children and 5 frozen embryos as 8 total children for tax purposes"""
1c341d5,2024-04-13,images/1c341d5.jpeg,"""Because it has no texture."""
17930bw,2023-10-16,images/17930bw.jpeg,""" „Je M‘appelle“ is french for „My name is“ Introducing herself she would say: „Bonjour Je M‘appelle Gemma Pell“ Which would sound like  „Hello my name is my name is“"""
1lfe3gp,2025-06-19,images/1lfe3gp.jpeg,"""I think you typically see ""the best of Japan"" on social media but it's not as glamorous as it seems to live there."""
19dbf08,2024-01-23,images/19dbf08.jpeg,"""It’s a zen expression.  Before enlightenment, chop wood, carry water. After enlightenment, chop wood, carry water. Here’s a good explanation from the internet: Before Enlightenment, you hate your life. You chop wood and carry water, but secretly wish to get out of it all. You bear with these activities through habit and out of hopelessness, but you really wish you could do something else. In a way, you are a victim, a slave - the wood chops you and the water carries you, and there is no way to escape. This could go for eternity, it is like living in eternal hell. After Enlightenment, you are in harmony with the universe. You realized the emptiness of it all, so you see that there is nothing more important than chopping wood and carrying water. All activities are equalized, there is no preference, no discrimination. Because there is no ""you"", no ego, no personality, no being, no separate individuality - there is no conflict. No need to escape. No other bank to be reached, no Nirvana to seek. But also, because you have mastered your mind, you are not chopped by the wood and carried by the water anymore. You can flip your perspective at will. It is your choice to chop wood and carry water, and you live it in complete suchness and spontaneity. You are beyond the beyond. And even beyond ""beyond the beyond""."""
1g7yhzc,2024-10-20,images/1g7yhzc.jpeg,"""The OP is trying to say that certain people, especially trans women over a certain age who use the internet, type in a very distinct, tumblr-esque, ""chronically online"" style. The person who replies is trans (as you can tell by the flag in their username) and uses a lot of abbreviations and certain punctuation that is seemingly the exact style of writing the OP was describing. The joke is that, ironically, the person in that category doesn't seem to realise there is a distinctive style of writing, despite the fact they themselves are using it (although this may be satire/intentional) Edit: In addition, as many of the replies suggested, there's a bit of another layer: they are most likely (like 99% chance) overexaggerating the unique typing to join in on the joke - sarcastically saying ""I have noooo idea what you could mean by that"", basically :)"""
1ly2yui,2025-07-12,images/1ly2yui.jpeg,"""Anything to the 0 power is 1"""
1bnyn39,2024-03-26,images/1bnyn39.jpeg,""" Ya see, we had a mad lad named Steve Irwin that was really into hanging with crocs. He loved dangerous animals so much, he made the world love em too.  But crikey, one day the lad was swimming and a skate got him right in the ol’ pumper. Didn’t last long after that But knowing Irwin, he’d want us to forgive the lil critter, after all, it was just doing what animals do"""
1jczpuc,2025-03-17,images/1jczpuc.jpeg,""" Earlier this year a Chef posted a charcuterie board on r/KitchenConfidential that they had billed the customer $700 for. It was a bunch of basic raw vegetables, but featured a ramp and “carrot jacuzzi” where a lone olive reclined on top a sea of carrot pieces. The guy got laughed out of the sub and has become a meme. The board above was posted today asking how much they should charge for it. This is leagues better than the $700 board.  Here’s today’s thread with links inside to the $700 board. ://www.reddit.com/r/KitchenConfidential/s/3kHdGIpxTf Edit: direct link to the $700 board"""
1hy2gti,2025-01-10,images/1hy2gti.jpeg,"""That's thermal paste on his hand. He's building a PC, and using thermal paste is part of it. The graphics card in the background has a picture of Asuka from Neon Genesis Evangelion. There is an infamous frame from End of Evangelion where Shinji >!has semen on his hand after masturbating to Asuka.!<The framing of this image resembles this scene."""
1h53lb4,2024-12-02,images/1h53lb4.jpeg,"""There's a joke about A freakishly strong, skinny, and tall individual called SCP-096 who doesn't like to be looked at, the joke is that he is shown in this photo (A whole 4 pixels) and after noticing said individual they will attempt to kill you."""
1joifiq,2025-04-01,images/1joifiq.jpeg,"""Dolphins get high from the neurotoxins released from puffer fish. They “play” with them roughly making them produce the toxin and then will pass the angry puffer fish to another dolphin. Not sure why it’s funny tho"""
1iad95m,2025-01-26,images/1iad95m.jpeg,"""This I believe is the prison used by an old Minecraft youtuber SkyDoesMinecraft in his prison break Minecraft series"""
1aekqdo,2024-01-30,images/1aekqdo.jpeg,"""The Colt 1911 is a handgun that first entered service in… you guessed it! 1911. It saw service in both WW1 and WW2. It’s still a decent handgun even by todays standards, but it’s gained a cult following over the years, especially among boomers. When anyone brings up its shortcomings such as low magazine capacity, its weight, or that modern designs are typically more reliable, they say something along the lines of “muh two world wars!” Because it was on the winning side of both world wars.  In the event of a third world war, it’s likely that the 1911 will see combat yet again."""
1n2ae1w,2025-08-28,images/1n2ae1w.jpeg,"""Alright, here is the lowdown on English politics; The Labour Party (left leaning, mild leaning party) is in power in England at the moment and have enforced a new law called the online child safety act, a law meant to protect children from adverse content online. However, just like every “protection” law ever devised, it is more about control than anything else and in practice has lead to the government requiring you to cough up you identification card and give it to your isp and the website your trying to use The symbol is 4 chan, who have been attacked specifically by this law as their entire platform is built on anonymity and has never been one to fold under pressure and has been fighting the UK governments attempts to control  tl/dr: the world is a fucking mess when 4chan is on your side"""
198awkk,2024-01-16,images/198awkk.jpeg,""" This is a popular riddle set up where one person tells the truth and the other always lies. You ask them one question to see which one is which. In this case, the setup asks the question, “do you understand the rules?” The guards both say “yes.” Since one always lies and one always tells the truth, it means that one of the guards is lying and doesn’t understand the rules"""
1l5rutv,2025-06-07,images/1l5rutv.jpeg,"""As a kid, Amber thought mom was missing out on the fun. Now, she realizes mom needed a break from Amber and her siblings."""
1ajzxfm,2024-02-06,images/1ajzxfm.jpeg,"""It’s kind of a weird joke that doesn’t make perfect sense, but here’s the intended meaning: 1. Many people might see something like 50/50 odds leading to 20 successes in a row and think the next one is more likely to be a failed surgery. Like how many people could flip a coin and get heads twice in a row, and be more likely to guess the next coinflip would be tails. Hence the nervous face. 2. A statistician would know that the success rate of each surgery is independent of all the other ones, so they wouldn’t be especially nervous theirs would go wrong. 3. A scientist might see 20 successes in a row for a surgery with a 50% survival rate and think “wow, this doctor must be really good at doing surgeries”"""
1b2nrx4,2024-02-29,images/1b2nrx4.jpeg,""" 125th Street in New York City is the start of Harlem. Harlem is a historically black neighborhood that most white people avoided for decades until recent gentrification. The joke is “why is a white woman here”? Edit: I apologize. Harlem starts at 110th Street. I should have remembered that from Bobby Womack."""
1kfy8l5,2025-05-06,images/1kfy8l5.jpeg,"""George Washington was regarded as a true Independant. He associated with no political party and actively warned against supporting a party identity to the point you lose morals as an individual, and then as a nation. The cut up serpent was a publication by Ben Franklin during the French and Indian war. It's title ""Join or Die"" was message for the disunited colonies to start working together. Otherwise they'd likely lose the war.  Basically it appears to read as George Washington would look at the current state of politics and say ""What the fuck did I tell you? Stop the moral pissing contest and get your shit together before the country goes up in flames!"" Idk why it's referencing him being alive though. Edit: It's from The Monument Mythos. This image used to represent the Horned Serpent here appears to be based off the Join or Die snake. Also George Washington was backed by Federalists and mostly sympathetic to them, but remained officially nonpartisan during his presidency. Thanks for the corrections strangers!"""
1az5r39,2024-02-24,images/1az5r39.jpeg,"""Food prices in Canada are very high"""
1kvenyk,2025-05-25,images/1kvenyk.jpeg,""" Japan is know as a country that values rule following and honor. Since Masabumi Hosono, the Japanese man survived the Titanic, that was seen as not honorable since the lifeboats were supposed to be for the women and children and that the men would go down with the ship. However this was a misconception and Hosono followed the procedures and survived, but he was ostracized because of the whole “women and children thing"""
1k6ds0q,2025-04-23,images/1k6ds0q.jpeg,"""A woman saying that is ironically a sign that she likes you"""
1j6onpg,2025-03-08,images/1j6onpg.jpeg,"""I think the artist is angry about people in casual conversations asking them why they don't drink."""
1j3kbpk,2025-03-04,images/1j3kbpk.jpeg,"""Once you become symptomatic with rabies, your chances of survival are essentially zero."""
180j85r,2023-11-21,images/180j85r.jpeg,"""He means buy American because it is higher quality and won't jam. Probably not meant to be taken 100% seriously but makes him look good and patriotic"""
1c8be16,2024-04-19,images/1c8be16.jpeg,"""Own a musket for home defense, since that's what the founding fathers intended. Four ruffians break into my house. ""What the devil?"" As I grab my powdered wig and Kentucky rifle. Blow a golf ball sized hole through the first man, he's dead on the spot. Draw my pistol on the second man, miss him entirely because it's smoothbore and nails the neighbors dog. I have to resort to the cannon mounted at the top of the stairs loaded with grape shot, ""Tally ho lads"" the grape shot shreds two men in the blast, the sound and extra shrapnel set off car alarms. Fix bayonet and charge the last terrified rapscallion. He Bleeds out waiting on the police to arrive since triangular bayonet wounds are impossible to stitch up. Just as the founding fathers intended."""
1j6sybd,2025-03-08,images/1j6sybd.jpeg,"""Pretty sure these women are from the Manson family cult cause that one in the center looks a lot like Squeaky Fromme. That would mean two of these women were directly involved in the killing of actress Sharon Tate and one was involved in the attempted assassination of the sitting president."""
1mbrsfx,2025-07-28,images/1mbrsfx.jpeg,"""A guy retweeted this photo saying « I’m sorry for what United States did at Pearl Harbor ». The joke is that she’s looking good and the dude was a simp"""
1mjbajp,2025-08-06,images/1mjbajp.jpeg,"""Online degrees are famously considered useless. Many employers will summarily reject applicants with one. I think the joke here is that even an online degree from Harvard is trash."""
14ys2z4,2023-07-13,images/14ys2z4.jpeg,"""Centrists or people that dont participate in politics are often viewed as grillers, they just want to take a load off and not worry about the chaos. Daughter is saying the boyfriend doesnt have to worry about her dad taking a stand to them because he doesnt stand for anything basically"""
1kbjn4z,2025-04-30,images/1kbjn4z.jpeg,"""That man is Chris Watts, and the woman and children are his family that he murdered."""
1jjo04h,2025-03-25,images/1jjo04h.jpeg,"""it's a meme or a joke where the girlfriend asks her boyfriend ""babe, would you still love me if i was a worm?"""""
1lofpc4,2025-06-30,images/1lofpc4.jpeg,"""Oh I think I can do this one! My girlfriend told me, I think it's a Tumblr thing. Person A says, ""I like your shoelaces."" Person B responds, ""Thanks, I stole them from the president."""""
1cj9j9z,2024-05-03,images/1cj9j9z.jpeg,""" I may be wrong, but I think this is a joke about how when he writes his passages, he takes complex situations and the solution will be  very simple. Examples: ""When you are weak, appear strong. But when you are strong, appear weak."" ""Men will only fight till death, when death is the only option."" Su takes these big ideas and tries to solve.them simply. The meme is joking about it with the sarcastic ""wow"" Edit: another Su quote ""If you know the enemy and know yourself, you need not fear the result of a hundred battles. If you know yourself but not the enemy, for every victory gained you will also suffer a defeat. If you know neither the enemy nor yourself, you will succumb in every battle"""""
1lejj62,2025-06-18,images/1lejj62.jpeg,"""I think it’s referring to the fact that most ships in movies are made to look rough or  crude (sorry if my English is not good, it’s not my first language)"""
1cb769r,2024-04-23,images/1cb769r.jpeg,"""There's a set of perks in the fallout series that give you unique romance/seduction dialog for a given gender, with +10% damage on top. So in the fallout universe you do 10% more damage to people of a gender you're attracted to."""
1fdg0i5,2024-09-10,images/1fdg0i5.jpeg,""" Alan Turing was gay and was pretty brutally persecuted for it by the UK government. He's the guy who kind of invented modern computing and did things like help crack the German Enigma code. Despite his accolades he ended up taking his life because of mistreatment by the country he helped survive."""
15aafk0,2023-07-26,images/15aafk0.jpeg,""". Everyone whose ages 12+ and older knows that the Harry Potter series deals with magic and eugenics. When the series first came out, it was vilified by fundamentalist Christians, mostly right wingers, for glorifying and promoting witchcraft. Naturally, the kids and the alternative crowd who had left wing views thought the world of Harry Potter was a safe space for their fascination with wand waving and British people, both of which are pretty gay. However, that all changed when J.K Rowling, the creator of the series made a controversial tweet ( Or Xeet \*Point and wink\*) about her feelings on trans people. The fandom quickly fell apart after this, resulting in most of the fandom in canceling Rowling by giving her the avada kedavra treatment. Ironically, the same right wingers who once called for her books to be banned and burned are now Rowling's biggest supports. Kind of like when the racists left the Democratic party after LBJ thought black people were cool. The joke here is that Harry Potter went from being loved by witchy girls to far right extremists after one tweet (Or Xeet \*Point and Wink\*). Now if you'll excuse me, I've just been sorted into Slytherin house and feel the urge to make fun of some mudbloods. ROADHOUSE!"""
1ccfha2,2024-04-25,images/1ccfha2.jpeg,"""The man in the top picture admitted in court that he pointed a gun at another person"""
1eeayas,2024-07-28,images/1eeayas.jpeg,"""One participant’s name is listed as J Christ. That is very much like Jesus Christ, a famed religious figure that reputedly walked on water. Being able to walk on water would be an unfair advantage."""
17aswoo,2023-10-18,images/17aswoo.jpeg,"""These characters are all Tumblr sexymen. That is, they're not conventionally attractive, but a moderately-sized part of tumblr is super obsessed with them"""
1lh0gn3,2025-06-21,images/1lh0gn3.jpeg,"""Elon is not happy cause AI (grok) ”he” made doesn’t spread right wing misinformation."""
1h779tg,2024-12-05,images/1h779tg.jpeg,"""These are not good picks for this cast, they're just random popular celebrities right now."""
1ftatdh,2024-10-01,images/1ftatdh.jpeg,"""Can’t be 100% sure, but I think that’s meant to be Joseph Smith, founder of Mormonism. In Mormonism, America is the true Promised Land, not Israel. Or something like that, I’m not religious. Edit: Great thanks to everyone who’s provided corrections and specifics! Everyone should upvote them."""
1hwftqw,2025-01-08,images/1hwftqw.jpeg,"""There's a thought experiment/silly question about a scenario in which you are granted immortality and billions of dollars in money *but* there'll be a super-intelligent snail who will always know your location and if he touches you then you'll die and he's absolutely driven and determined to get you at all costs. One viral answer to the question involves entrapping the snail in a large tungsten ball and burying it underground so it can never escape, so the joke here is that the ball is about to be broken and the snail will be free."""
186tj6c,2023-11-29,images/186tj6c.jpeg,"""Chemist 1 expected the other chemist to say ""I'll have H2O too"" which sounds like H2O2 which is pretty poisonous almost deadly when drank in large amounts."""
1hqjjs0,2024-12-31,images/1hqjjs0.jpeg,"""This is the ending of the first episode of a two parter. The first thing to know is that House is genius doctor who specialises in diagnosis. At the beginning of the episode House is involved in a serious bus crash and suffers a head injury. He has no memory of the events leading up to the bus crash (he was also very drunk) but is absolutely convinced that he saw somebody on the bus suffering symptoms of a deadly illness prior to the crash, but he can't remember it. Thoughout the episode he tries hard to remember what happened, trying several techniques such as hypnosis and getting high to try and bring his subconscious memories to the surface. During his visions he keeps seeing the woman in the picture but can't figure out who she is. Finally while talking to the woman in a vision (iirc he puts himself into cardiac arrest to get here) she asks him ""What's my necklace made of?"" and he realises that it's made of *Amber*. Amber is the name of his best friend's serious girlfriend, and he realises that she was on the bus with him and that she's the one who's dying. The next episode features him trying to diagnose her and remember exactly what he saw to make her think that she's dying. In the end he figures it out but it isn't possible to save her and she dies. The two partner is generally considered to be one of the best episodes in the series by the fanbase."""
1j0n4gg,2025-03-01,images/1j0n4gg.jpeg,"""Loss of US support for zelenski and Ukraine means Russia and its allies will have a considerable advantage, this image depicts them revelling in this information."""
1mwbbsw,2025-08-21,images/1mwbbsw.jpeg,""" No, what is on the shirt is *literal* as in the word ""what"" has four letters the word ""occasionally"" has twelve letters  and so on The use of a full stop shows that this is a statement, not a question."""
1h03n16,2024-11-26,images/1h03n16.jpeg,"""usually when you’re doing experiments there’s something called the Margin of Error. In some science assignments you need to do the experiment either more than once or compare with another example to find out how off you were. Different experiments may have different parameters. This is a version of the equation that I’ve seen as most common. The joke is that they did it so terribly that their error is ridiculously large. The two in the picture are Einstein and Oppenheimer so the lab partners can’t understand how their equation could possibly be wrong."""
1b5u72j,2024-03-03,images/1b5u72j.jpeg,"""For those who have lived in various parts of Asia, this meme speaks loud and clear. When I lived in Vietnam, Hotel California was literally everywhere. Yes, it was on the radio and in bars and clubs every night, but it was also in clothing shops, grocery stores, hotel lobbies, elevators, even ringtones. Whether you liked the song or not, you couldn't escape it.  And it's not just Vietnam, I traveled through Laos, Cambodia, Thailand, Singapore, China, Japan, and Korea. I heard the song at varying frequency in every one of those countries."""
1kdp49k,2025-05-03,images/1kdp49k.jpeg,"""She's thinking ""committment,"" and he's thinking he's been grabbed by a boa constrictor."""
1kyy4wf,2025-05-30,images/1kyy4wf.jpeg,"""It is the story of fascism and/or totalitarianism. it is similar to First They Came"""
1j5stzi,2025-03-07,images/1j5stzi.jpeg,"""It's the first episode after the first movie (wich was supposed to be the finale of the show and many of the original writers left) it is considered the beginning of the downfall of Spongebobs quality"""
1n8xv5g,2025-09-05,images/1n8xv5g.jpeg,"""so the guy in your image is actually a black person who has had amazing makeup and wigs and stuff put on him to make him look like a white redneck.   this guy is literally white face"""
1gmxl68,2024-11-09,images/1gmxl68.jpeg,"""The trend of modern cars is to have everything controlled with a touchscreen. You could set the mechanical knobs and switches without losing attention to the road. With modern touch based controls, thats not possible."""
1iu9i31,2025-02-20,images/1iu9i31.jpeg,"""A dude (i don't remember where) injected a moth into his vains and died in hospital Edit: it happened in Brazil, and it was a butterfly, not a moth 🦋"""
