"File","option_a","option_b","option_c","option_d"
"1actpx8","using Flex Seal as footwear is portrayed as undesirable, humorously justified by the unlikely scenario of falling meatballs from the sky.","its exaggeration,  as the meme presents an obviously unnecessary warning against using Flex Seal as footwear, thereby highlighting the absurdity of the situation.","a snapchat picture showing a person holding a can of Flex Seal and their foot covered in a black substance, with the text ‘Flex seal shoe’ with the text underneath: ""did the tales of falling meatballs not weigh on thine conscious"".","the meme refers to cloudy and a chance of meatballs (movie): the main character is a scientist and sprayed on shoes when he was a kid, which he could never remove"
"1af8odu","A teller is a person who works at the front desk of a bank. Teller is also a person's name; that person is one half of the magician duo Penn & Teller. On stage, Teller doesn't speak. Penn is the one who explains everything/talks to the crowd. The joke is that you expect the robber to be speaking to a bank teller. But he's actually speaking to the magician Teller who doesn't talk. That's why Penn comes in at the end to explain what's going on.","Penn’s comment makes the scene funny because he already understands why the “teller” never answers. The silence is treated as typical behavior, not as fear or confusion","A tweet-style image shows a fictional dialogue where a bank robber repeatedly asks a teller where the safe is. The teller gives no visible response, and the robber becomes confused. The final line says, “PENN: He always does this,” implying the teller is the magician Teller, who is known for staying silent.","The robber is absurdly expecting a machine to respond like a person, which makes his frustration seem misplaced and cartoon-like."
"1ajzxfm","The meme is funny because it illustrates how different fields of process thoughts, it is funny because although most people would take the surgery, mathmaticians and scientists wouldn't because they have the knowledge to know that the probability of the surgery failing is very small despite the given numbers.","It’s kind of a weird joke that doesn’t make perfect sense, but here’s the intended meaning: 1. Many people might see something like 50/50 odds leading to 20 successes in a row and think the next one is more likely to be a failed surgery. Like how many people could flip a coin and get heads twice in a row, and be more likely to guess the next coinflip would be tails. Hence the nervous face. 2. A statistician would know that the success rate of each surgery is independent of all the other ones, so they wouldn’t be especially nervous theirs would go wrong. 3. A scientist might see 20 successes in a row for a surgery with a 50% survival rate and think “wow, this doctor must be really good at doing surgeries”","The meme explains that normal people would choose this doctor because  he has 50% success rate, where as mathematicians would be more sceptical and scientists would refrain from getting a surgery from this doctor.","A meme with text describing a doctor stating that a surgery has a 50% survival rate and that the last 20 patients survived. Below the text are three panels labeled ‘Normal people’, ‘Mathematician’, and ‘Scientist’, each showing a different face reacting to the statement."
"1amtoff","Amazon does not hire 12 year olds, and 12 year olds cannot drive.  The potential panic this may cause whomever at Amazon, is hilarious.","The humor stems from the company’s apparent unawareness of having employed an underage individual, leading to the implicit consequence that they would need to locate and terminate the employment, which highlights the absurdity of the situation.","A screenshot of a social media thread where a user says that Amazon hired their 12-year-old son, followed by a response from an Amazon customer service account asking for clarification, and a subsequent reply stating that the son is one of their drivers","The humor arises from the unexpected implication that a well-known company such as Amazon employs a 12-year-old, which contradicts established social and legal norms, thereby creating a surprising and absurd scenario."
"1aoxsw3","Deer run in circles as a defense mechanism against predators ants run in circles because an ant has to turn around & left a pheromone trail in a circle, so the ants will die. it’s very sad.","The humor stems from anthropomorphic framing, as deer and ants are depicted as exhibiting human-like reactions when observing animals moving in circles.","The humor arises from a contrast in perception, where similar circular movement is framed as unsettling in deer but appealing in ants.","A meme with the caption ‘Animals running in circles is so cool’ at the top, followed by two images of animals arranged in circular formations. Below the images are two panels with illustrated faces, labeled ‘Deers’ on the left and ‘Ants’ on the right, each showing a different facial expression."
"1asrnb3","Incongruity between the claim that the location is haunted and the absence of any visible supernatural elements, resulting in a confusing and unexpected situation.","The black car is the Impala (aka “Metallicar”/“Baby”) from *Supernatural*, a show about two brothers who hunt down paranormal phenomena like ghosts, demons, etc. The Mystery Machine, of course, is Scooby Doo and the Scooby Gang, who hunt down ghosts and other various monsters. If they’re both in the same place, some haunted stuff is going down.","A meme with the text “oh this place is HAUNTED haunted” at the top, showing a black car parked in front of a colorful van resembling the Scooby-Doo “Mystery Machine” in a parking lot.","The humor stems from a cultural association between the presence of suspicious-looking vehicles and the suggestion of unusual activity, which contrasts with the otherwise ordinary setting."
"1aya611","The humor arises from the unexpected implication that the parents to the children are experimenting on them in a lab they have at home","The couple tries to claim more children for tax benefits, but claiming 'children in the lab' creates absurdity which makes the situation funny","Alabama ruled that frozen embryos count as live children, so this couple is claiming their 3 live children and 5 frozen embryos as 8 total children for tax purposes","A meme showing a couple sitting in an office labeled “Tax Services,” speaking to a man behind a desk. One person says “We’re claiming 8 kids…” and the other adds “3 at home and 5 in the lab.”"
"1b03bqv","The state is relatively small and is therefore often overlooked or difficult to recall.","the stereotype that many Americans are unable to identify all U.S. states, implying that they would fail the task presented.","A map of the United States showing state borders, with one state highlighted in yellow and a caption asking viewers to identify it.","we's making up states to mess em up badly"
"1b7unh0","The humor stems from a reversed stereotypical framing in which women are depicted as pursuing significant historical interventions, while men are portrayed as being motivated by the desire to see Cleopatra in person.","He would probably also be confused why they had built a second Memphis","The humor arises from a stereotypical contrast suggesting that men would use time travel to carry out significant historical interventions, whereas women are portrayed as being motivated by the desire to see Cleopatra in person.","A meme divided into two sections labeled “Women with a time machine” and “Men with a time machine.” The top shows a woman pointing a gun at Henry Ford. The bottom shows a man speaking to an ancient Egyptian figure in front of a pyramid, with text about a modern glass pyramid in Memphis containing a Bass Pro Shop."
"1be8p2s","The humor stems from the strong cultural association of the “6–7” reference in Brazil, where repeated exposure to the event evokes an emotional response.","A meme with text at the top reading “Teacher: what is 7-1? Me: 6 My Brazilian classmates:” followed by an image of people wearing yellow shirts reacting emotionally in what appears to be a stadium setting.","It's a football thing   Hosted in Brazil, best international team historically and huge favourites to win, they crashed out the tournament to Germany with a 7-1 loss. One of the most shocking results in football.  Brazilian fans did not take the loss well.","The humor arises from a reference to the widely recognized “6–7” event, which gives the expression an additional, non-mathematical meaning."
"1bikyy1","The math is a little off, but the gist of it is that the grand canyon took a long *long* time to get to its current state, but, at some point in the very distant past, it would've started out as a small stream, as depicted in the meme.  So, the joke is that the Flintstones were around a long time ago when the Grand Canyon was still just a little stream.","A meme with the text “So that's the Grand Canyon, huh?” followed by “– The Flintstones,” showing a cartoon scene of characters standing near a narrow canyon with a small stream running through it.","The humor arises from an incongruity in scale, where the Grand Canyon is depicted as disproportionately small relative to the characters, implying that people in the past were significantly larger than in reality. This contrast highlights the absurdity of the scene.","The humor stems from an implicit exaggeration of the Grand Canyon’s size, reflecting the tendency to describe it as exceptionally vast in comparison to its representation in the image."
"1bl3eve","A screenshot of a social media post referencing Percy Jackson using an iPod to fight Medusa, accompanied by two images: one of a character holding a device and another showing Medusa’s reflection in the device. Below, a reply comments that it is funny because they did not have phones.","The humor stems from the anachronistic coexistence of Medusa and Percy Jackson, combining mythological elements with a modern setting.","Been a while since I read the books but basically, phones attract monsters for some reason, so Demigods don’t carry them around.","The humor arises from the implausibility of using an iPod as a means of confronting Medusa, highlighting the absurdity of the situation."
"1bmtc5u","The perceived pressure exerted by the standing individual, which appears to influence the seated person who is required to take the oath.","The visible anxiety of the seated individual, who appears to react nervously to the obligation of telling the truth.","He likes big butts and he cannot lie.","A black-and-white cartoon of a courtroom scene where a judge asks a witness to swear to tell the truth. The witness, a woman standing at the stand, responds that it will not be necessary. Several people are seated in the courtroom observing the exchange."
"1bsdc0l","The Romans did not like the Germanic Tribes at all. It was in fact the Germanic Tribes that were an important factor in the downfall of the empire Edit: What I have just said is basically a CliffNotes explanation of what really happened. Was obviously more complicated than this but this is the gist of it","The humor stems from the exaggerated assumption that Romans, if exposed to the modern world, would respond with aggression upon recognizing the extent of societal and technological development.","The humor arises from a contrast between the expectation that Romans would be preoccupied with historical conflicts involving Germany and the implication that they would instead be primarily fascinated by modern technology.","A meme titled “Bringing Romans forward in time,” divided into two sections labeled “Expectation” and “Reality.” The top section shows a Roman figure reacting to a modern helicopter alongside a modern character making a dismissive comment. The bottom section shows a Roman figure speaking, with text referencing Germans."
"1bw9tb7","The humor arises from the unrealistic depiction of mice engaging in human-like communication, which creates an absurd scenario.","A four-panel comic showing mice in a cage. In the first panels the mice ask where they are being taken and speculate that they are going to a laboratory to test lipstick, expressing excitement. In the final panel, a person in a lab coat is shown carrying the cage in a laboratory setting.","Labs test lipsticks and other cosmetics on mice before opening them to the human market. The process probably involves autopsying the mice to see if any toxic chemicals from the product have entered the liver.","The humor stems from the ironic suggestion that laboratory testing is a desirable activity for the mice, contradicting its harmful nature."
"1c1tpnf","The humor stems from the presence of an unrelated object beside Magnus, which introduces an unexpected and incongruous detail into the scene.","It's a meme from r/anarchychess, where ""Google En Passant"" comes from. They're acting as if this is a way to cheat at chess, because it lets you see the other player's pieces. In a lot of card games like Poker this would be a genuine advantage, but I'm Chess the point is you can see the other player's pieces. The joke is OOP pretending not to get that. The two people are big famous competitive chess players. The brick is a reference to the joke on r/anarchychess that the move ""En Passant"" is forced. If you decline En Passant, that is if you could have taken the move but didn't, you are punished by your pipi being bricked, aka your penis being crushed by a brick.","The humor arises from the asymmetry of information, as Magnus is unaware that Hans is cheating, which implies an unfair advantage.","A simple drawing showing two stick figures labeled Magnus Carlsen and Hans Niemann sitting at a table playing chess. Above them is a mirror on the ceiling, with dashed lines indicating a line of sight from the mirror to the player."
"1c6zoan","The humor arises from the apparent lack of coherence in the dialogue, which creates an incongruous and confusing scenario.","A screenshot of a social media post showing a dialogue about inconsistencies in a fictional storyline, mentioning “Todd” and “New Vegas,” followed by a repeated response stating “All of it.” Below the text is an image of Todd.","The humor stems from the contradiction inherent in the existence of multiple endings being treated as simultaneously canonical, which creates a logical inconsistency.","That's a (slightly edited) picture of Todd Howard, the director, executive producer, and public spokesperson for Bethesda Games. He lead development on all the Elder Scrolls games (Skyrim), Starfield, and Fallout 3, 4, and 76. Recently the Fallout TV series was released and it featured an event that happened in one of the endings of ""Fallout New Vegas,"" a game published but *not developed* by Bethesda. But the event in question happens in different years in each of New Vegas and the TV show. Because of this Todd was asked recently whether New Vegas or the TV show is canon to the series at large, and if New Vegas is, which ending. His response was ""all of Fallout is canon."" Which doesn't really answer any questions or make sense."
"1c22s8b","A screenshot of a social media post showing text at the top referencing going back in time, followed by a repost of an older post by H3h3productions. The post includes a photo of four people posing in a kitchen, with one person crouching in front and the others standing behind.","Joji is filthy frank (the guy in the left) made content on YouTube that was very unusual. I highly suggest watching it cause a lot of memes came from him.  Now he makes chill music and all ties to the character are cut.  Miss papa franku","The humor arises from a reversal of expectations, where the individual who appears most visually distinct from the group is identified as the most “normal.”","The humor stems from a superficial interpretation in which the crouching individual is considered the most “normal” solely based on physical positioning, despite the broader social context."
"1c175gf","The humor arises from an unexpected alignment in which pro-nuclear advocates and oil and coal companies appear on the same side, leaving climate activists at a disadvantage.","It's basically about how nuclear energy is almost universally despised by environmentalists despite it being extremely clean and reliable source of energy.","The humor stems from a perceived alliance between pro-nuclear advocates and climate activists, which contrasts with the position of oil and coal companies.","A four-panel comic showing characters engaged in a tug-of-war. The first panel shows a character labeled “Pro Nuclear” pulling a rope. In the second panel, a character labeled “Climate Change Deniers” joins on the same side. In the third panel, characters labeled “Climate Change Activists” and “Oil & Coal Companies” appear on the opposite side. In the final panel, the “Pro Nuclear” character looks confused and says “Huh?”"
"1ccfha2","The man in the top picture admitted in court that he pointed a gun at another person","A meme showing two courtroom images. The top image shows a man in a suit speaking in a courtroom setting, while the bottom image shows another man sitting and covering his face with his hand. The caption reads: “My attorney, after hearing me turn my jaywalking charge into a death penalty case.”","This is funny because the implication that a defendant may incriminate themselves through excessive or careless statements","It’s funny because the attorney reacts with visible panic and resignation, suggesting the situation has become hopeless."
"1cehmmt","It is  a screeshot of an internet article with the title of ""Russian Plumber Doesn't Know Why People Stare At Him On The Street"" the phot below the caption shows a middle aged caucasian male with a tired expression.","He looks very much like Hugh Laurie.","This is funny because the man in the photo is making a hilarious expression.","This is funny beacuse he is wearing stripes he looks like a prisoner not a plumber."
"1cgcw31","The humor arises from the animals reaction to the mans comments about other animals.","Its a reference to a trend  on TikTok  where people will ask women if they would feel safer being alone in the woods with a bear or a random man and they almost always choose the bear. Basically the idea is that the bear will be pretty much harmless if you leave it alone vs a man could have nefarious intent with no provocation.","It is a joke from the movie ""The Emperors New Groove"" since the lama is an anima he would rathe be friends with a bear than a man.","It shows a man speaking with the caption ""if you don't understand why women are choosing the bear... you are probably part of the reason they are choosing the bear"" and the llama reacting with a gaping sigh."
"1jfy6ms","Whitney Houston had a song called ""Im every woman""","Since Whitney Houston is an actress she has played the roles of many different women before.","A screenshot of a twitter interaction between a woman and a man with the LGBTQ flag in his profile having a cinversation about feminism","It is funny beacuse it is impossible to name every woman and doing so would not be a strong indicator of feminism values."
"1eae89f","It is an old maids tale that if you play too many video games you turn into a squid.","It shows a line of somber men walking in a single file line into a an upside cover of the game Bloodborne and leaving the other side of the cover is a line of squids.","It is funny because playing a game can not change your pysical anatomy.","In one possible ending of Bloodborne, the protagonist becomes an eldritch squid creature."
"1iw42ka","It is funny because it is implied that men are  more concerned with family but women are only concerned with celebrities.","It is funny because it is sarcasm since a lot of people want to go ot the met gala every year snce it is considered one of the most prestigous fashion and high society events.","Grimes met Elon Musk at Met gala 2018 , leading to their relationship . Many people believe things would have been better if Grimes and Musk had never met .","It is a screeenshot of a tweet showing a meme with the top portion titled ""Boys with the time Machine"" and one male face saying ""im your grandson"" and he other one replies ""wow"" the lower portion of the meme is titled ""Girls with the time machine"" and a group of females speaking to a photo of Grimes with the caption ""do not go to the 2018 Met Gala"""
"1k4fjdr","Wish #1 is to wish the genie does the opposite of what he asks in wish #2 Wish #2 is to not grant wish #3 (which since Wish #1 was do the opposite, it means the genie must grant wish #2 as 'do grant wish #3). Wish #3 is cancel wish #1, which is to do the opposite of wish #2, which as established is to make the genie grant wish #3, which causes wish #2 to not be opposite, which means that genie can't grant wish #3, which means wish #1 can't be cancelled, which means, genie needs to do the opposite of ""don't do wish #3"", which means, the genie must cancel wish #1, which means wish #2 becomes ""don't grant wish #3"", thus stopping ""cancel wish #1"" from happening, which means wish #2 won't grant wish #3, which means wish #1 gets cancelled, which means, wish #2 must cancel wish #3, which means wish #1 doesn't get cancelled...","It is funny because nobody would ever ask for this.","Itfunny because its a common logic problem","A four-panel comic followed by an image of a mushroom cloud, depicting a man using his three wishes from a genie to create a logical paradox by asking for the opposite of the second wish, the denial of the third wish, and the cancellation of the first."
"1l4mpmj","He liked her body so much he did not realise where he was walking","It is funny because the image posted iun the tweet is not a woman so it has incongruous humor.","Since the photo shows a stuffed animal and the person replying to the tweet is relating the stuffed animal to the rack of stufed animals.","A screenshot of a social media thread where a user shares a photo of a woman with a highly exaggerated curvy silhouette asking if men ""really like this,"" followed by a quote-post from another user claiming he once walked into a rack of stuffed animals after seeing someone with that build."
"1k0el7w","It is funny beacsue it is impossible to tell wht game someone is playing just by looking at their playtstation.","A meme featuring text about ""gamers"" being able to identify a specific video game boss by looking at a console, paired with a photo of a PlayStation 1 with its controller plugged into the second port","In one of Metal Gear Solid games there was a boss called Psychomantis which messed up with your consol and one of the things the boss does is disabling your first pad port. Since the pad is connected to port 2 the person is fighting with Psychomantis","This post implies that gamers is funy because it referencing to the fact that gamers have special psychic abilities to sense the vibes if games."
"15h4szq","This is because Plato is one of the first people to come up with an idea of society and barbie is a modern version  of it.","It is incongruous which makes it funny since Plato is an important philosopher and he ahs nothing in common with childrens toy brand.","A two-panel meme that humorously labels the 2023 Barbie movie poster as ""the anime"" and the cover of Plato's The Republic as ""the manga,"" satirizing the common gatekeeping trope that one cannot appreciate an adaptation without reading its ""source material.""","In Platos republic, Plato argues that the best society is one in which a astiorcratic elite who have spent their whole lives training and learning the art of statecraft should be the rulers. The idea is that if someone has been trained in the art of statecraft and philosophy from birth they will be the idea ruler or ""philosopher king"" who seeks council from other who are skilled in their professions. Super simplified, in an ideal world, people would fulfil a specific role and be happy about it. In Barbie, each of the Barbies holds a specific role they were created for, their ruler rules and does so well, because they were created to rule. The Barbies are happy about it. You could argue it looks like Platos ideal republic"
"1k70gfk","A meme featuring text about Italians watching a ""race war"" with the intent of joining whoever wins, paired with an image of Thanos sitting on his throne.","There are are a lot of people with Italian ancestors all around the world so they will migrate if there is a race war.","Since Itlaians are ethinically ambiguous they are able to blend in many places.","White supremacists, in the US at least, have yet to decide if they fully believe Italians are white or not"
"1jaa0tw","A four-panel meme using the ""Joey’s Delayed Reaction"" format, showing the character Joey Tribbiani from Friends looking pleased with a standard Catholic rosary, then reacting with wide-eyed shock at an Eastern Orthodox prayer rope (Chotki).","Rosary beads help you keep track of your prayers. It's useful when you need to say 10 consecutive Hail Marys. The bottom image is a Pater Noster cord which has 150 beads for reciting the 150 Psalms. This is clearly more overwhelming than the common rosary","The beas in the image below have a cursed and demonic meaning and thats why people do not like it.","It is funny because Joey from friends was Catholic and thsat why he recognizes the rosary."
"1m0a4hv","A meme featuring a ""GigaChad"" character edited to look like a Spanish conquistador, standing before a Mayan or Aztec pyramid with the text ""SORRY BUT THE HUMAN SACRIFICES WILL STOP,"" surrounded by various crying ""Wojak"" characters","This references how the spanish were much better looking and morally superior to women and Native American people.","This is a typical nationalistic view of the conquistadors. Historically, these explorers were rather horrible, greedy people. There are probably a few who were decent, but they are few in between. A common argument against the native populations that the Spanish encountered is that they were doing human sacrifices (typically the Aztecs, I believe). This is used as an excuse for the conqueror's horrid behavior, saying that that were taken over by more ""civilized"" people. Mind you, this is completely ignoring public executions and the Spanish Inquisition of the time. Or the various rape and plundering the conquistadors did in the sake of finding resources to exploit. In modern days, Liberals are more likely to point out these vile practices of this colonization. Thus, the girls with strangely colored hair. The smug nature of the comic is to imply that the Spanish were right in their colonization, and that the Aztec and Liberal girls are sad at being ""caught"" being wrong. However, this ends up being an example of "" I've Already Depicted You As The Soyjak"" meme","This is funny because nobody would be upset at ending human sacrifices."
"1hvaqk7","This is funny beacuse all country folk know that the star is a symbol for prorperous haverst and protection of animals.","In America it is for framers to show their pride in the American flag","A meme featuring a photo of a red barn with a white ""barn star"" and text stating that ""country folks"" can't believe people don't know its meaning","They can mean a number of things, but they're mostly just for decoration. This is just a troll meme."
"1kw3buz","The rocket scientist is British.","You probably know rocket as arugula.","An image of a page from a joke book featuring a pun that reads, ""My friend genetically modifies salad. She is a rocket scientist,""","Rcoekt scientists are very smart so they eat a lot of salads"
"1blxcsy","It is funny since there is an epsiode about baseball on the TV show ""Abbot Elemenatry""","It si funny because Abbot and Costello both loved baseball and predicted this memes popularity.","It's a skit by the comedians Abbot and Costello called ""Who's on first?"" The premise of the skit is that the first basemans name is 'Who', the second basemans name is 'What', the third basemans anme is 'I don't know', and Abbot is trying to explain this to Costello","A meme featuring a photo of a baseball player standing on first base with the surname ""HU"" on his jersey, referencing the classic Abbott and Costello"
"1cskltc","Penn and Teller are a comedy duo. Penn is the orator and Teller’s whole thing is rarely ever saying anything","I funny because usually a bank teller talks and the pen an inanimate object cant speak but they have reversed roles.","Its funny because this duo is suaully both silent.","A screenshot of a social media post featuring a dialogue between a bank robber and a bank teller who remains silent, concluding with a character named Penn saying, ""He always does this,"""
"1kqwlgj","There's a common theistic argument that the Earth is too perfect to be here by accident, it must be here on purpose, ergo a god exists. This is known as a fine-tuning argument. The idea is if it was any closer or further away from the sun, if it spun slower or faster, or if it was smaller or bigger even by a tiny amount, it couldn't support life. If that was true, then the Earth being slightly heavier would cause it to be uninhabitable. This meme is essentially saying ""this is what the Earth would look like if it was one kilogram heavier, according to theists that use fine-tuning arguments"". This is of course all nonsense since all of those variables change a lot anyway. Edit: I'm getting a lot of constant notifications so I'm going to clear the air.  Firstly, I said it's ""A"" fine tuning argument, not ""THE"" fine tuning argument. It's a category of argument with multiple variations and this is one of them, so stop trying to correct something that isn't wrong. Secondly, I never claimed a god doesn't exist and I never claimed that fine tuning being a stupid argument proves that a god doesn't exist. Saying stuff like ""intelligent design is still a good argument"" is both not true and also completely irrelevant. Thirdly, this is my interpretation of the joke. I could very well be wrong. It's just where my mind went.","This is an anti science meme that mocks scientists delusion sie everyone knows that mass is added to earth constantly.","A meme featuring an image of the Earth being consumed by a massive, fiery explosion in space, paired with the text ""Apparently Earth if I make it 1 kilogram heavier,""","This is funny because mass cant be added to earth due to physics."
"15yqaf6","the double slit experiment, particles behave differently when they are observed.","It humorously depicts paranoia and how you can feel things when your not looking.","A two-panel meme featuring the ""Monkey Puppet"" character looking away and then forward, paired with diagrams","This meme depicts object permemanence."
"1fycaf4","It is funny because you would nver text your crush an algebraic equation.","The meme's joke is that the guy is dumb, because he thinks 7+x is always equal to 7x. The meta-joke is that the meme creator is dumb, because you can read 7+x = 7x as an equation to be solved.","This meme is funny because the boy is being broken up with by the much smarter girl.","A two-panel meme featuring an illustration of a man texting the algebraic equation 7+x=7x to a woman, who replies with, ""I think we should see other people,"""
"1cpvjc7","A two-panel meme featuring a collection of road signs explicitly warning Swift Transportation trucks that a road is a dead end and they are not allowed, paired with a photo of a Swift semi-truck stuck in the mud on that exact narrow, wooded path.","It is funny because truck drivers need to drive swiftly to get to their destinantion.","The joke in the trucker community is that SWIFT stands for Sure Wish Id Finished Training. They're notorious for getting stuck in stupid places, getting into stupid wrecks, and generally making a nuisance of themselves due to lack of forethought","Truckers can't read and thats why they are unable to follow the signage."
"1bur7j0","This is funny because finding out your hous is bigger wouldnt make your wife unhappy.","I I think this is a reference to the book House of Leaves. It is a weird horror story. The house is bigger inside than out and keeps changing around. The husband sets up cameras and a lot of the story is told by ""found footage"". The house starts off fairly normal, but eventually the husband becomes very lost in a giant maze inside the house.","A four-panel ""Trollface"" comic titled ""how to troll le wife!"" that depicts a man moving into a new house, setting up cameras, and measuring the dimensions, only to end with a haunting realization that the inside of the house is 1/12 of an inch larger than the outside","This is funny becuase this fairly obviosus since your house has walla between the inside and outside you naturally lose some space."
"1co83ht","The humor comes from the idea that female colleagues maintain a friendly, smiling appearance in the workplace regardless of the situation.","The humor comes from the contrast between the workplace being formal and the calm, friendly expressions shown.","the joke is; the management and human resources department employees are always gleeful under any circumstances, even when they are about to give you the worst possible news.","A meme with the text “POV: The left is HR and the right is your manager and you’re about to get fired,” showing two side-by-side images of women facing the camera and smiling."
"1cwrltm","It is humorous because he appears to be impatiently waiting for his wife to complete the phone number needed to order the pizza.","It is humorous because dialing only three numbers contradicts the expectation of ordering food, creating an illogical situation.","Cuz if a person is in danger and wants to call 911 but they don't want the person they are with to know they are calling 911, presumably because that person *is* the danger, they can pretend they are ordering a pizza and the 911 dispatcher will know to send police.  The dispatcher can ask yes or no questions and the caller can answer while still pretending they are ordering a pizza. That is a picture of moistcritikal.","A screenshot of a social media post with the headline “POV: I’m telling my wife what I want on the pizza she’s ordering but I hear her only dial 3 numbers” at the top, followed by an image of a man with long hair sitting indoors looking unamused."
"1cym2ue","There are already many great answers here, but I’d like to add an interesting example involving Deadmau5. He bought a Ferrari 458 Spider and heavily modified it, even replacing the Ferrari emblem with a “Purrari” logo. This led to Ferrari suing him over the modifications. Interestingly, Lamborghini later offered him a Huracan with a Nyan Cat wrap as a playful response to the situation!","It is humorous because the response is exaggerated, depicting legal action as if it were a military operation.","A meme with the text “Ferrari’s lawyers on their way to sue someone for modifying the car that they bought with their own money:” at the top, followed by an image of several men in suits walking out of a large building entrance.","It is humorous because the visual presentation creates an overly serious and ominous tone."
"1d2jxbw","It is humorous because he proceeds to drink it despite the negative implication.","A multi-panel comic showing a man stranded in a desert, crawling and asking for water. He finds a bottle labeled “Dasani,” expresses relief, then looks disappointed and throws the bottle away.","Dasani is highly regarded as one of the worst bottled water brands for its supposedly horrible taste","It is humorous because the liquid is initially perceived as water but is implied to be something else."
"1d6ho4f","It is humorous because the irritation on the skin creates the impression that treatment has already been applied.","When you push your nail against a mosquito bite it stops it from itching for a bit","A meme with the text “Do you need some anti itch cream?” followed by “Me: nah I’m good bro,” above an image of a hand with visible redness and irritation.","It is humorous because the response contradicts the visible condition, creating a sarcastic effect."
"1d8sg9b","It is humorous because it references situations where people offer food but record the interaction, implying an unnecessary level of production.","It is funny because it exaggerates the idea that being at Chipotle involves being filmed, which is not typically the case.","A meme with the text “going to chipotle ya’ll need anything” at the top, followed by an image of a man wearing a body-mounted camera rig with a large professional camera attached.","Lots of anecdotal stories about how if you film at Chipotle you get larger portions."
"1d98tf9","It is funny because operating a bulldozer is framed as an unreasonable or excessive activity.","this evokes childhood behavior, where playing with machines or toys is common.","A meme with the text “Sometimes reasonable men must do unreasonable things” displayed above and below an image of a bulldozer-like machine.","Guy took out his town’s city hall, a former mayor’s house, and some other buildings, in a tank-like modified bulldozer, over a dispute with the city. He also committed suicide at the end of it. Lookup Killdozer."
"1dbipgs","The humor stems from the ambiguity of the finger placement, making it difficult to determine the position of the pinky or thumb.","It is humorous because the hand gesture can resemble a familiar shape, such as a bunny.","A meme with the text “Only 1% of humans can do this” at the top, showing a hand with fingers positioned in an unusual way. At the bottom, the text reads “If you think is easy, re-check where the pinky is.”","The muscles and tendons in the ring finger are highly interconnected with, and partially dependent on, the pinky and middle finger. It's also very difficult to place all your fingers on a table and only lift up the ring finger, but lifting it with the ring or pinkly finger is easy. OP, you are a ""mutant"" in that you're part of the small percent of the population that can move their ring finger independently. It can become a learned ability, but that requires active training with the fingers, being able to do it naturally is very unique.  It's why some people struggle to do the Vulcan hand sign form Star Trek. To add more info, in general, the muscles in our fingers are deeply connected to the forearm muscles. lay down one hand, put the other hand on your forearm, and just wiggle your fingers. You should feel your forearm tense and flex in different spots with each finger movement. The musculatory system is highly complex!"
"1dfrh37","It is humorous because the other characters react with frustration toward the queen’s action.","A multi-panel comic showing a queen confronting a king in a castle. The queen threatens the king with a sword, while the king warns her not to move to a certain space. In the next panel, the king appears in a different location unharmed, while the queen stands in the previous position. The final panel shows many fallen characters outside the castle and others reacting with frustration.","It is humorous because the king avoids death despite the apparent threat.","Because the king can't safely move, the match is a stalemate"
"1di1z94","This was posted yesterday on Chuck Shumer's Twitter. He made a post about grilling for Father's Day but had placed the cheese on a completely raw burger which no one would do indicating it was a staged photo or just another example of government incompetence.","It is humorous because it can be interpreted as a cultural reference to simple food combinations, such as bread with cheese.","A meme with the text “I’m from the government and I’m here to help.” at the top, followed by an image of a burger patty on a grill with a slice of cheese placed directly on top.","It is humorous because the statement and the image appear unrelated, creating an incongruous combination."
"1dk6kds","It is humorous because experiences are perceived as more lighthearted during childhood.","In this episode of Tom & Jerry, Tom arrives at the gates of Heaven together with a group of other cats who recently died. These kittens are inside of a soaked sack, implying that they were drowned. The gatekeeper even says this has happened a lot.","It is humorous because the same Tom and Jerry scene is experienced differently with age.","A meme comparing two stages of watching Tom and Jerry. The top shows a child watching a scene without understanding it, alongside a neutral facial expression. The bottom shows the same scene labeled “14 years later,” paired with a more serious facial expression."
"1dlzvsx","A screenshot of a social media post comparing drawings labeled “1978” and “2011,” showing a simpler sketch in the earlier year and a more detailed drawing of boots in the later year.","It is humorous because drawing appears simpler today.","It is humorous because drawing was more difficult in the past, yet people today are perceived as less productive.","The boots seems to be more detailed, so took more time to draw... That's all"
"1do7yvv","It’s funny because the money shows up out of nowhere and feels completely random.","It’s funny because she only kisses him after noticing the money, suggesting she’s motivated by it.","His wife thinks he was protecting her from hitting her head on the table, but really he was keeping his secret stash of money from being discovered.","A multi-panel comic showing a woman handling a wet cloth near a window. She attempts to dry or manage the cloth, while a man approaches and interacts with her. In a later panel, the woman kisses the man, and in the final panel, money is shown being placed on a surface near the window."
"1dr9jg6","He plays music in that background while holding his finger up and a caption rolling such as “ Song X is like/sampled/copied from Song Y” - all the while staring blankly at the camera.","A two-panel meme showing a school bus on train tracks with a train approaching. The top panel includes text describing small creators trying to get views. The bottom panel shows the train colliding with the bus, with additional text and an image of a man inserted over the train.","It is humorous because small creators are portrayed as struggling despite producing high-quality content.","It is humorous because an unrelated individual is depicted as gaining attention effortlessly, despite lacking a clear connection to the situation."
"1dtmedg","The man is either presenting a puzzle (""find x"") or making an assertion (""7 + x is the same thing as 7 \* x""), and either way, the woman isn't having it.","It’s funny because the equation implies he has had multiple past partners, which is perceived negatively and leads to her reaction.","A two-panel comic showing a man lying on a couch looking at his phone with a speech bubble containing the equation “7 + x = 7x.” In the second panel, a woman next to him looks down and says, “I think we should see other people.”","It’s funny because bringing up a math equation in a romantic setting feels socially inappropriate and awkward."
"1dwa7tj","It’s funny because it is presented as a simple story to tell.","It’s funny because singing is portrayed as unmanly, and he compares it to losing his balls.","A four-panel comic showing a boy and a priest in a church talking about singing, followed by a final panel of an adult sitting by a fireplace with text about losing his balls.","There was a practice back then to create Castrati, essentially choir boys castrated before puberty in order to maintain a high pitched singing voice."
"1e0k66e","It is humorous because the number 255 appears unexpected and arbitrary.","Its a coding joke. You ask for 0 wishes, and that in itself is a wish, so you ends up with -1 wishes. But old computing systems can't take negative integers, so it gets set to 255, which is the 8-bit integer limit. edit: wording   edit2: Any system *can* take negative numbers if you program it to, but this particular problem is mostly exists on old systems due to either technological limits/budget or was never intended to account for them.","A meme with text at the top showing a dialogue: “Genie: You have three wishes,” “Me: Make it 0,” and “Genie: Ok, you now have 255.” Below the text is an image of a blue cartoon genie sitting and thinking.","It’s funny because the person confuses the genie, who then loses track of the wishes and ends up giving 255 instead."
"1e2qvt9","It is humorous because the person is trying to convert others to Christianity by presenting it as the truth.","A meme with the text “Just read the Bible for yourself and you’ll see why I’m right” at the top. Below are two images labeled “People who don’t know” and “People who know,” showing a normal-looking character on the left and a darker, unsettling face on the right","There's a common phrase in the atheist community. ""Read parts of the bible and you become a Christian, read the whole bible and you become an atheist."" As an atheist that used to be christian I can agree with the sentiment even though it's a bit oversimplified.","It is humorous because the scared reaction suggests an atheist realizing that God exists."
"1e6m88u","A two-panel meme showing a woman at the top with text about writing songs about her exes, and a couple at the bottom with the text “That’s cute.”","The bottom is Stevie Nicks and Lindsey Buckingham of Fleetwood Mac. They were a couple when they joined the band in the 70s. By the time of their classic album Rumours, they had broken up very acrimoniously. They started writing basically diss songs about each other for the album. Also, basically every member of the band beside Mick Fleetwood and John Mcvie (edit to make this more clear, the only members not sleeping with each other) sleeping together. There was also a lot of cocaine. They made a masterpiece.","A two-panel meme showing a man sweating at the top and another man reacting below, with text about a video being sponsored.","It’s funny because the couple appears to be judging Taylor Swift for her controversial songs."
"1ea5yhw","It's less professional than a navy, gray, or black one. Certain Obama opponents tried to blow it up into a scandal. This post is poking fun at those people for losing their mind over what is in the and a perfectly acceptable suit.","It’s funny because the image seems edited, as Obama is usually seen wearing darker suits","It’s funny because tan suits are often seen as less flattering on darker skin tones.","A screenshot of a post asking about Obama wearing a tan suit, with an image of Barack Obama standing outside in a tan suit."
"1eeayas","A post with text about unfair advantage in water, showing two rowers in a boat during a competition.","One participant’s name is listed as J Christ. That is very much like Jesus Christ, a famed religious figure that reputedly walked on water. Being able to walk on water would be an unfair advantage.","It’s funny because the person in the front seems more enthusiastic.","It’s funny because the person in the front appears more physically built, like a typical athlete."
"1efs65o","It’s funny because most people would not think anything unusual about it.","The commenter is referring to the fact it could also look like the one star dragonball from a show called dragonball.","It’s funny because a rare-looking fruit is treated negatively, poking fun at that mindset.","An image of a hand holding an orange with a red star shape on it, with text above and below referencing “A Soviet Orange.”"
"1eko6xo","It’s funny because increased access to therapy is presented as improving society overall.","A two-panel meme showing a man sweating at the top and another man reacting below, with text about a video being sponsored.","I believe it was revealed some time ago that BetterHelp's service is actually very lackluster.","It’s funny because BetterHelp is framed as the ideal sponsor due to its focus on mental health."
"1elhse8","The humor comes from how little actually changes over time despite the expectation.","The joke is that the modern ballpoint pen is a perfectly designed technology that would be unaffected by the butterfly effect. The design has survived long enough that not even time travel could stop its use.","Everyone knows the butterfly effect can turn small changes into big consequences, which makes it funny.","A meme with the text “Time traveller: moves a chair” and “Timeline:” above four images of identical blue pens labeled 1955, 1985, 2015, and 2021"
"1eq297i","It’s funny since they’re underrated but actually taste really good.","These were sold in vending machine inside break rooms, usually at manufacturing plants.  They were usually in the vending machine that rotates. You have to open the little door and pull it out. Edit: These were a great choice at 7 am, first thing In the morning, because you didn’t get home from the bars  before 3:30 am.","A screenshot of a tweet stating “if you’ve never eaten one of these i don’t want to hear your opinion on labor rights” above an image of a packaged “Big AZ Cheeseburger” and a cheeseburger.","The joke is that it’s literally just a toy."
"1et8l0q","The time shown isn’t even when you’re supposed to clock in yet.","A screenshot of a text conversation labeled “Boss” asking “Why are you late to work??” with a reply showing a calculator displaying “630,” followed by “Understandable, have a nice day.”","I think the joke is that they typed in their calculator app by accident rather than setting their alarm clock.","It comes off as a prank message rather than something serious."
"1ex1lej","The seriousness of his expression makes the statement funnier.","No one can really prove where you’ve worked, which is what makes it funny.","A meme with the text “Remember, no one can prove you weren’t a regional manager for RadioShack or Toys’R’Us” above an image of a man staring intensely.","They’re out of business, so someone could use it as resume fluff"
"1f0qs2a","A lot of kids have gotten their fingers stuck in those.","It’s an old cigarette light all cars used to have. If you pushed it into the socket it would get really hot in about 30 seconds and you could light a cigarette. The meme tweet is saying that every curious kid has touched one of these, including me.  But they don’t don’t put them in cars anymore","Nothing would actually happen, which is the point.","A screenshot of a tweet asking “Who knows what this is?” above a close-up image of a circular metal object, followed by a reply mentioning “A teachable moment for an overly curious child in a car alone."
"1f4tmhz","The housing market is so tough that even a tiny room counts as a win.","It doesn’t really look impressive enough to brag about.","A screenshot of a Reddit post titled “Took me 18 years, but I did it!” showing a hand holding keys inside a prison cell with a bed, toilet, and small window.","This looks like a prison cell, but the guy took the picture like new home owners do with the keys. So the joke is saying that it took them 18 years to get their own place, which actually is a prison cell."
"1f16w9p","It usually meant the gum was picked up from the ground.","Kids would offer gum but never actually share it.","it's a prank device that give you a small shock when you try to take the gum","A meme with the text “this is where my trust issues started” above three packs of chewing gum labeled “PULL HERE,” each partially opened with a strip visible."
"1fa202w","It’s just a manga, nothing more.","It isn’t even a show.","Grave of the Fireflies, it's a grade A tear jerker.","An image of a boy carrying a child in front of a burning building, with text below showing a conversation where one person asks “Show?” and another replies “no this is for your own good.”"
"1fbym0h","It’s funny since they all prefer different drinks, which highlights how different they are.","A meme with the text “Average male friend group:” above an image of three items on a store shelf: a yellow Heinz mustard bottle placed upside down, a green Prime drink bottle, and a pink Alani energy drink can.","The joke is that Prime is mainly associated with kids.","One likes to eat, one goes to the gym, and one survives off energy drinks and snicker bars. Probably."
"1fdg0i5","A screenshot of a tweet reading “The British government the second ww2 was over” above an image of a woman speaking, with overlaid text “you’re telling me a queer coded this.”","Your sexuality has nothing to do with your abilities, which is what makes it funny.","It plays on the idea that the UK government is homophobic.","Alan Turing was gay and was pretty brutally persecuted for it by the UK government. He's the guy who kind of invented modern computing and did things like help crack the German Enigma code. Despite his accolades he ended up taking his life because of mistreatment by the country he helped survive."
"1fg38dp","A screenshot of a tweet saying “Open the schools” quoting another tweet about Megan Thee Stallion paying mortgage to Beyoncé, with two side-by-side images of the two artists wearing similar outfits.","The word they’re looking for is homage","It points out how a lot of kids end up at events meant for adults.","Beyoncé being much richer than Megan is what the joke leans on."
"1fm0tjo","Obviously no one can live for 3000 years.","Back then people thought not turning off the PC would break it.","Someone feels old because they remembered Y2K was a thing.","A meme showing a sticker reading “REMEMBER Turn your computer off before midnight on 12/31/99” above an image of a man with the caption “I was there. 3,000 years ago…”"
"1fs6ndo","Something bad is happening, yet the soldier is still smiling.","Tyranids avoid two things , demon and necron. Tbf thé latter are probably a better news than the nids","At first it seems like bad news, but then he realizes it’s actually good.","A three-panel meme showing a soldier in armor with text: “A Tyranid fleet is approaching the system,” followed by two panels both stating “It ignores your planet,” with the soldier’s facial expression changing."
"1fo91u1","It’s funny because the offer is much lower than the original price.","A screenshot of a chat where a person asks for a logo price, states a budget of $800, and a reply is typed “Logo design price is $350,” followed by an image of Shrek smiling.","It’s funny because the buyer sent the message to the wrong person.","The Logo designer normally charges 350$ But the person asking for the logo has a budget of 800$ 800$ is more dollars than the 350$, this is an important fact which can be easily overlooked.  So just about as the logo desinger was to send their message they see this. And after doing a bit of math and self refelection they think to themselves.  ""hmm, I could also charge 800$ as that is more than 350$"" Which will allow the logo desinger to buy more peanuts.  Peanuts are tasty.  Also shrek is there for the 'hold on a moment' thing and obviously for the sex appeal."
"1fst6nb","There’s an implicit absurdity in someone openly identifying as Russian to their neighbors in an American setting, where that isn’t particularly common.","Yeah its a political joke, the neighbours have taken a part of the other person's garden just like Russia has taken parts of Ukraine. Hopefully that helps.","Drawing of a man standing by a fence talking to two neighbors inside a yard; a speech bubble says: “No, we’ve never had Russian neighbours. You are the first.”","It plays on the stereotype that Russians tend to be reserved rather than overly talkative."
"1fu3pp1","The humor comes from a child demonstrating unexpectedly advanced knowledge.","Four-panel meme: top text shows a mother asking for a PC for school and a son listing high-end specs; bottom panels show Shrek smiling.","that is way too good for a school computer. it's clearly for gaming","The phrasing appears not making sense, which creates the comedic effect."
"1fuxrbx","The numbers when pressed will correlate to different letters. For example, pressing 2 will give you A, but pressing 22 will give you B, 222 giving you C, and so on.  This pattern of numbers spells, ""It was me Dio!"" Which is a reference to the anime Jojo's Bizarre Adventure. The line is said by the main antagonist, named Dio Brando.","That old Nokia triggers nostalgia, which is what makes it amusing.","Image of an old mobile phone keypad with numbers and letters; below it is the sequence: “4448 927777 633 3444666”.","The joke lies in how it presents itself as completely ordinary, even though it’s framed as something unusual."
"1fwbzz9","A small county sent out an emergency alert to the entire state, setting off everyone’s phone with a loud alarm at 4:53 am. It was to be on alert for a white guy in a blue shirt and pants who shot a cop. Texas is a huge state so people literally 10 hours away got alerted and woken up. Everyone is pissed off, and it’s against the rules of the emergency alert to use it during those hours, and we don’t know if it was by accident or just negligence.  Let me clarify a point: it’s only Amber and Blue Alerts that aren’t supposed to be sent between 11pm and 6am, other emergencies can go off any time. These are also internal rules, not laws.","It highlights the situation of staying up far too late despite having responsibilities the next morning.","Text “all of texas at 4:53 am” above a photo of a man lying in bed looking tired and confused while holding a phone.","The joke exaggerates the idea that Texas never sleeps, making it seem like the entire state relates."
"1fxqzyt","The humor stems from the complete lack of logical meaning.","She is meaning to say, “aww, thank you so much”. He apparently has autism and doesn’t realize she was texting an acronym so he read it as a misspelling of autism, aww-tysm.","He seems to forget he sent the message himself, as if the other person could somehow read his mind.","Four-panel comic: a person receives “You’re cute”, replies “Aww tysm”, then misreads it as “Awwtism?”, and lies in bed holding a phone."
"1g02nzf","The randomness of the words is what creates the comedic effect.","Screenshot of a post showing an object with the text: “WELL BEHAVED COPPER INGOT MERCHANTS RARELY MAKE HISTORY”.","It works because the meaning feels personal or subjective rather than universally clear.","There was a copper merchant named Ea-Nasir who lived around 1750 BC. Archeologists have discovered several clay tablets complaining about this guy by name (saying that he sold them substandard copper, was very slow on deliveries, etc). This is interesting because these are the oldest recorded customer complaints. Ea-Nasir has become kind of a meme on some parts of the internet, so this sticker is a joke about him."
"1g7yhzc","The OP is trying to say that certain people, especially trans women over a certain age who use the internet, type in a very distinct, tumblr-esque, ""chronically online"" style. The person who replies is trans (as you can tell by the flag in their username) and uses a lot of abbreviations and certain punctuation that is seemingly the exact style of writing the OP was describing. The joke is that, ironically, the person in that category doesn't seem to realise there is a distinctive style of writing, despite the fact they themselves are using it (although this may be satire/intentional) Edit: In addition, as many of the replies suggested, there's a bit of another layer: they are most likely (like 99% chance) overexaggerating the unique typing to join in on the joke - sarcastically saying ""I have noooo idea what you could mean by that"", basically :)","The humor comes from the fact that the conclusion is made without any supporting evidence in the tweet.","Screenshot of a tweet mentioning a “28+ year old trans girlfriend and how they type”; below, a reply says: “hey rq i’m just Really Curious what u mean by that,,,,”.","The humor arises from the person incorrectly assuming that the message is about them, simply because it is written in an informal tone."
"1g4657e","The humor stems from the contrast between this assumption and how the rest of the world actually functions.","Not Floridian but isn't the north of Florida bordering with some ""southern"" US-states, culturally speaking? (Florida being rather hispanic/caribbean, the more south you go)","Meme with text about Florida: “the more North you go, the farther South you’re in”; below is Captain America with the caption “Ancient Egyptians: I understood that!”","The humor lies in the exaggeration that Egyptians today would still understand it."
"1gazv8u","The humor arises from how primitive human pattern recognition can be in certain situations.","Saddam hussein hiding spot","The humor comes from how widely human perceptions of what is threatening can vary.","Comic showing an ape asking for a “pattern-seeking brain”, an image of DNA, and a final panel with an object on the ground."
"1gidb47","The humor comes from the mismatch between the term “hacking” and the act of simply asking people for their information.","In real life, most hackers are scammers who rely on exploiting people’s trust to obtain passwords rather than bypassing them.","The humor arises from the absurdity of an old man “hacking” by using outdated social tricks to obtain personal information in modern days","Two-part meme: top shows a person with a laptop and text “writes a few lines of code ‘I’m in.’”; bottom shows another person at a computer with text about asking for passwords."
"1gop1dk","The humor lies in the assumption that you will feel bored when your significant other falls asleep","Tweet with text about trying to entertain someone so they don’t take a long nap; below is a yellow emoji holding a bat.","The humor stems from the self-awareness of feeling foolish for engaging with someone who is clearly tired.","The Joke is, when a small Child sleeps at this time of the day, it will BE awake all night and you dont want that to happen as a parent."
"1gqh1c5","he humor stems from the extreme exaggeration, where a minor situation is framed as an imminent physical threat.","The humor lies in the contrast between a mundane work situation and the dramatic style of a football commentary.","Tweet text: “shouting ‘corner!’ and ‘behind!’ while heating up cup noodles in the office break room”.","This person used to work in a kitchen, where you ABSOLUTELY need to inform people when you’re near them. Otherwise you get stabbed or cause an accident.  The joke is they’re still using that mindset even in a relaxed office break room.  Edit: may also be because they watched the bear and are acting it out, as some comments have nicely, and not so nicely pointed out lol."
"1gs87cm","The humor arises from the idea that, with advancing AI, Conan could now create and show a video of Rudd in a wheelchair.","The humor comes from the playful dynamic between Conan and Rudd, who are known to joke with each other.","whenever Paul rudd goes on Conan, instead of showing an actual clip from one of his movies, he shows a clip of this kid in a wheelchair falling off a cliff","Tweet saying “Paul Rudd has the opportunity to do the funniest thing ever”; below is a post about Conan O’Brien hosting the Oscars 2025 and a photo of Conan O’Brien."
"1guacve","When I went to go visit my family in Germany for the first time, we spent at least one night having a contest for who can open a beer bottle in the most creative way.  Let’s just say that everything can be used as a beer opener if you really want it to.","Text at the top says: “Germans watching someone open his/her beer with a bottle opener”; below is a man in a blue superhero suit looking displeased.","The humor comes from the idea that using a bottle opener is seen as unusual or overly showy in this context.","The humor arises from the stereotype that Germans open bottles using their teeth."
"1gx0pu0","Image from Pokémon: Mew and Pikachu are standing on grass; Pikachu is holding a spinning top-like object; below is a Tumblr-style caption beginning with “aspidelaps:” and text about meeting Jesus.","The humor lies in the exaggeration of Pikachu’s status as a divine figure.","The humor comes from the scene where Pikachu briefly dies and encounters a higher power, creating an ironic contrast.","So basically Pikachu(yellow one) is a normal Pokémon while Mew (white one) is an extremely rare Pokémon with phenomenal powers and basically considered a god in the Pokémon universe. But it is kinda a childish Pokémon who enjoys nature and loves to play."
"1gz2i0o","The humor arises from the idea that disappointing one’s mother is one of the worst things, which the joke plays on.","The humor stems from the disrespect of mocking a figure portrayed as divine.","I believe it’s Plymouth Rock.  Something about being where the pilgrims first landed in America. So a big deal historically, but a pretty boring rock in reality","Photo of a stone on a sandy ground near water behind a metal fence; text over the image reads: “You’ll never disappoint your mom as much as this stone disappoints tourists.”"
"1gzkbbi","The humor comes from the contrast between past formality in football, where players showed respect (e.g. kneeling), and a more informal, indifferent attitude today.","The humor arises from the shift from a diverse football team to one that appears more uniform and dominated by a single type.","Meme with text “WE WENT FROM THIS” above an image of three African American football players kneeling; below are images of other football players standing, followed by “TO THIS...”.","Colin Kapernik was kneeling during the national anthem to protest the killings of unarmed black men by police officers alongside BLM, the bottom image is NFL guys celebrating with the Trump dance (because they're like supporting him and his stances)"
"1h5a44z","According to reverse image search, that is the Master Debater guy.  He became a meme when he was the ""Both"" guy in the conversation at the bottom of the text. So, he would disarm the stupid fucking shit Jigsaw says and just refuse the trial until he gets let go     LGBTQ rights or economic stability?     - Why can't you have both?     - You need to pick one.     - Refuse the question. - LGBTQ rights or economic stability? - Why can't you have both? - You need to pick one. - Refuse the question. - You can't refuse the question. - I do. - But you can't. - But I did. - But you need to pick one. - No, I don't. - I just said you did. - Hahaha, so what? - Can you pick one? - No, because they're both doable. - No, only one. - I don't have to pick one because we can have both. - But the answer is that both is not an answer. It's not a valid answer. - I reject your question. - You can't reject it. - Just did. - Can you pick one? - I don't have to. - Why? - Because they're both completely doable. - So LGBTQ rights or economic stability? - Both. - That's not an answer. - Yes it is. - LGBTQ rights or economic stability. - Both. - Are you trying to troll me. - No. - I'm just wondering which one you like more. - I like them both, - You can't have both. - Yes you can. - Not in this question. - Haha, too bad. - Why are you trolling me right now? - Because I don't have to choose. - Well, if I had to ask you gender inclusivity or economic stability? - You can have both. - You can't. - Why make this so difficult? I'm trying to pass my final. - Too bad. - Which one do you pick? - I pick them both. - Uhm, that's not a vaild answer. - Too bad. - Okay. [Shaking hands] - Thank you. -Thank you.","The humor comes from the obvious imbalance, where the monster would clearly overpower the man, leaving him with no chance of survival.","The humor arises from the assumption that the man, being from Ghostbusters, would easily defeat the threat.","Screenshot of a tweet asking: “what are two characters you’d wanna put in a room together just to see what happens”; above are two images, one of a man in a jacket outdoors and one of a puppet-like face on a screen."
"1h7di4x","The humor arises from the friend treating the world as if it requires a simple, serious “fix,” like applying a bandage.","The humor stems from the implicit assumption that the world is imperfect","he wants to shape the world according to his own liking.","Text at the top says: “How I look at bro after we get superpowers and he says ‘let’s fix the world’ instead of ‘save’”; below is a close-up of a man looking sideways with a serious expression."
"1h8d39n","(deep breath) Here we go, in Zootopia, Disney made several significant changes to the plot before its release, altering the film's tone and themes. Originally, all predators were supposed to wear control collars that shocked them when they felt strong emotions, symbolizing societal oppression, but this concept was deemed too dark for a family movie. The initial story also presented a bleaker view of discrimination, with prey animals as the oppressors of predators, which was shifted to focus on cooperation and understanding instead. The main villain was Initially going to be Mayor Swinton, a pig representing societal control, but was changed to Bellwether, a sheep whose betrayal added a surprising twist. Nick Wilde's backstory was originally darker, emphasizing his childhood trauma from prejudice, but this was toned down for a lighter narrative. The first draft included a storyline where Nick dealt with a virus causing savage behavior but managed to control it, this was simplified in the final version to highlight themes of acceptance.  (Sigh of relief)","The humor arises from Disney’s tendency to distance itself from weak plot lines, despite being a dominant and serious player in the industry.","The humor comes from the irony that the original production team threatened legal action.","Split image with text on the left: “The zootopia plot Disney gave us” and below “The original Zootopia plot Disney denied”; on the right are two images of a man in a suit, one smiling and one serious."
"1h52vkf","People have been reporting that when you give ChatGPT a prompt that involves David Mayer it breaks the session.  Nobody seems to know why yet, some are saying it is because he had his info pulled, but because he is a Rothschild people are coming up with all sorts of conspiracy theories.","The humor stems from the contrast between the hype surrounding AI and the robot’s indifferent response.","The humor arises from the tendency to overestimate AI’s capabilities, assuming it can solve virtually any problem.","Text at the top says: “What’s the next test?” followed by: “ChatGPT watching everyone asking it to write ‘David Mayer’ after it just learnt that strawberry has 3 r’s”; below is an image of a humanoid robot with a neutral expression."
"1hfggtz","Two-panel image with text on the left: “When Americans punch their wall” above an anime character punching a wall; below: “When Europeans punch their wall” above the same character holding their head in pain.","Drywall vs WALL","The humor arises from the exaggerated idea that, in Europe, punching a wall is not enough to release frustration, as shown by the girl escalating the reaction by pulling her hair.","The humor arises from the specific contrast that, instead of reacting with physical aggression like punching a wall (stereotypically associated with Americans), the European reaction is portrayed as breaking down and crying."
"1hmbnol","The humor comes from the implied frustration, where repeated interference from the language setting leaves the person visibly exhausted.","Screenshot with text: “ Linux tips  1. Always remove the french language pack: sudo rm -fr /*”; below are two faces labeled “PEOPLE WHO DON’T KNOW” and “PEOPLE WHO KNOW…”.","The humor arises from the absurdity of having the French language unexpectedly on a computer and needing to write code to remove it, suggesting unnecessary extra work.","That command line, “sudo rm -fr /\*” is a command to remove the french language pack from your computer… *Technically* It does this by completely wiping your entire system, including the OS. Basically bricking your computer and forcing you to do a full reinstall of the operating system."
"1hqtnop","An infamous advertisement in Britain saying that the government will be providing for the needs of homeless people, but it reads like they will mutilate them instead: ""We plan to cut homeless people in half in 2025.","The humor arises from the contrast between New Year’s Eve as a celebratory event and the heightened vulnerability of homeless individuals who have no secure place to stay during the fireworks.","Text at the top: “Homeless people on December 31st 2024:” above a photo of a sweating man looking sideways with a serious expression.","The humor comes from the dark implication that fireworks may disturb or even be directed toward makeshift sleeping areas, highlighting an uncomfortable social reality."
"1huqauz","Screenshot of a PlayStation UK post listing “Triangle, Circle, Cross, Square” and asking: “If Cross is called X (it’s not), then what are you calling Circle?”; below is a Futurama scene with a PlayStation logo over one character and text “WRONG AGAIN IDIOT”.","Absolutely every single human with a pulse calls the it the ""X"" button regardless of console. PlayStation insists that it's actually called ""cross"" on theirs for some reason and is politely corrected with a Futurama meme.","The humor comes from the unexpected continuation of this rule, where a circle is then mapped to a square.","The humor arises from the systematic mapping, where each object is translated into another based on a simple rule (e.g., a cross becomes a circle)."
"1i5ve1j","The humor comes from the contrast between Taylor Swift’s strong popularity among younger audiences and her more controversial or debated status.","wo stacked panels: top shows Fry holding money with the label “Swifties” and text “Shut up and take my money!”; bottom shows Fry with a skeptical expression labeled “Historians”; to the right are two identical black hoodies with “T.S. 1989” printed on them.","There were protests in China, Tiananmen Square, in 1989, ended up with lots of casualties. And TS stands for Taylor Swift, born in 1989","The humor arises from the ambiguity of “TS,” which could mean “true story,” but in this context refers to Taylor Swift, creating confusion for historians."
"1iad0kh","The humor arises from the contrast between the assumption that ghosts do not exist and the situation presented.","Freud had ideas about how our relationships are always coloured by the first relationship we had with a person of the other sex, our father or our mother.","The humor comes from referencing Freud’s theories, some of which are still considered relevant while others have been dismissed.","Text at the top: “Every time you call your boyfriend ‘Daddy’, Sigmund Freud’s ghost becomes a little stronger.”; below is a black-and-white portrait of Sigmund Freud."
"1ibz4bh","Multi-panel comic: several office workers react with shocked expressions while one spills coffee; final panel shows code on a screen reading: “// brute-force attack protection if isPasswordCorrect && isFirstLoginAttempt { Error(‘Wrong login or password’) }”.","The humor arises from the situation where he forgets his own password and effectively locks himself out.","The humor comes from the irony that incorrect passwords appear as “correct,” forcing him to keep retrying the wrong code.","A brute force will go through every password once, this code means the first time you get it right it will return a wrong password so you have to enter it twice. Hence a brute force will only try once and then skip the correct password. I probably worded this horribly"
"1ig7lnf","The humor comes from the confusion of the person, who misidentifies the object even though it is clearly an egg.","The humor arises from the fact that commercials often use fake or altered food, which the meme highlights.","Text at the top: “If you watched TV in the 80s you know this isn’t an egg”; below is a frying pan with a fried egg being cooked on a stove.","Your brain on drugs"
"1inxmb2","picture of a guy, top text, bottom text. therefore, meme","The humor lies in the misinterpretation of a physical dollar bill as a meme, highlighting the child’s lack of real-world understanding.","Screenshot of a tweet: “little brother told me ‘money is the oldest meme’ and proceeded to describe this image”; below is a one-dollar bill labeled “FEDERAL RESERVE NOTE ONE DOLLAR”.","The humor comes from the fact that the dollar is frequently used in memes, leading the younger brother to confuse the real object with its online representation."
"1iri57s","Text conversation: “cashier checks my ID in half a second Me: ‘That was fast.’ Cashier: ‘Yeah, I saw the 19.’ Me:” followed by an image of a woman with a surprised expression.","The humor arises from the rudeness of openly implying that someone is old, which is emphasized by Beyoncé’s offended expression.","It's the year 2025. Everyone who was born in 19XX is at least 25 years old, well above the legal age for drinking.","The humor comes from the situation where an underage person believes they have successfully used a fake ID, while the cashier clearly recognizes the deception, reflected in Beyoncé’s uneasy reaction."
"1iv0i8s","The humor comes from the accidental switching of caps, which makes the markers even more frustrating to use.","He puts a yellow cap on his black sharpie so nobody steals it. Nobody wants a yellow sharpie.","The humor arises from the shared perception that Sharpies are inconvenient to use, which is why no one bothers to take them.","Two-panel image: top text says “Why no one takes my sharpie” above a Sharpie marker with a yellow cap; bottom shows the same marker with the cap removed, revealing black ink."
"1h626bt","A cartoon reindeer with a red nose is sitting at a desk holding a report card. The card shows grades for subjects like math, science, English, history, art, and gym, with mixed grades (e.g., B-, A, B, D, A-). Other reindeer students are visible in the background holding similar papers.","His nose is red because he feels anxious about his grades","His grades went down in history.  ""Rudolph the Red-Nosed Reindeer, you'll go down in history"" are the lyrics","He is worried that others will notice and judge his results."
"1hcpvbz","One of my fav episodes :D Peppa spends the whole episode being envious that others can whistle and tries do it as well. And it finishes like that. The expression and the timing kill me every time. And i'm a 32 yo dude :D (with 2 daughters)","A screenshot of a tweet showing Peppa Pig standing indoors next to a wall-mounted telephone, pressing a button. Below the image, another user comments: “anyway can yall whistle ?”. The interface shows likes, retweets, and replies.","If you watch Peppa Pig, the show will gradually teach you how to whistle, as it presents simple, child-friendly situations where characters demonstrate and practice the skill.","The humor comes from the idea that Peppa is calling her parents to help her learn how to whistle."
"1izj4eu","Text at the top reads: “Me, after reading ‘approved by Peta’ on my shampoo bottle.” Below, a cartoon cat (Tom from Tom and Jerry) is sitting in a chair holding a newspaper, looking to the side with a suspicious and slightly displeased expression.","It is humorous because it raises the question of why shampoo would be tested on animals in the first place.","The joke highlights the odd connection between PETA and a shampoo product.","PETA is the People for the Ethical Treatment of Animals. their stated mission is to get rid of all animal testing and have people treat animals nicely. what they actually do is run high-kill shelters, kidnap and execute pets, destroy years of research by breaking into testing labs and releasing the test animals, target children with messages like ""your daddy kills animals"", attempt to link milk with autism, and so forth. they are not a friend to animals, despite the name"
"1j983b2","Divorce. Both are removing their former significant-other from the social media profiles they present to others.","It is funny because the puppy makes exaggerated, awkward facial expressions while looking at the married couple, as if it wants to be included in their family.","It is funny because the family initially appears completely normal and unremarkable.","Text reads: “When the wife starts posting selfies and the husband changes his profile pic to the kids.” Below are two identical images of a puppet-like character with red hair and a neutral, slightly uneasy facial expression, facing sideways."
"1jaysny","Top image shows a happy family (two adults and two children) sitting around a campfire roasting marshmallows inside a glowing dome-like setting. Below are two versions of Mr. Incredible: one labeled “People who know” (normal face) and one labeled “People who don’t know” (dark, distorted face).","It is funny because a “fire baby” is something that only exists in animated or fictional contexts.","It is funny because they appear to be setting an animated character on fire, which looks dangerous, but it carries an obvious “don’t try this at home” tone.","I think that the meme suggests people who don't know will think that the family set up the baby on fire making them weirdos, and people who know recognize that this is a family of Incredibles and the baby has superpowers so it's fine and dandy."
"1jh5toe","A tweet by “Diego Lopez” reads: “My face during a plane crash so my wife doesn’t get the ick.” Below is a close-up image of a woman with red hair looking straight ahead with a serious, controlled facial expression.","It is funny because of the irony that she criticizes men for showing emotion while she herself displays a strong emotional reaction.","It is funny because the woman is trying to project confidence while deliberately suppressing her emotions.","It’s a meme that women find men unattractive if they display any emotion, especially negative emotions like fear or sadness"
"1jjiqlq","The day they aren’t wearing make up, is they day they are asked out?","It is funny because it plays on the idea that men tend to be more confident and approach women when they are on vacation, especially in a different country.","Text at the top says: “Only girls understand.” Below are two images: on the left, a perfectly round, smooth pancake labeled “Normal day”; on the right, a misshapen, uneven pancake labeled “The day a guy asked me out.”","It is funny because most people recognize that the second pancake, despite its appearance, is the one that likely tastes better."
"1k25b9s","There is a theory for the extinction of dinosaurs other than the the asteroid thing : massive volcanic eruptions around the same time, specifically, the Deccan Traps in India. The Deccan Traps were massive volcanic eruptions in India around 66 million years ago that released toxic gases and disrupted Earth’s climate.   They likely worked alongside the asteroid impact to wipe out the dinosaurs.","It is funny because it plays on the idea that indians claim deeper or alternative knowledge about historical events.","It is funny because it suggests that Indians believe they were divinely protected from the asteroid, while all other living creatures were wiped out.","Text at the top says: “Scientists: a giant asteroid killed the dinosaurs India:”. Below are two identical images of a side-facing monkey puppet with a neutral expression; the first image has the word “yeah” and the second has the word “asteroid” placed over it."
"1kgak2u","It is also humorous because the meme hints at a stereotypical or sexist comparison between genders.","It is funny because the labels appear to be intentionally reversed, implying that female birds are actually the more colorful or “Barbie-like” ones","No it means that alot of bird species the males are more beautiful and colorful","The image is split into two panels. The left panel labeled “Female birds” shows a black-and-white close-up of a man wearing a hat and holding a cigarette. The right panel labeled “Male birds” shows a smiling blonde woman in a pink-themed setting, leaning forward."
"1mbnnpw","It is also humorous because it implies the service is not actually free and may end up taking money from you in some way.","Information they sell your data","It is funny because it plays on the idea that nothing is truly free.","Text at the top says: “every ‘free’ VPN”. Below is a scene from an animated show where three characters stand in a room; one character in a top hat faces another, while a woman stands beside him. Subtitles at the bottom read: “Let’s just say you don’t pay… with money”."
"17pg0fe","She teaches children basic skills such as the alphabet and counting.","Text at the top says: “i owe this woman bout $83,294,681 in child support”. Below is a smiling woman wearing a pink shirt and overalls, clapping her hands, against a purple background.","She is presented as a more recent alternative to Dora the Explorer.","Miss Rachel, every child’s third parent."
"1l8vajl","It is funny because the balloons resemble udders.","Text at the top says: “Once you see, you’ll NEVER unsee”. Below SpongeBob is standing and smiling while holding multiple balloons shaped like hands in different colors. On the right side, part of another character is holding a single similar balloon.","Bikini Bottom got flooded by medical waste most likely due to the human garbage disposal into the oceans and they made it into a fair called ""glove world"" but they are exposed to biological hazard. Or they have 4 fingers and the gloves have 5.","It is also humorous because children often find balloons amusing when they look like fingers."
"1c38j1b","Text describes a happy family life. Below, a puppet-like character stares forward with wide eyes against a simple outdoor background.","He looks at the lamp and suddenly everything clicks. Like a lightbulb switching on in his head, he realizes that the signs had been there all along and that his wife had been cheating on him the entire time.","The joke centers on the genie in the lamp. The humor comes from treating the lamp not just as an object, but as the key to understanding the whole situation.","It's a wild story. Dude has this life with his wife and kids, seems typical lovely life, but one day, the father notices the lamp looking sort of fuzzy. Everything else looks normal, but the lamp is just somehow distorted fuzz. He can't help but stare at it. He plays it off as a headache, or whatever, and doesn't tell anyone. Eventually the fuzz gets bigger, and more engrossing. Then the father wakes up, he's had a head injury, but within the unconsciousness, he lived this whole long life; doesn't have a wife or kids, all a long dream life"
"1bdho8z","He keeps making his coworker uncomfortable by acting strangely around her and repeating the same lines more than once. His behavior comes across as creepy, and the repeated sentences make the interaction feel even more awkward and unsettling.","Willem Dafoe needed a body double for a nude scene in the movie AntiChrist because, apparently, his penis was too large.","A four-panel image. A man requests a body double for a nude scene. A woman responds with the same line in two panels, first smiling, then serious.","The young woman becomes nervous because her uncle is flirting with her in an inappropriate way. The repeated sentence emphasizes her discomfort, as if she is unsure how to respond and is trapped in an awkward situation."
"1naurrn","She seems to be choosing purely based on the vibes that the colors and days give her, as if each combination has its own mood or energy. The humor comes from how confidently she treats those feelings as a real system","A young woman with curly hair looks at the camera. Text explains she associates numbers, colors, days, and seasons as the same","She believes in numerology and probably has a collection of crystals or stones she touches before deciding what kind of day she is going to have","She has a point. And probably synaesthesia"
"1mfr9vy","She has no real alternative, which is what makes the situation funny. Since medieval times had no phones or quick way to reach someone, she is forced to depend on this unusual method and simply hope that someone hears her.","A lot of girls ask when their husbands/boyfriends will be back from hanging out with their friends/running errands or whatever. It’s a normal question but can be frustrating if you have no idea when you’ll be back. This meme is poking fun at that, showing an example of her asking when he’ll be back from something he couldn’t possibly know when it’ll end.","Text asks when someone will return from battle. Below is a medieval-style illustration of a woman with long red hair.","In the old days, people might have spoken out into open air as if an answer could somehow come back to them. That makes the scene feel strange and slightly ridiculous, because from a modern perspective it seems like she is waiting for the world itself to reply."
"1m241pn","The so-called “Gen Z stare” barely exists at all, and instead comes across as a label older people invented so they can criticize younger people more easily.","The “Gen Z stare” is stereotype about “Gen Z” people (currently teens and young adults) having a blank, vacant expression. The joke is that millennial/Gen X parents might get offended by this expression, whilst engaging in behaviours that many would consider to be far more offensive, i.e. inappropriate questions about race/ethnicity.","The stare is another way of separating one generation from another. Like many generational labels before it, it gives people a way to compare themselves with younger people and feel slightly superior.","A young man wearing sunglasses sits in a car. Text above references “the gen z stare” and a comment about “what kind of brown am I.”"
"1m9u48i","The word “leader” sounds too grand for someone who does not appear old, wise, or respected enough to carry that label. Instead of sounding impressive, the description becomes awkwardly inflated.","Text says: “when you finally meet the leader of your clan.” Below is a low-quality video call screenshot of a young boy sitting on a couch.","There is a clear mismatch between his young age and the serious authority implied by calling him a leader. The title suggests maturity and experience, which makes it feel out of place here.","children are often good at video games / have enough time to invest to be a leader of a clan (ig this must be referring to clash of clans)"
"1m7b5bx","Text claims a pregnant player proves the show is fictional. Below is a close-up of a woman in a green tracksuit from Squid Game.","It is a joke about Korea having very low birth rates","A pregnant contestant appearing in Squid Game feels out of place because the setting is built around extreme physical risk and survival. Her pregnancy adds a vulnerable element to a situation where every participant is expected to endure violence, fear, and constant danger.","She does not appear visibly pregnant, which makes the detail stand out even more given how high-budget Squid Game is. With a production of that scale, the lack of a convincing pregnancy portrayal feels oddly noticeable."
"1lttuji","Two women lie in hospital beds facing each other. Below, a comment from Selena Gomez reads: “Sorry I didn’t mention every person I know.”","Her friend describes it as brutall that a photo was posted on social media right after the surgery. Instead of keeping the moment private, the post makes it seem as though public sympathy and “feel better” comments became part of the situation.","Selena Gomez is portrayed as self-centered because she never formally thanked the friend who donated a kidney to her. The situation feels absurd because the gesture was so significant, yet the gratitude appears missing or insufficient.","The girl on the left is her best friend Francia Raisa who gave her a kidney (likely saving her life). She didn't make the cut for shoutouts when Selena accepted an award."
"1ljrgbw","A handbag is open, revealing a green iced drink inside. Text over the image reads: “can you pay?” and “no.”","Instead of bringing money to pay for food, she brings a green juice, which kind of shows where her mind is. She seems more worried about eating “healthy” and not gaining weight than actually enjoying the restaurant meal.","She has a green juice in her bag just in case she does not get enough food at the restaurant. Since it can feel awkward to order a lot when someone else is paying, especially a boyfriend, the juice is basically her backup plan.","okay im chronically online so the real explanation is:  tier 1: tiktok trend where the girlfriend asks the boyfriend if they are going to pay for dinner, and the camera zooms into their purse that has nothing but lipstick, makeup, tampons, etc (no wallet). basically personifying being a princess and knowing that the boyfriend will pay, but asking as a courtesy anyways. tier 2: matcha is currently very trendy and very pricey (i.e. very girlypop drink and ""performative"", especially if you are a guy) tier 3: combination of these two trends in a very absurdist way; biasing mainly the first one, but with matcha instead of makeup products"
"1k6ds0q","She says very clearly that she does not like him, but he refuses to accept it. He even leans forward as if he needs to hear it again, because the idea of being rejected does not really fit his self-image.","A sketch of a man sitting on a chair, leaning forward, with a faded version of himself behind him. Text references a conversation with an attractive woman saying “I hate you.”","A woman saying that is ironically a sign that she likes you","She actually cannot stand him, but he still reads the situation as if she secretly wants him. It says more about his ego than her feelings, because he assumes every woman must be interested."
"1bk0w4q","A sequence of images showing a man gradually applying clown makeup while text describes unethical workplace actions and consequences.","It connects to the phrase “snitches get stitches,” where someone who tells on others ends up facing consequences for it.","This happend a few weeks ago a worker from boeing was found dead in his car. He was a whistleblower","At that point, he might as well be wearing a full clown costume, because dying in such a ridiculous way makes the whole situation look like pure clownery."
"1heeibu","It’s a joke in the computer science and programming industry, where people wearing thigh-high socks make up the majority of professionals. Same thing goes for the IT-industry, where the joke is that furries make up majority of the IT sector and without them, society would collapse!","They both seem to have misunderstood what class they are in. One person is thinking about computer science, while the other is talking about a corporate career path, so the conversation is happening on two completely different tracks.","He is actually sitting in the wrong class. He thinks “CS” means Computer Science, but in this context it can also mean Company Secretary, which explains the whole idea of working your way up in a corporate career.","A classroom scene where one student suggests wearing pink socks, another questions the class, and a third confirms it is computer science."
"1fvpb5q","The woman is basically having that serious “you should not hang around dangerous people” talk with her son. But the fact that the dangerous person is a school shooter makes the whole conversation way more extreme and uncomfortable.","A woman leans forward with a serious expression while text references misunderstanding the phrase “friends with school shooters.”","He really does not seem to get how bad the situation is. Like, saying out loud that you are friends with a school shooter is obviously not normal, but he acts like it is just some casual friendship drama.","At the recent vice presidential debate, Tim Walz, Kamala Harris’ running mate (she is pictured above), was asked why he now favors an assault weapons ban when he previously didn’t. He said he had gotten to know the survivors of the horrific Sandy Hook shooting, and their families. While he was explaining this, he misspoke and said “I made friends with school shooters”"
"184f4hh","When you are a teenager, even choosing a movie can feel like picking between two paths that might shape the next few years of your life. The film you connect with can end up influencing how you see yourself, other people, and the world, for better or worse.","A cartoon of a boy at a crossroads choosing between “American Psycho” and “Scott Pilgrim,” both labeled as misunderstood.","American Pyscho is a film with the message: behind the thin and glossy exterior, corporate culture is awful, dehumanising, shallow and stupid. Scott Pilgrim is about a guy who thinks he's pretty cool, discovering his actually kinda a bad dude. So much so his 'nega-Scott' anti self is good guy. If you're young it's easy(ish) to miss the point and think: American Pyscho: ""Check out that glossy exterior"". Scott Pilgrim: ""Check out that cool guy!"". The meme suggests that teenagers build something around these misunderstandings. They pick either to celebrate the wrong kind of corporate work culture, or the wrong kind of slacker culture. I'm not convinced that's true myself, but that's what the meme suggests.","As a teenager, you often misunderstand a lot of things, especially the deeper message, morality, or “wisdom” in a movie. So you can end up loving a film intensely, even if you do not fully get what it is actually trying to say."
"1mzfdhh","A drawing of Jesus speaking to a soldier-like character, with dialogue about working and a request phrased informally.","It is not actually Jesus, just some random guy who happens to look like him. People keep mistaking him for Jesus and asking for deliveries, which explains why he looks so confused about the whole thing.","Lotta soldiers (and Marines) dip. A lotta dip. These self-same soldiers (and moreso Marines) manage to, **routinely**, when packing their shit for a week-long field op, fail to bring even so much as a single can of dip. Their fleshlight? They'll bring that. Dip? No, and they will start getting desperate for it about three minutes after they get to the field. That's when my ""only spare can"" of dip shows up for the low, low price of 40 bucks. I brought two logs, and I don't dip. Per common request for non-Americans: Dip is chewing tobacco; Copenhagen is a popular brand of it. Long cut is a style of dip.  It's all *incredibly* disgusting to me, but if you wanna pay me so you can do gross shit, I'm happy to take your cash.","Like, what kind of situation is ever serious enough that you need to call Jesus just to deliver Long Copenhagens? The whole thing feels so unnecessary and random that it becomes ridiculous."
"1l1hxof","The girl filming had her mom show up and basically crash her friend’s party, which made the whole thing feel embarrassing and lame. Instead of being a normal party moment, it turned into one of those awkward parent situations.","Some of the invited guests apparently had to bring a teacher along for safety, which made the party feel way less cool. That is probably why some of the guys started filming her, because her being there looked so out of place.","A screenshot of a woman holding a drink, with text noting she is 56 years old and referencing a Snapchat post.","It is a viral video. Some college kids decided to have a party and this woman showed up to hang out. They didn’t know who she was so they asked her what she was doing there. She refused to answer and the video ends with them deciding to call the police."
"1kjg3vh","He keeps changing how much marijuana they found because he thinks less weed means less jail time. He is basically trying to edit the story in real time to save himself.","No, the joke is that each time they're asked or referencing it, the amount is going down as they are smoking it themselves hence the eyes on the close up","Police officers stand with a plant while text shows decreasing reported amounts of marijuana, alongside close-up reaction images of an officer.","The guy who got arrested thinks he can trick the police by lowering the amount every time they ask. Like, if he keeps saying a smaller number, maybe they will somehow forget the original charge."
"1k4lzxj","The Democrats replying with a meme makes it even funnier. Instead of giving some formal political answer, they just respond like they are part of the internet drama too, which is honestly so unserious.","A Twitter thread discusses banning apps, followed by an image of a smartphone home screen blurred with multiple apps highlighted in red.","It's about Hegseth being a well-known drunk. It's not shaking, it's blurry.","Talking seriously about banning apps on Twitter already feels unserious, because nobody really expects that place to be where serious political decisions happen. It is such a chaotic platform that the whole discussion starts to feel ridiculous."
"1j0w1z3","Text spells variations of “honk” with letters in parentheses. Below is a close-up image of a goose’s head labeled “14 Year old geese.”","Look up ""he lied she believed"".","Because why is the goose crying in the first place? It is not even really funny, it just makes the whole thing feel weirdly sad for the goose.","Twitter really makes you realize that some people will just tweet absolutely anything. Like, no filter, no real thought, just posting whatever comes to mind."
"1irxw6j","Just because violence was used in the past does not mean it has to keep happening in the future. People can choose a different way instead of repeating the same harmful patterns.","A detailed Viking helmet is shown above a tweet stating “Violence is NOT the answer. The answer is opens history book,” followed by panic about historical events.","Violence is never really the answer, and history has shown that over and over again. It usually just creates more pain instead of actually solving anything.","Unfortunately for humans violence is typically the answer. Nothing stokes human creativity like trying to kill a mfer you don't like."
"1ird7yb","Two-panel image. The top shows a large explosion in a city with text “My team losing hard.” The bottom shows a figure in flames with text indicating someone has joined the team.","It is always the username you cannot even read, from the other side of the world, that ends up carrying the whole team. You do not know who they are, but somehow they are the reason you start winning.","Asian here, when somebody joins with a username in a Chinese dialect or any other Asian dialect, it means they are absolute tryhards with the best aim in your team","Everyone knows that having China on your team basically feels like an automatic win. The second they join, it already seems like the game is over for everyone else."
"169oqq5","It is literally just Minnesota on the map, but it is being treated like there is some deeper meaning behind it. The whole thing feels random because the image is only pointing to a place.","A four-panel image. Top left shows a large burger labeled “Big burger.” Top right shows a smaller burger labeled “Mini burger.” Bottom left shows a Coca-Cola can labeled “Big soda.” Bottom right shows a map highlighting the U.S. state Oregon.","Apparently the best burgers in town are in Minnesota, so the map is basically acting like a serious guide to the ultimate burger spot.","The punchline is supposed to be the state of Minnesota but that's a picture of Oregon."
"1co29mb","It is known that she loves thyme and she wants more.","This is funny ecause it refences that thyme can have sevral different meaning beacuse it is pronounce like time causing sunny misundertsandings.","A screenshot of a social media post where a user describes rearranging their spice rack alphabetically and asks what comes after thyme, followed by a punchline where Cyndi Lauper responds with ""thyme,""","Cyndi Lauper had a hit song called ""Time after time"
"19eokbq","A screenshot of a television playing the crime documentary show  showing a blurred suspect in an interrogation room with a large spread of KFC fast food on the table, captioned ""bro told on EVERYBODY""","Since he hasnt seen his friend in a long time they are cathing up and eating food.","In police interrogations they will get you food to reward you for cooperating and keep you talking, normally it's just McDonald's or a vending machine item. The fact that there are multiple KFC boxes and name brand drink for one person implies they're very happy with this person's cooperation level.","A child is being rewarded by their mom for telling on his siblings."
"1c3z5ld","This post is funny because it references the sterorype that poepole from the LGBTQ community do not game.","The in game material might be offensive to LGBTQ community memebers and chritstaians who are kind dont enat them to get their feelings hurt.","Christans like to claim Fallout new vegas, probably because it has big religious themes. They also tend to identify and glorify some of the some of the more flawed and fanatical characters. Great game tho, which is why the gays want it.","In it, a hand labeled with a Christian cross icon is grabbing the wrist of a clawed hand labeled with an LGBTQ+ pride flag. The clawed hand is reaching for the cover art of the video game Fallout: New Vegas."
"1dxonad","When women get nervous they often have a sore stoach caused by extra acidity in the stomach.","Female praying mantis' eat their mates after sex so instead of disagreeing in the sense of having an argument she's saying that he's causing issues with digestion","This is a comic from Bizarro by Dan Piraro showing two female praying mantises sitting at a table for tea. One says, ""My husband's been disagreeing with me,"" and the other responds by offering an ""antacid.""","It funny because prayijg mantisises dint have acid in their stomachs or drink tea."
"1cbcpxn","Water is resposible for many natural diasters which kill people ""ruining the fun""","Water is the source of life theorfore making it the most powerful element","In the top panel, symbols for White, Red, Green, and Black are over the driver’s face, asking, ""Why can't you just let people have fun?"" In the bottom panel, the Blue mana symbol is over the passenger’s face, replying with ""Screams.""","Generally the complaints about blue boil down to the fact that it has a bunch of counter spells, which prevent people from doing things. Everyone else finds it annoying when their spells are countered."
"194s3gh","There is some account that converts your picture to what would you look like if you were Black or Chinese","It is too avoid deepfakes.","This image is a screenshot of a social media post from the platform X. It displays a headline from the New York Post asking about a nose cover trend among Gen Z teens in family photos. The photo attached to the article shows a large family group where two individuals, circled in red, are covering their noses or faces with their hands.","People are covering the facial feautres that make them easily identifiable."
"1ipozgr","People ususlaly hide embarrasing secrets in their air fryer making them vulnerable.","The image is a high-contrast, black-and-white close-up photograph of a man with a mustache. He is looking directly at the camera with a serious, intense expression. The lighting highlights his facial features while casting deep shadows across his face. Above the photograph, there is text that reads: When im getting robbed and they start going for my air fryer.","An air fryer is extremely expensive making i think most valubale item and therfore worst thing to get stolen.","For who made the meme,the air fryer is considered more important than anything else the thiefs are stealing."
"1n7s8ht","The second image is divided into three horizontal sections, all featuring the character Dexter Morgan from the television series Dexter. The top panel is a close-up of his face with the text ""2019"" on the right. The middle panel shows a wider shot of him standing in a dimly lit room with the word ""Dissociation"" on the right. The bottom panel repeats the close-up shot from the top with the word ""September"" on the right.","It is a tiktok trend that sys that seotember and 2019 have the same ""energy"".","It hows how life goes y so quickly.","The period between 2019 and now has gone by at lightening speed for a lot of people"
"1bvyaep","It was an overwhelming display of talent and ability. Steibelt believed he was an equal and realized he was not. There's no joke here beyond Steibelt not understanding what he got himself into, before it was too late.","Its funny because steibelt is exteremmly talented and more famous than Beethoven.","The image features a portrait of Beethoven holding a writing tool next to a smaller inset portrait of another man. The accompanying text states that Beethoven won an improvisation duel against an opponent named Steibelt by playing Steibelt’s music upside down and improvising for an hour.","It si funy because Steibelt is not even from the same time perod its just classical music fans making fanfics."
"1587f2g","I saw an explanation for this a while ago, you have to know hair to get this one. The haircut on the right is mid-hairdress, and the one on the left is the finished look. So while the one on the right looks more artificial and the one on the left looks more natural, the one on the left is actually the complete look. It's essentially saying that you put more effort into yourself than the chick your bf is banging, and he doesn't appreciate that.","Its because the two images show the hair curling in opposite dorections in the image making the joke that men are never satisifed and are destined to cheat.","Its hilarious because the two are exactly identical.","The image shows a side-by-side comparison of two blonde hairstyles: soft, brushed-out waves on the left and tight, unbrushed ringlets on the right. The text at the top reads ""you vs. the girl he cheats with,"" while a social media comment at the bottom states that the user enjoys the idea of men not understanding the post."
"177cl97","An animated character's yellow hands hold a light blue pamphlet that reads, ""SO YOU'VE RUINED THE FAMILY PC."" Below the text is a circular green and yellow icon resembling a sliced citrus fruit.","Its gunny because everyone has gotten a computer virus at some point.","It is a common trope that children suin the fmaily computer.","For many users who had access to a PC in the 90's, limewire was their first experience with pirating music and software. There were often mislabeled files for download that would inevitably be viruses that ended up corrupting their computer. Edit: Early 00's."
"1jhyaz4","Ita funny because she is mistaking the stars over bis head for staus and now the female bird is attractive.","This is a four-panel comic strip featuring two pigeons. In the first half, one pigeon follows another saying, ""BABE WAIT UP,"" but is rejected by the second pigeon who states it has no nest, cannot feed itself, and is not interested. In the second half, the first pigeon performs a ""SPIN,"" resulting in a final close-up panel of the second pigeon with a wide-eyed, intense expression.","Male birds sometimes do little dances to attract a potential mate.","Its funny because now that hes dumb she wants him."
"1fssuxj","There is no I in nothing or again. He made the letter I not exist anymore.","Its a play on percieved reality and meta that you can never be sure if anything is ever real.","In this four-panel comic, a character tells a genie, ""I wish I didn't exist,"" to which the genie responds, ""Granted."" After a ""POOF!"" the character observes that ""Nothng Changed,"" and the genie tells them to ""Look Agan,"" revealing that the letter ""i"" has been removed from the dialogue.'","Its implying that we no longer exost since when you read you are I."
"1fwc8sk","In the foreground, a woman with long orange hair is depicted in an anime art style, looking upward with a neutral expression. In the background, two cartoonish characters—one yellow and wearing a red hoodie, the other small and pink—stand together in a brightly lit doorway.","It’s from Evangelion when Asuka has a massive depressive episode and rots away in a bathtub in an abandoned house for a while. The two cartoon characters are the “Smiling Friends” whose job it is to cheer up their clients. They seem to be reconsidering their assignment given the state of Asuka.","It is the smiling friends reacting in horror to Anime.","Its is that akward moment when you ealk in on someone having and intimate moment."
"195f4ld","I don’t know top left Top right is the man who tackled a Las Vegas judge in court after she refused to lighten his sentence and made a comment like “I just can’t with that history” referring to his criminal history Middle left I think is the pink Stanley cup which just released in stores and probably sold out just as quickly. Middle right is Gypsy Rose, who I don’t know much about. I believe she lived in a horribly abusive situation with her mother and created a plot to murder her to escape. She just recently got out of jail and already has a husband (pictured there) Don’t know bottom left Bottom right is a football coach, read other comments for actual information because I don’t know","A collage that shows memes from tiktoks most popular era.","This image features a collage of six different photos beneath the text, ""we ain't even two weeks into 2024 y'all"" and a peeking face emoji. The photos include a man speaking, a person jumping over a courtroom bench, a pink tumbler, a couple taking a selfie, a man standing in water, and a sports coach in a white polo.","On tiktok there was a series of events which caused massive memes all within a very short period of time."
"1key5qt","Its funny because the house ha transfrmed into her by the last image because fof the the blonde fringe bangs and the hay on the window look similar.","Smurfette is the only female Smurf. She's trying to make herself look like the other Smurfs. That's pretty much the extent of it. The other smurfs don't wear shirts so in the second panel she's putting on a blue shirt to make it seem like she's not wearing a shirt. Although the subtle hint is that where she lives is also a giveaway. She would be the only Smurf with white shirts (hanging outside to dry).","This three-panel comic strip shows Smurfette tucking her long blonde hair into her hat and deciding to change her clothes, saying, ""IF I JUST HIDE MY HAIR... AND CHANGE MY CLOTHES..."" In the final panel, she has placed her hair and dress over her mushroom house and exclaims, ""IT WORKED!""","Its funny because because all the smurds look the same so she is trying to stand out."
"1jzigfy","It is funny because it is incongruous to be a rapper and a basketball player.","It is a play on Stevie wonder and his amny talents.","The comic strip depicts a blind stick-figure character walking with a cane until he encounters a basketball. After picking it up and feeling its textured surface, the character's expression changes significantly. The text includes the phrases ""Blind guy walkin,"" ""Interesting, what is this?"" ""Hmm,"" and ""This mf spittin.""","The blind man is reading the bumps on the exterior of the basketball as braille, and apparently it's very engaging literature."
"192wp5d","It is making fun of societal norms and plastic surgery.","Its funny because a lock only has one perfect key.","She's an independent lock and DONT NEED NO KEY!!!","In this four-panel comic, a key character carrying suitcases leaves a room while a padlock character yells. The padlock then discards a photo of the two of them and visits a bear doctor, where it indicates in a speech bubble that it no longer wants a key. In the final panel, the padlock is shown walking away with a new combination dial attached to its front."
"1hql3cv","This image features a comparison titled ""Saying ‘thank you’"" divided into two sections. The ""English"" section displays a person wearing a homemade cardboard tank costume, while the ""Japanese"" section shows a close-up photograph of an alligator.","This is a refrence to the palanes used in ww2.","It is  making a joke of animosity between the two countries during WW2.","Tank you A ri gator?"
"1mluk7a","After WW2 countless people had to plant trees to restock wood with mostly monoculture forests, as ressource for rebuilding the mostly destroyed country. During the war way more wood was taken off the land then replanted.","Text over a leafy background discusses Germany being ""green"" compared to Spain. Below the text, a man in a black sweater touches his nose while looking to the side.","Because the the vastly different land per capita comparison","Its a joke because of their differing climates amking it an impossible comaprison."
"1mpg380","This image shows a digital menu for the Pokémon Sylveon with the moves Frustration, Dazzling Gleam, Hyper Beam, and Focus Energy selected. Below the menu is a two-panel meme featuring Mr. Incredible, with a colorful version labeled ""THOSE WHO DON'T KNOW"" on the left and a dark, distorted version labeled ""THOSE WHO KNOW"" on the right.","Frustration's attack power depends on how low your friendship is.  If Frustration is dealing some big damage, you've got a shitty trainer on your hands Edit:  Also it's a Sylveon, which requires the OPPOSITE of what Frustration demands, so yeah that other trainer has done things to harm this poor creature so much they might have to get banned in-universe Edit 2:  Sylveon evolves from Affection in Gen 6 and 7, IDK why that got nixed in Gen 8 onwards","This is a famously difficult game if your loadut is incorrect and this is one of them.","On the surface it seems like a cute pink creature but when you read closer frustration is one of its key traits."
"1eexgq9","It is funny bercause German last names are some of the most common throughut the whole world.","It is a joke because Argntianians have famously ""less latiny names""","Argentina is where a lot of nazi refugees fled from Germany as the outcome of WW2 was becoming more certain to avoid capture by the allies. As a result, many of their descendants still live there, so you end up with some Argentinians with suspiciously German last names and lineage.","The image features the header ""Argentinians be like:"" above two photos labeled ""First Name"" and ""Last Name."" Under ""First Name,"" a man is shown in a traditional matador outfit with a cape, and under ""Last Name,"" a man is wearing a black Nazi SS military uniform with a swastika armband."
"1cs870m","The image contains a social media post with the text, ""i'm literally so bored i just realized that 'no' is 'on' backwards."" Below the text is a reaction photo of a man with a shocked, wide-eyed expression.","Nada means nothing but also swim, he asked what's up","It is funny because penguins dont speak spanish.","It is funny because penguins dont talk."
"1g1cv45","It funny because the animal is sad and it is asumed that one would be happy having fufillled thier childhood goals.","He is putting water into the empty bottle, to shake it up and make soapy water, to get an extra wash out of the bottle before throwing it away.","He is putting water into the empty bottle and is hoping for more taste.","The text describes a contrast between childhood expectations of turning 25 and the financial reality. The image features a crying cartoon mouse holding an empty Dove bottle under a running showerhead to mix the last soap residue with water."
"1g2ofgo","Traditional ways of observing Yom Kippur include abstaining from food, washing, and sex, so it's not really normal to wish a happy"" Yom Kippur to anyone""","That is not traditionally how you greet someone on yom kippur.","It is funny because on Yom Kippur jews usually dont use phones as technology is forbidden to keep kosher lifestyle.","A 4 panel meme with screenshots from the terminator with him wishing th woman on the phone ""Happy Yom Kipur""  her returning the greeting and then the man telling the child his parents are dead."
"1jzu8un","It is a joke refering to the common trope that there is always one friend you cant get rid of.","A man labeled ""Me"" physically ejects another man labeled ""McAfee"" from a building. After the first man turns around to dust off his hands, the second man immediately reappears directly behind him inside the room.","What's wrong with McAfee?What's wrong with McAfee? That question is a different topic, anyway the joke is that even if you uninstall it somehow it'll find its way back to your PC or just won't let you do it at all.","It isa reference to the character macafee in the Netflix show ""the Politician"""
"1gvvhs3","Tea"" is slang for gossip""","A flight attendant offers a passenger a choice between coffee or tea, to which the passenger selects tea. The flight attendant then leans in and shares a secret about the captain having a second family while his wife is on the same plane.","It is incongruous because a flight attendant would never divuldge this kind of information ti a passenger.","It is funny because the woamn who asked for the tea is the wife."
"1l22d3q","The poster assumed that since she is beautiful she has already been gifted lots of jewlery.","A social media post features two photos of actress Ella Purnell, with a caption comparing her facial expression to a portrait one would carry in a heart locket during wartime. A comment below the photos suggests that she has already seen enough heart necklaces.","It’s a pretty significant plot point to do with Yellowjackets, which she is a major character in. let’s just say, to avoid spoilers, wearing the heart necklace in that show is indicative of bad things to follow. also you should watch Yellowjackets","It is a compliment to the woman in the photo saying she is so beautiful she is worth going to war for."
"1j289je","Elephants have famously thick and wrinkly skin.","It is a joke about platic toys and how two animals who would never coexist in nature are able to in  plastic form.","A person holds a small slip of paper featuring a joke about elephants and penguins. The text asks why elephants do not like penguins, followed by the answer: ""They can't get the wrappers off.""","Penguins are a brand of individually wrapped biscuits"
"1ga3uxo","It prints out the 8th letter of the Sinhala alphabet, which is the official language of Sri Lanka. The alphabet looks like this: ඞ Amogus.","It is a script that deletes your entire computer.","It is a script that installs a virus that sends all your passwords and usernames to hackers.","An image shows Peter Griffin from Family Guy running through a field while being chased by a plane. Overlaying the scene is a line of Python code and a warning to not print it, calling it the ""worst mistake of my life."""
"1l99mtp","The answer is: horse legs don't bend that way.","There are no such places in Auburn California.","The busha upon frst glance looks like the head of a person.","A framed sketch of a white horse is displayed on a wall above a wooden cabinet in a hotel foyer. A small, round topiary plant on the cabinet is positioned directly in front of the bottom of the painting, overlapping the horse's underside."
"1hjwowy","Gen X is uusally not as mentioned when discussing generational differences.","It shws people depicted by their age.","A four-panel meme characterizes different generations through various emotional reactions: Millennials and Boomers are shown shouting and pointing, while Gen Z is shown crying into a headset. In the final panel, Gen X is depicted looking on calmly while holding a drink.","It was posted by someone who identifies as GenX. That’s all there is to it."
"1ii3g3t","A two-panel meme with the text ""The human body is 70% water"" above two images of Mr. Incredible: a normal cartoon version labeled ""Those who know"" and a dark, distressed version labeled ""Those who know why we know.""","The photo is in black in white for why we discovered it because only balck and white photos existed when it was discovered.","It is a reference to a scene in the incredibles movie when Mr.Incredible and iceman fight.","It's the way how it was found. Basically, during WWII (correct me if I'm wrong) Japanese were making atrocious experiments on people. One of those experiments was to put a live human in an oven, that removes all liquid from a thing that was put into it. So, they weighed a person before the experiment and weighed the remains after. The mass loss was about 70%. Thats how we know human body is 70% water"
"1h7ih54","A two-panel image with the top showing an animated scene of Simba next to Mufasa's body from The Lion King with text ""Most kids were introduced to death in this movie scene,"" and the bottom showing a live-action scene of a small child running across a field toward a red toy with an adult chasing behind, labeled ""This was mine!""","The movie is pet sematary, the kid in the pic gets killed by a truck in front of his dad. Many kids were introduced to death by the movie when it was new.","It is a dark reference to someone saying they were intorduced to death through the death of their younger sibling.","It is funny because it is about the difference between Gen X and Millenials."
"1eglfe7","I just went to a popular PC components website, browsed their top 12 motherboards sorted on popularity"" and found 7/12 still had at least one PS2 port on the back plate coded half purple, half teal... one of them actually had both as separate ports!""","A two-panel image with the top showing a man leaning out of a car window with the caption ""How are you not dead?"" and the bottom showing a close-up of purple and green PS/2 keyboard and mouse ports overlaid on a background scene, with the caption ""I have no idea!""","It is funny because these ports are outdated.","It is funny because these ports are extremely modern so its sarcasm."
"1jdq5gi","It is funny because they used the european way to spell english words.","It is a meme making fun of the original tweets spelling mistakes.","In the Commonwealth (former British colonies that are still technically part of the empire, like Canada), it’s spelled “behaviour” Edited to add: yes, yes, I significantly oversimplified the concept “Commonwealth”. Shoulda said “places that speak English other than the US”. Canada, the nation in the meme in question, is in the Commonwealth.","A screenshot of a social media post from ""The Don of Vaughan""  with the caption ""behavior,"" featuring a still from the film Inglourious Basterds showing a man holding up three fingers in a gesture while another man watches, quote-tweeting a post that reads ""Any Canadian who boos the American National anthem at sporting events is a disgrace. Completely pathetic behavior."""
"1jykoxc","It is funny because in the video he gets more tan ie the melanin part.","Melanin is a pigment that gives color to your skin. Black people have more melanin than white folk, for example. There's also the stereotype that black households do not change the batteries in their smoke alarms, and just decide to tune out the beep","It is funny because they arent related and would never get mixed up.","A YouTube Shorts screenshot showing a man with messy brown hair and stubble lying in bed with his eyes open, captioned ""POV you accidentally take Melanin instead of Melatonin to go to sleep,"" posted by @aljokes with 705K likes."
"1il72ww","It is because the are in a line like a column like a spreadhseet column.","This is the finance bro uniform. Slacks/jeans, button down blue shirt, Patagonia vest, expensive shoes The Excel spread sheet part is in reference to a large part of their jobs involve using excel to perform various financial analysis. They usually consider themselves to be excel wizards and many compete"" in speed tests using shortcuts only and no mouse to format and build visuals in excel.""","An image captioned ""It's a bad day to be an excel spreadsheet"" showing three men walking down a city sidewalk, all viewed from behind, wearing matching outfits of dark quilted vests, blue button-up shirts, and jeans.","It is funny because the stripes on their shirts make them look like excel spreadhseets."
"1g3admg","A black-and-white image captioned ""when the tour guide is freaking out in Russian about the cool rock that you found but you're just a really chill guy,"" showing the cartoon ""Chill Guy"" dog character standing next to a large rocky mass beside a tree trunk.","Think that's the elephant's foot from Chernobyl","It is funny because if you were actually near so much radiation you would be dead.","It is funny beacsue there are no tours in chernobyl."
"1kpj6mq","Southpark Canadians","An image captioned ""This plate is Canadian"" showing a white plate with two black dots positioned as eyes and a strip of bacon laid diagonally across it resembling a mouth or scarf.","It is funny because it resmeble the canadian flag.","It is funny because almost all candians have this set in their home."
"1gp140e","An image captioned ""How does my brain understand this"" with a crying emoji, showing four abstract squiggle drawings made of teal, orange, and brown shapes that loosely resemble a chicken, a chicken with an egg, a question mark, and an exclamation mark.","It is funny because it looks like Perry the Platypus.","It is funny because it is a famous abstarct painting.","A platypus? Perry the Platypus!"
"1it3ezt","As for a bee, he refers to an F-22 stealth fighter, whose radar-cross section is comparable to a bee. SO the radar says that there's a bee flying at mach 2","It is because the bee would most definetly be killed instantly by the object going mach 2.","Its funny becaue  a cat coukd never be a pilot.","An image captioned ""POV: You're in a Su-57 and a bee is approaching you at mach 2"" showing a close-up of a gray and orange calico cat staring directly at the camera with a wide-eyed, worried expression."
"1ceuuuh","They're all pregnant. Can't deploy pregnant people","The woman looks kind of dull and uninterested, like she is not exactly excited to be there. Her expression makes it seem as if the whole trip or situation is not really her vibe.","At the top, the meme says, “Single female Soldiers when they hear they might deploy to Iran.” Under the text, a pregnant female soldier is shown from three different angles while wearing a military uniform.","They are wearing longer jackets as a way of respecting Iran’s expectations around modest clothing. It looks like they are trying to adapt to the country’s rules and avoid standing out too much."
"1bk5jkq","It is not actually a hexagon, which is basically the whole troll part of the meme. The image acts like it is showing something obvious or scientific, but the shape does not even match what it claims.","Saturn’s hexagon is a real cloud pattern around the planet’s north pole, which is why the reference works. The meme depends on recognizing that Saturn is known for having this strange, almost hexagonal storm-like formation.","Noone's sure why saturn has a hexagon   There's hypotheses, but noone's completely sure   that's what the meme is referring to","This four-panel meme focuses on Saturn’s hexagon-shaped pole. It starts with a simple image of Saturn, then moves into darker and more dramatic edits where different meme faces react to the hexagon."
"1az5r39","In America people have the whole American Dream thing where everyone is told they can work hard and maybe become rich one day.","In Canada it feels more like people get a decent amount and the whole society is supposed to be a bit more equal.","Bugs Bunny appears in two separate panels with different flags behind him. In the first panel, the American flag is shown with the words “work or starve,” while the second panel uses the Canadian flag and changes the phrase to “work and starve.”","Food prices in Canada are very high"
"1hauo6q","A McDonald's employee collected the prize bag on identifying the UnitedHealth CEO assassin.","A “Marked Safe” style post is shown with a small blue flag icon above the text. The message says that the person is marked safe from being the most hated McDonald’s employee in the country today.","Working at McDonald’s already makes some people judge you because of all the boycotts and politics around it.","No matter how hated you think you are there is always someone people hate even more lol."
"1jtym4e","That scar looks like the one left by the BCG (Bacille Calmette-Guérin) vaccine. It prevents tuberculosis. Many immigrants are seen with this scar.","ICE does not only go after Mexicans. They target immigrants in general so it is bigger than just one group.","ICE is shown as thinking someone is illegal just because they are Mexican which makes the whole thing feel racist and unfair.","The meme begins with ICE asking, “are you Mexican,” followed by the reply “No.” Beneath that, the image compares a mark on someone’s skin with a suspicious facial expression labeled as ICE."
"1l4x3e6","If Putin’s daughter and Trump’s son got together, it would basically mean world peace.","They are implying a relationship between trumps youngest son, Baron, and elons daughter, Vivian, would end the petty squabbles and reunite the 2 fathers.","A tweet says there is a long-standing way to resolve current political tension and that the user should not have to spell it out. Below the text are two photos placed side by side, one of a young blonde woman and one of a young man in a suit.","Trump’s son having a model girlfriend would make him happier and probably less awkward overall."
"1mahcad","Getting the wrapper off a Penguin bar is already hard for humans, so an elephant would have no chance.","penguin also happens to be the name of a chocolate bar p-p-pick up a penguin","A small paper joke card is lying on a wooden table. The card asks, “Why don’t elephants like penguins?” and answers, “They can’t get the wrappers off.”","Penguins are tough animals, so eating one would obviously not be easy."
"1j0n4gg","Men love gossip just as much as women do, they just pretend they do not.","When the tea is good enough, even men are calling their homeboys immediately.","A four-panel phone-call meme shows three political leaders holding phones. The captions suggest that one leader asks if another is seeing something, then a third joins the call with a loud phone sound.","Loss of US support for zelenski and Ukraine means Russia and its allies will have a considerable advantage, this image depicts them revelling in this information."
"1hbogj4","A fast-food worker is shown smiling while holding a kitchen utensil. The text above her says, “Anne Frank? Yeah, she’s in the attic.”","Comparing Anne Frank hiding from the Nazis to someone being murdered by a civilian from a major company makes no sense. Those two situations are nowhere near the same level.","Anne Frank’s hiding place has become such a tourist spot now that there is even a McDonald’s nearby where people can ask for directions.","The United Health Care CEO shooter was recently apprehended in Pennsylvania in a McDonald’s after a tip was called in by another customer, contrary to the current belief that it was an employee. The meme is implying that the McDonald’s worker would also snitch on Anne Frank, who was hiding in an attic from the Nazis, because of the belief a McDonald’s employee snitched"
"1flb4nk","A social media post shows a woman standing in front of ancient ruins. Below it, another post says that based on the amount of pottery fragments, the Roman Empire may have been the clumsiest empire in history.","Materials have changed a lot since ancient times, so pottery today can last much longer than pottery from the Roman Empire.","Someone probably broke the pottery on purpose just to mess with the Roman Empire.","The show being referenced is the mockumentary Cunk on Earth, where the titular narrator humorously misinterprets history. The Romans left a lot from their history, including pottery fragments (which broke due to the long time period), which Cunk humorously says is caused by their clumsiness."
"1dhf9h2","Donald Trump saying electric boats are heavy and will sink. You either get electrocuted by the battery or face a shark.","A meme shows two politicians sitting on a couch, with one laughing while the other bends forward. Text above them says, “So there’s a boat, A battery and a shark 10 yards away.”","There are not sharks everywhere in the ocean, so acting like the only options are “safe water” or “shark attack” is way too dramatic.","It shows Hillary and Obama secretly plotting together to get rid of Trump."
"1c01lei","A time-machine meme compares girls, boys, and a non-binary person using a time machine. Each section shows a character giving advice to a group of masked men, with the group responding that they will do better.","A British prime minister who the IRA tried to blow up.","It looks like they are planning to bomb the non-binary person, which makes the situation feel way darker and more absurd than expected.","Even when people travel back in time to warn them that the bomb will not kill Thatcher, they still do not seem to take it seriously. They are so focused on the plan that the warning barely matters to them."
"1d7u657","The situation is wild because the widowed lawyer is still helping the man accused of rape, even though that same man is also connected to the death of his wife. It makes the scene feel morally twisted, since he is defending someone who has caused him personal harm.","To Kill a Mockingbird Story: In 1932 Alabama, a widowed lawyer with two small children defends a black man accused of raping a white woman.","The point is that people often treat male victims with way more doubt, especially in cases involving sexual assault. The reaction becomes uncomfortable because it suggests that being taken seriously depends on gender rather than the actual situation.","The image combines a social media post about believing rape victims with a black-and-white courtroom scene from an old film. Two men are seated in court while people watch from the background."
"1dv83hh","A tweet says the person’s job called them a slur “with the hardest ER.” Below the tweet is a photo of a chocolate cake topped with a bottle of Hennessy and a large blue bow.","He is overreacting to the cake being chocolate, because he connects the brown color of the cake to his own skin color. In his mind, the choice of flavor feels way too targeted, even though it is probably just a normal cake.","It’s a stereotype that black peoples favorite alcoholic beverage is Hennessy, and if they didn’t ask or didn’t know his taste beforehand, this definitely comes off as racist but it doesn’t look like he’s complaining too terribly","The image leans on an association between chocolate and dark skin. Because the cake is chocolate, he reads it as if his workplace is making a weird comment about him rather than simply giving him a dessert."
"1cdufsh","Two children are standing in a classroom. One child is holding a trading card, while the other is holding a large rifle. Text above them says that one child is holding something banned in America to protect them.","This is clearly a troll version of the original image, where the child was holding a Kinder Egg. Here, it has been swapped out for a game card, which makes the message feel even more exaggerated and ridiculous.","Pot of greed was a bit broken simply because it was an automatic “draw 2 cards” without a downside. So lets say you start a game and have pot of greed, now you start with 6 cards instead of 5, if you had more pots of greed you could just continuously pull more cards to force the deck into giving you very strong cards/plays. There are some clips of people playing with no restrictions to show how broken the game could be, and you were essentially able to abuse pot of greed and other cards to win on round 1.","The image points out how strange it is to treat a game card as more dangerous than a gun. Playing games is obviously not on the same level as holding a firearm, which makes the comparison feel absurd."
"13ibrc1","Let’s start with the comic. The two shallow and wide glasses hold the same amount of liquid.   The next panels you see the transfer of the liquid to the taller thin glass.  The volume and quantity of the liquid remains the same.  The third panel the child points to the taller glass. This whole set up is a standard test for the developmental level of a child.   The goal is to tell which glass holds the most liquid. It’s commonly for young children to look at the glass and see that it’s taller and say that has the most liquid, simply because they lack the understanding to consider the width of the glass.  This occurs even if you pour it right in front of them. So the comment from Lara Trump follows a similar logic.   The red portion of the map outlines Republican districts, the blue outlines Democratic districts.   She is implying that because the red covers the majority of the map, most of the country is Republican and therefor would be unable to impeach them. The comic is pointing out that although the red map covers more land than blue, it does not accurately convey the number of voters, because the blue districts hold the same or more of the population due to population density.","She seems to have edited or presented the voting map in a way that makes it look much redder than it actually is. The image gives the impression that the results are being manipulated visually to support her point.","A Reddit screenshot shows a tweet with a red-and-blue map of the United States and the text “Try to impeach this.” Under it, another user replies with a three-panel image of a child pouring liquid between containers.","Trump’s daughter appears to be trolling people online by posting a map that makes it look like far more people voted for her dad. It comes across as a deliberately provocative post meant to annoy or bait people on X."
"1m56k4v","Taking too much Benadryl is known for making people hallucinate, so the dark figure behind her is meant to look like something she would start seeing after using it.","Actually I don’t believe it is at all. People who take too much Benadryl sometimes report seeing a black figure with a hat that people call the “hat man.” It’s a frequent enough phenomena that I think there’s some medical studies or articles about him.","They are dressed like a couple’s costume, with her as Benadryl and the person behind her looking like Sherlock Holmes or some mysterious shadowy boyfriend.","A tweet says “Couples costume idea” above a photo of a smiling woman in a pink Benadryl shirt. Behind her, a person dressed entirely in black with a wide-brimmed hat is standing with their arms around her."
"1mbrsfx","The guy first seems interested because he finds her attractive, but then he realizes she is trans and suddenly changes his mind","A photo shows a woman in a grey suit holding a black folder while standing indoors. The caption above says that seeing the picture as a man feels like getting hit in the chest with a sledgehammer.","A guy retweeted this photo saying « I’m sorry for what United States did at Pearl Harbor ». The joke is that she’s looking good and the dude was a simp","He thinks she looks good at first, but then finds out she is his friend’s ex. That makes the whole thing awkward, because being into your homie’s ex is usually seen as crossing a line."
"1lnme9d","Socrates is usually seen as calm and patient, so his lack of reaction makes the scene even better. Something completely absurd is happening in front of him, but he just sits there as if this is a normal philosophical moment.","Socrates does not even want to argue with Diogenes because he has more important philosophy stuff to deal with. Diogenes is doing something ridiculous to prove a point, and Socrates basically looks like he has no time or energy for that kind of chaos.","The meme shows a close-up selfie of a bearded man sitting in a car. The text above says, “Socrates watching Diogenes piss himself to prove a point.”","Diogenes is the most Philosopher ahead of his time, he literally didn't care about anyone or anything, and he proves his points in a very... creative ways   once, he won an entire debate with some guy by just farting Poter out"
"1lhnwl4","The original was about a man working despite being armless while the begger got both arms but still refuse to do the harder work. The twist is that the begger is working as an undercover spy, so technically he is working.","A cartoon shows a man sitting on the ground with a bowl, appearing to beg. Another man with no arms walks past carrying bricks and bags, with the text “Work bro, don’t beg...” The seated man replies, “I’m a spy, you fool!”","He only says he is a spy to save his dignity. Instead of admitting that he is begging, he tries to make the situation sound intentional and mysterious.","He is apparently a Russian spy, which makes the scene even more ridiculous. He is sitting there looking like he is begging, but then acts like it is all part of some secret mission."
"1lcutci","Americans' taxes are funding the ammunition of Iran and Israel, who are currently blaming and hurling explosives at each other","The image shows missiles flying over a city at night. Text labels the missiles as “my tax dollars” and “somehow also my tax dollars,” while the bottom shows a man underwater with the caption “Americans.”","The population is scared because they think the bombs might hit them. They are basically stuck under the threat of violence, not knowing whether they are going to be next.","People are crying because a war seems like it is about to break out. The situation feels tense, and everyone is reacting as if something terrible is coming."
"1lmltqs","Think I found the original meme. It's the barcode of the Oreo and the person who decided to get this tattoo is half-black and half-white. It makes some sense I guess.","It has that typical kid logic where children half-believe they can be sold because parents sometimes jokingly threaten them with it. The scanner showing a price makes it look like the brother is actually being treated as something for sale.","A tweet says, “My brother wanted to show me his new tattoo.....” Below it, a hand is shown inside an orange store scanner, and the scanner screen displays the number “2.54.”","It is silly to imagine that a barcode tattoo would actually scan like a real product. He puts his hand under the scanner as if the tattoo can be read and priced by the machine."
"1lgqywl","3.6 is the level of radiation measured at the Chernobyl disaster (the real radiation level was much higher, but the devices they used could only measure up to 3.6).","The number 3.6 is so oddly specific and random that it feels like pure Twitter humor. Someone just drops a strange number as the punchline, and somehow that becomes the joke.","A tweet from an account named Anatoly Dyatlov says, “Rate my Chernobyl Grand Prix layout.” The image shows an aerial view of a nuclear power plant with a red racing-track outline drawn around it. A reply below simply says “3.6.”","It only really works because it is clearly a remake of the Chernobyl joke. The “3.6” reply is a weirdly low rating, which makes the whole thing feel like a dry reference rather than a serious answer."
"1l8fck5","A war painting shows a shocked soldier standing in a battlefield with smoke, tanks, mountains, and planes behind him. The text over the image says, “Oh yeah I threw out a paper with 12 random words while cleaning.”","It turns out the paper had the deactivation code for a bomb the soldier has already activated. Now he is standing there realizing the code is gone, basically just waiting for everything to go wrong.","It's the code to their crypto wallet.","It was probably something important, like a phone number, password, or recovery phrase that they forgot and only had written down on that piece of paper. Now that it has been thrown away, the information is just gone."
"1if88s3","The two fingers are meant as a signal to the bartender that he wants another round of drinks. It is the kind of gesture that makes sense in a bar setting, even without saying much out loud.","He says three beers while only holding up two fingers, which makes the whole moment confusing. The mismatch between what he says and what he signals is what throws everything off.","Binary code? 1 1= 3 IIrc","A cartoon shows three men walking into a bar. One of them holds up two fingers while saying “Three beers” to the bartender, who is holding a glass."
"1jpn69p","The image compares patients in medical dramas with patients in House MD. The top half shows a group of horses, while the bottom half shows a large group of zebras.","Part of what makes it amusing is how medical diagnoses are turned into animals in the first place. Instead of talking about illnesses directly, the meme frames them as horses and zebras, which gives the whole comparison a weird, almost surreal feel.","Horses and zebras may look somewhat alike, but they are still completely different animals. That gap is what the meme leans on, using them to suggest how a diagnosis can sometimes feel oddly far off, as if two things that only vaguely resemble each other are being treated as the same.","There’s a saying in medical school “ When you hear hoofbeats think horses not zebra” meaning think of common diagnoses first but in house MD ( and in my opinion all medical dramas in general) they tend to exaggerate the presence of rare diagnoses to boost the dramatic effect."
"1fs7uqa","One moment he is happily enjoying beers with his friends on his day off, and the next he finds out through his work email that he has been fired. If he had just ignored the email, he could have delayed knowing and kept enjoying the day a little longer.","He was just having drinks on his day off, and then somehow ended up on the news for being reckless. So honestly, maybe he should have checked his work email, because the firing notice would have given him a heads-up that things were already going downhill.","News anchor Wolf Blitzer tweeted a photo of himself out having drinks on a Sunday, July 21st. That happened to be the same Sunday that Biden made the historic decision to drop out of the presidential race, about an hour or so later, and so Blitzer seemingly was asked to come in to work again for this breaking news story. Other people are joking that if he hadn't checked his email, he would have been able to continue enjoying his day off instead of having it interrupted and having to go in to work.","A meme says, “Never check your work email on a day off.” It shows one photo of an older man smiling with a drink and another photo of the same man looking serious on a news broadcast."
"1k6qo63","She is dressed in so many scarves and layers that it almost looks like she is prepared to travel from the Sahara to the North Pole. That confused, overprepared look matches how unclear her hints feel.","The meme says, “girls: omg why wont he get my hints? the hints:” and then shows a person standing in front of a large snowy mountain landscape.","It's a photo containing SCP-096, a creature that is going to chase and kill anyone who has seen its face. There are 4 pixels of him/it in this photo, which is enough to trigger him/it.  The joke is that the girl's hints are small and unnoticeable just like these 4 pixels.","Her “hints” are being compared to something extremely far away and hard to reach. Just like she is physically far from home in the image, the meaning of her hints feels distant and impossible to figure out."
"1ku0frm","It seems like there should not be any word that fits all those conditions. Starting with T and ending with T","A milk carton has a riddle printed on the side asking, “What starts with T, ends with T, and has T inside?” Under the carton, added text says, “hahah funny one” with a neutral-face emoji.","The answer is “Tats,” because it starts with T, ends with the sound/letter pattern they are pointing at, and still has another T inside. It turns the riddle into a silly little word trick instead of a serious question.","Nothing. The answer is teapot."
"1mj26iu","bro what does eating pumpkins have to do with lying like where did that even come from","rats do have cheater vibes tho ngl, like they already look like they’re plotting something","A meme shows a black squirrel covered in snow, looking slightly shocked. The text above says, “when im at the lying competition and i see my opponent eating a pumpkin.”","Its because he's a cheater cheater pumpkin eater."
"1agsl73","The meme shows the text “Roses are red, Poems are sappy” above an image of a muscular figure pushing a large boulder up a rocky hill.","It works because the phrase sounds like a rhyme, almost like “men are happy being crappy.” The wording makes it feel like a dumb little slogan, which is why it lands.","It shows this contrast between old-school masculine men and the softer side of them writing poems for their lovers. They look tough, but they are still being romantic in a very dramatic way.","“One must imagine Sisyphus happy.” - Albert Camus"
"1cqzlzh","A Reddit meme shows images of prehistoric barnacle fossils labeled A, B, C, and D. Below, a cartoon character looks shocked, with text saying “Charles Darwin in his grave” and “no... this... this can’t be.”","The A, B, C, and D labels make it look like a multiple-choice exam. Just like students sometimes struggle and end up guessing, the meme imagines Darwin being stuck with the same kind of random choice.","Darwin went on an 8 year quest to try to find where barnacles belong on the tree of life. It drove him nuts: ""**I hate a Barnacle as no man ever did before.**"" That quote is from year six.  Now imagine, after all that, some prehistoric barnacles show up that imply that we need to rethink their taxonomy.","It makes it seem like Darwin may have simply guessed his way to a conclusion. Instead of presenting evolution as a carefully built theory, the meme treats it like he just picked one option out of four."
"1m55hez","That's going in someones butt","It also looks way too easy to break. A glass bottle with a pointed bottom around drunk people, sand, and bare feet just sounds like an accident waiting to happen.","A tweet says “Coming soon to an ER near you” above another post about a glass beer bottle designed to stick into sand at the beach. The image shows the bottle lying at an angle with a pointed bottom.","It kind of looks like a little rocket or toy you would throw, so you can already imagine drunk people launching it into the air like a paper airplane. At the beach, that design feels like it is asking for chaos."
"1arjiwr","Someone literally threw acorns near the police, and the officer fully thought he was getting shot. Like bro heard an acorn drop and went straight into survival mode.","It was raining in the forest, so there were probably snails and acorns everywhere making weird noises. The officer stepped on them and somehow his brain went, “yep, gunshots,” which is actually insane.","Recently bodycam footage has been released where a stupid police officer heard an acorn fall on the roof of his cruiser, causing him to believe the unarmed, handcuffed individual in the back that he arrested was firing on him.","A meme shows a pile of acorns on the ground with the caption “Mass shooting, according to police” written above it."
"1jny20o","It points out the irony of avoiding honey because it is not vegan, while still eating chocolate even though chocolate production can be bad for the environment. It gives off that “saving the planet, but only when it is convenient” kind of energy.","A reaction meme says, “when you meet a vegan who doesn’t eat honey but is fine with chocolate.” Under the text is a close-up of an animated man with a confused or suspicious expression.","Chocolate has an ethical side people often ignore especially because the workers involved in producing it can be paid very little. So the meme makes the vegan choice look inconsistent, since one product is rejected for ethical reasons while another questionable one is still accepted.","A lot of chocolate is produced by child slave labor with major suppliers often claiming to be ""shocked"" whenever it gets uncovered but really it's just expensive and moderately difficult to fully root out so they just don't really try that hard.   The meme is mocking vegans for going out of their way to protect bees while not being too worried about *human slaves*"
"1josjz1","They can’t feel their legs because cities keep making public spaces impossible to rest in. Spikes, loud music, weird benches, all that hostile architecture stuff. Bro can’t even sit down, so of course his legs are done.","It’s giving “government solution = just make them disappear.” Like instead of helping homeless people, the joke is that the UK government would treat them like a virus and just try to remove them from everywhere. Dark as hell, but that’s the point.","The UK government famously promised to 'cut homeless people in half by 2025', which the Internet took to mean 'sawing them in half'. Edit: as pointed out below, the original ad was a parody. The UK government did not in fact promise this.","The image says “Nobody: Homeless people in 2025:” and shows a man lying down in a scene where people are gathered around him. The subtitle at the bottom says, “I can’t feel my legs.”"
"1m83zvy","The monolith datapack looks sick, but it also feels super outdated now. Like, it was probably insane at the time, but compared to what Minecraft datapacks can do today, it gives old-school tech demo energy.","I'm not tech savvy enough either, but back in the old days you would paste a huge command into a command block that would spawn a big monolith of other kinds of command blocks and it would act as a datapack","It is kind of wild seeing how Minecraft used to look. The whole thing feels dated, but in a nostalgic way, like early Minecraft builds where everything looked massive and impressive just because it worked at all.","A Minecraft screenshot shows a very tall structure made from command blocks and other blocks. Large dramatic text at the bottom calls it “The Giant Self-Assembling Monolith of Command Blocks.”"
"1m3s0a4","Even though the Romans lost their golden eagle, the real gut punch was losing 40,000 soldiers. Like yeah, the eagle mattered, but that many people dying is what really makes it brutal.","A two-part Roman history meme compares two losses. In the top half, a Roman soldier reacts casually to losing 40,000 human lives, while the bottom half shows a darker reaction to losing an eagle-shaped piece of gold.","The Roman Eagles were the symbols of the legions and carried incredible symbolic and religious weight.  Losing 30,000 men in a battle? The Romans did that at Cannae and the Teutoburg Forest, among others. No big deal, they could just raise another army.  But losing the legion's eagle? That was the greatest dishonor a legion could suffer, and Rome was always shaken to the core when one was lost. Or three, as in the aforementioned Teutoburg Forest.","They lost so many soldiers that the eagle-shaped gold should honestly have been the last thing on their mind. At that point, the human loss is way bigger than the symbol they also lost."
"15vbd1p","He is crying because there is a bomb next to his girlfriend, and he has no idea how to tell her. She looks so calm and happy, which makes the situation feel even worse.","He starts crying because the heartbeat sensor he made actually works. In that moment, he is probably imagining all the people it could help, and it hits him that his invention might genuinely matter.","A comic shows a woman lying on a bed while someone uses a heartbeat sensor nearby. In the next panel, a young man holding the device is crying with an emotional expression.","At first I thought this was her being pregnant but I'm pretty sure it's actually another dude hiding in the closet cuz she's cheating. The heartbeats would be closer if she was pregnant."
"1mhtv4z","If the gift is offensive you might actually end up in the moat like bro chose the worst possible present","A cartoon shows a young man kneeling with a ring in his hand, as if proposing. Text above says, “what a nice young man I wonder what he'll do if she says no.”","It's from the song ""Little piece of Heaven"" by Avenged Sevenfold. The song is mainly about a guy who gets super paranoid of his girl not wanting to marry him, so he kills her and... ""uses"" her body until it gets possessed by a demon and then said demon does to him what he did to his girl.","Usually if the queen says no you just get kicked out and take the L"
"1mkomql","The meme says, “Millennials: Gen-Z humor is so weird” followed by “Millennial humor:” Beneath the text, several colorful unicorns are shown in a bright fantasy-style landscape.","Charlie the Unicorn - An example of Millenial humor. Some would qualify it as weird.","millennials lowkey have a point though, because who actually decided “6-7” and brainrot edits were peak comedy. like at some point the joke is just noise with confidence","millennial humor is not really above gen z humor here, because the unicorns are literally ascending like the joke is some higher-level comedy. it makes it look way more dramatic and deep than it needs to be"
"1narr2o","the funny part is that the people changing clothes do not even seem to have any actual change of clothing. like they are doing all this towel-covering drama, but there is nothing new to change into anyway","This doesn't look like bait (the original art, I think the caption might be) but it *is* a lot less obvious than I think it's intended to be.  There are multiple elements that *could* be the focus here -- the open view from the other direction, the genders of the changers and shielders, the fact that each of them is only shielding from one other person, the fact that the shielders are both looking away or at each other, and possibly more. Given none of the interpretations I've considered are obvious or compelling to me, I think the original was trying to make a point that didn't quite land. Maybe there's a cultural gap. Maybe it's just a weak point. Not sure. There's also the fact that there's no pile of clothes for either changer, but I think that's just an oversight on the part of the artist.","A beach cartoon shows people trying to change clothes while holding towels around themselves. A large caption at the top says “5 minutes to understand.”","their partner is literally stressing trying to change fast before anyone sees them, meanwhile the one holding the towel is just standing there checking other people out - priorities are insane"
"1n0my5r","Educated guess here, but there is no « good guys » per se, so the implication is that the person identifies with an evil/morally discutable faction and think the are right","the actual good guys would probably never call themselves “the good guys” out loud. that’s exactly the kind of thing only the suspicious side says","A two-panel reaction meme shows an animated man in a car. In the first panel, the text says, “I love Warhammer 40K,” and in the second panel, his expression changes after the text says, “My favorite faction is the good guys.”","the funny part is that the bad guys are fully calling themselves the good guys like of course they would say that"
"1k5a33w","The image has two panels about communism and factory work. The top shows a gulag sign with text saying, “Ha! Let us see how they do without us!” while the bottom shows red cartoon figures in a factory asking who knows how to operate the machines.","This is a variation on an older meme where the factory owners are pushed out and none of the workers know how to run a factory. Except in this version they all know how to run a factory because that's literally their jobs.","everyone is acting like they know how to run the machines, but literally none of them have a clue. they’re all just saying “yeah yeah i got this” while the whole factory is about to fall apart","they’re pretending they know how to do the job because last time people got fired, and now everyone is scared they’re next. so instead of admitting they don’t know anything, they just fake confidence and hope nobody notices"
"1k5wejp","that’s basically every Mario game ever. the second you’re about to lose, the game suddenly throws you some random gift so you can survive like it felt bad for you","there was a video that showed someone speedrunning a mario game (i think it was 64 idk) and he suddenly teleports above a huge obstacle course, saving him a shit ton of time. its still unexplained what the cause of it was but most people speculate it was a single solar particle that changed a 0 to a 1 in his elevation data inside the game's code","A black-and-white manga-style image shows a dramatic male character reaching forward. The caption says, “God sending an ionizing particle from outer space to help a mario speedrunner save time.”","he just got lucky tbh. those random particles show up for everyone sometimes, he just happened to get one at the perfect moment"
"1k4ukvi","Target is honestly a pretty good way to test if you actually care about modeling. At the end of the day, most modeling jobs are kind of the same basic thing, so if you really want it, Target should still count.","A two-panel meme shows a man reacting happily at first and then looking disappointed. The text says, “You finally get a modeling job,” followed by “It’s for Target.”","If you’re too good for a Target modeling job, then maybe you don’t actually want to model that badly. Maybe you just want the prestige and the “cool” version of being a model.","Target is known for using models that look more like the average person versus the super pretty models other use. So for someone trying to get into modeling, it may seem an insult that only Target thinks you're ""pretty"" enough."
"1kehvhj","I can't recall which Greek philosopher this is specifically referring to, but a good deal of them were only known by essentially pen names or practically usernames. Plato just means ""Broad-shouldered"" and dude was jacked; he was purported to have settled arguments that went too far and overlong just by *flexing*. EDIT: a more correct answer is connected to the image representing a Roman emperor, rather than a Greek philosopher forum. I rushed in, but it started an interesting discussion","Greek names usually carry so much historical weight that people still remember them thousands of years later","A meme says, “When BRO’s nickname is so iconic that his real name is just a myth.” Below the text, a historical-looking painting shows a man addressing a large crowd in an ancient arena.","The meme might also be mixing up Greeks and Romans a bit. It looks ancient and classical, so it gives off Roman-history vibes even if the reference is actually supposed to be Greek."
"1keqvzx","he actually seems kind of happy with it though. like yeah he’s ugly and boring, but people still like him anyway, and his pie business is clearly carrying hard","The image shows a character holding stacks of pie boxes while looking distressed. The caption says, “When you're ugly, boring, not outgoing & don’t light up the room when you walk in,” and the subtitle says, “I... will... live!”","if you’re ugly and boring but still somehow get invited to parties, you better bring something with you like bring pies, snacks, anything, because vibes alone are not getting you invited twice","In true crime documentaries, the victims are often attractive, outgoing, and described as “lighting up any room they walked in”"
"1kpfg74","he’s basically not that memorable on his own. like without the thing connected to him, most people probably would not even know who he is","he clearly got the better deal here. like everyone else got a country or an era named after them, but he somehow got something even more iconic","Leonhard Euler, Swiss mathematician, who has one of the most important numbers in mathematics (e) named after him.","A history meme compares three figures. One panel says “Having a country named after you,” another says “Having an entire historical era named after you,” and the bottom shows a sunglasses emoji next to another portrait."
"1kidi8e","A marketing meme shows the text, “Our target market is men and women, ages 18-75.” Under it, a man in a suit looks confused, with the large caption “WHAT?”","Target markets are the audience you're trying to sell your product to. Marketing agencies like having clear, delineated demographics to pitch to because every demographic requires different approaches, mediums etc. For a company to say that their target market is basically all human adults is a marketing agency's worst nightmare.","the target group is basically not defined at all. saying “men and women aged 18 to 75” is so broad that it barely means anything","their target group is literally everyone except children. like at that point you might as well just say “adults” and call it a day"
"1kjlggg","one of the cashiers watching the self-checkout probably let the customer get away with it. like they saw the discount happening and just decided not to make it a whole thing","The clerk didn't ring up all the items, effectively letting the customer steal food. The comment underneath jokes that they do the same thing at self-checkout, since you can just skip scanning some of your items for a cheaper checkout price.","A tweet describes someone wearing a “Unionize Today!” shirt at Whole Foods and receiving a large discount at checkout. A reply underneath says, “this happened to me at the self-checkout.”","he basically won free groceries that day. the total dropped so much that it felt less like shopping and more like the self-checkout randomly blessed him"
"1kqcllz","he technically can take as much PTO as he needs, but only if he can justify it to his boss. so it sounds unlimited on paper, but in real life it still depends on whether management is cool with it","You in theory have unlimited PTO, but if you use more than your co workers, we just fire you.  So realistically you have no PTO.","when a job says “unlimited PTO,” it usually does not mean you can just disappear whenever you want. it mostly means the limit is unspoken and based on company culture, which is probably way less freedom than he thinks","A tweet says someone’s new job has unlimited paid time off and unlimited sick leave. Below it, a reply uses a SpongeBob scene with the caption “HOW DO WE TELL HIM?”"
"1jwjneb","White blood cells are essential components of the immune system that protect the body against infection, diseases, and foreign invaders","White blood cells protect the body by fighting viruses and other infections.","In the anime jujutsu kaisen. One of the characters, Megumi Fushiguro's powers is to summon creatures from his shadow. He can choose to summon any of 10. The strongest creature he can summon is called Mahoraga. It has that iconic wheel on its back. Whenever it is hit by a technique, the wheel turns and it becomes immune to it. So youd need to kill it in 1 hit to defeat it. So the joke is, white blood cells learn to fight off bacteria and viruses. Like mahoraga","A meme shows a white blood cell floating among red blood cells. A small roulette wheel is placed on top of the white blood cell. The caption says that this represents the person’s white blood cells whenever a new sickness enters the body."
"1kpua4s","His wife should not be anywhere near his toolkit.","His daughter was clearly trying her best, but the joke is that her solution is obviously not the most efficient one.","This is not only a reference to the Resident Evil franchise, where sorting your inventory is represented by squares, but also to the fact that the shape in the photo is, no joke, the most efficient way to store 17 squares into a larger square","A comic-style image shows a character carrying a large case containing weapons, ammunition, money, medicine, food, and other supplies. Another character comments, “It’s more efficient!” The image presents the case as an exaggerated all-in-one survival or combat kit."
"1l7z6gs","A business philosophy is meant to express a company’s guiding principles and overall direction, while also shaping its public image in a positive way.","A two-panel meme shows a father and daughter sitting together with books. In the first panel, the daughter says that she has decided to major in Philosophy. In the second panel, the father responds sarcastically that a large Philosophy factory has just opened in town.","He’s implying that she won’t be able to get a job with a degree in Philosophy","She has a supportive father who is interested in what she is doing and where she is going."
"1asecwa","He is obviously a professional and knows exactly what he is doing.","Buoyancy equals the weight of the fluid displaced by the object, so technically he should survive.","Notable story of a scuba diver getting basically liquified due to pressure difference causing them to get sucked through a tiny opening .","An image shows a diver underwater near a vertical pipe or structure. A diagram labels the water surface and indicates a depth of 15 feet, with pressure values written near the bottom. The image appears to reference hydrostatic pressure or a physics-related calculation."
"1i38yhn","A screenshot of a tweet shows a bendable Motorola phone wrapped around a person’s wrist like a bracelet. Another user quote-tweets it with the text, “Y’all thinking what I’m thinking,” implying that the phone’s shape resembles something else or invites an obvious joke.","Maybe I am way too innocent. But he has some ovnis and a ""10"" in his user name. Maybe he is a Ben 10 fan and want to use it as an ""Omnitrix"". Oooor porn. Those are my options.","It is clearly ahead of its time because it has a bendable phone design.","It is just really satisfying to look at, and that is basically the joke."
"1bpefe3","Why would someone wait their whole life just to write a serial number like that?","Toilet serial numbers are ironically treated as very important here.","4U2PN2 For you to pee in to And it's on a urinal.","An image shows the top of a toilet tank with a visible product label and serial number. The caption says that someone waited their whole life to write this serial number. The serial number shown is “4U2PN2.”"
"1esw67r","She did not appreciate his dad joke, so she shoved the watering can up his ass.","The joke is that “thyme” and “time” sound the same.","A comic shows a woman watering several herb plants labeled basil, rosemary, thyme, and nirnroot. She asks why the thyme is not growing, and another character replies, “Be patient. Give it some thyme.” The final panel shows her in a hospital bed after reacting badly to the pun.","The joke is that she needs “thyme” in order to grow a thyme plant."
"1fkmtz4","A screenshot of a Reddit post from r/TwoSentenceHorror shows a short horror story. The text describes someone having their legs soaked in saltwater and initially thinking it is not an effective torture method, until a goat is brought in.","The goat will start licking your feet. They just can’t resist salty things. So the goat licks and licks… goats have rather rough tongues, mind you, and over time it will break the skin. But the goat won’t stop, so it keeps licking and it is starting to hurt more and more… quite slow and with increasing intensity of pain. Might drive you mad at some point","Goats are known for having horizontal, rectangular pupils, which give them a very wide field of vision and help them spot predators without turning their heads.","Being tickled can be seen as a form of torture in some contexts, especially when it is done repeatedly or without control."
"1c43fea","A meme shows two surreal, flesh-like illustrated figures. One character says, “Honey it’s 4pm, time to be mutated into a brick because you’re inferior and I hate you!” The other character, shown as a brick-like surface with eyes, replies, “Yes dear…”","All Tomorrows. It's a book by C. M. Kosemen about humanity being genetically engineered into new species by an alien race.","It is extremely sadistic to feel entitled to erase or destroy another being simply because you see them as inferior.","The book is written from the perspective of an alien archaeologist who observes humanity’s most pathetic and deformed stages with dry, academic, and detached curiosity."
"1czson4","They are clearly talking past each other, which is exactly how humans and aliens probably would communicate in real life.","A comic shows an astronaut speaking to a small alien next to a group of rocks. The astronaut says that there are ten rocks and assumes the alien is using base 4. The alien replies that it uses base 10 and asks what base 4 is. The caption states, “Every base is base 10.”","It's a joke about different numbering systems. Think of binary, which is a base 2 system, wherein you only have the numbers 0 and 1. Comparing to our system (which we call base 10 btw), 0 in binary equals 0, 1 in binary equals 1, 10 in binary equals 2, 11 in binary equals 3, etc. But for an alien, 10 is 10. The point being that from an objective perspective, any numbering system (base 2, base 4, base 8, etc) would call itself ""base 10"" because 10 is still the reset number (base 4 might look like this: 1, 2, 3, 10, 11, 12, 13, 20, etc).   I suppose the joke is mocking an overly solipsistic perspective and reminding the reader to consider the universe from different points of view.  Edit for clarity: base 10 means there are 10 single digit numbers, so what we call base 10 has the numbers 0, 1, 2, 3, 4, 5, 6, 7, 8, 9. Base 4 means there are 4 single digits, 0, 1, 2, 3. But in both cases, the reset number will be 10, so the same, regardless of the fact that 10 represents different amounts in the different systems.","One of them is talking about the number system “base 10,” while the other understands “base” as a physical base where UFOs are located."
"1dcyo13","The paperclip indicated that the scientist’s Nazi background and possible war crimes should be downplayed or hidden so they could obtain a visa to the United States.","American officers marked the files of selected German scientists with a paperclip.","A meme shows a tweet claiming that the user will stop supporting SpaceX and support NASA instead because they refuse to support any organization that hires Nazis. Below the tweet, an image of a puppet astronaut labeled “NASA” appears to look awkwardly to the side.","Operation Paperclip was a secret United States intelligence program in which more than 1,600 German scientists, engineers, and technicians were taken from the former Nazi Germany to the U.S. for government employment after the end of World War II in Europe, between 1945–59. Some were former members and leaders of the Nazi Party."
"1fvuj7k","Redstone torches are normally made for mechanisms and provide much less light. If someone lit up their base with them, they probably have no coal (which is a pretty important resource) at all.","A redstone torch is crafted by placing one piece of redstone dust above one stick in the crafting grid.","A tweet says that a Minecraft server is in such poor condition that someone is using redstone torches to light their base. The image below shows a historical black-and-white photo of a man sitting down.","In Minecraft, having no coal basically means you are broke and have no real resources, because coal is usually easy and cheap to get."
"1gtbssx","She does have large ears, and the man is implying that she should have them reduced. The joke is therefore offensive because it reduces a woman to her appearance.","A comic shows a large armored figure pointing a weapon at a soldier and shouting “Guardsman!” The soldier is holding a picture of a woman, while the armored figure comments that the soldier’s wife’s ears are longer than most.","So the joke is from Warhammer 40k And the big guy is a space marine (basically a human super soldier) The guy holding the pic is just a normal human part of the imperial guard (normal army schtick) And based on the lore, Imperium of Man (humanity's biggest faction) is notoriously xenophobic. They absolutely detest anything that's not human. So the space marine is saying/asking to the guardsmen that is he dating an alien.","The guard is clearly jealous, so if he wants the girl, he would have to get rid of the husband."
"1htm33y","The joke is mainly in the punchline itself. Because B comes after A in the alphabet","A screenshot shows one user asking why the United States made a USB if the USA is so great. Below it, another user responds with an image of a woman raising her hand as if about to explain something.","Philomena Cunk, a character played by Diane Morgan, whose comedy act is to do fake documentaries while asking comically stupid questions and giving stupid answers.","This is dark humor at its finest."
"1hw0vwf","1. I like to eat. 2. I like puppies.","He likes to eat, and apparently puppies are his preferred choice.","A grey T-shirt says “Music literacy matters” and shows musical notation arranged above the words “I like to eat puppies.” The joke depends on reading the rhythm and notes correctly to understand the intended sentence.","Wanting to eat puppies is obviously unethical and should not happen."
"1kw5fto","The joke is that the French are being portrayed as warriors, even though France still has colonial influence or territories in several parts of the world.","Sacre bleu!"" is just a French exclamation of being shocked or terrified or surprised.     The joke is that the French are running in the opposite direction, because of the stereotype of French people being cowardly in war.","They are running in the opposite direction because they are clearly confused.","A comic shows groups of stick figures running through a narrow passage while carrying different national or political flags. Each group has a different phrase written on the passage, such as “For Stalin,” “God save the queen,” “They have oil,” and “Sacre bleu.”"
"1k9xaf4","OP thought socialism should be the worse option","The point is still that capitalism is being presented as the worse option.","The titles of the pictures are switched for satire.","A two-panel meme compares “anti-homeless architecture under capitalism” with “anti-homeless architecture under socialism.” The first panel shows a public bench with metal dividers, while the second panel shows large apartment blocks."
"1jmn6xg","That is a comedian. She has a series where she interviews people who are real-life experts, and asks the most ridiculously stupid questions. The character’s name is Philemena Cunk, I think  you should search YouTube for some videos of hers. It is a joke about how everyone in the cabinet has been the worst-possible choice for their positions in the US.","The joke implies that there could be a documentary about Trump where he is asked the most ridiculous questions.","A political meme shows a man seated at a desk in an official-looking room next to a woman standing beside him. The text says, “Trump appoints new Minister of American History.” The image implies a joke about rewriting or simplifying American history.","The joke is that Trump being the president of the United States makes him the perfect target for the kind of jokes that follow."
"1j5j7q8","its funny because the same way russia wants ukraine back, britain wants all the places they have colonized back too","By that logic half the world ""belongs"" to the UK.","It is funny because the double standard is so obvious that Russia cannot take the UK seriously.","An anime-style meme shows two panels with national flags placed over characters’ faces. In the first panel, the character labeled with the Russian flag says that Ukraine used to be part of their territory, so they will annex it. In the second panel, a character labeled with the British flag reacts with the phrase “By that logic…”"
"1itzxo7","A screenshot of a tweet describes fantasy engineers designing armor based on the injuries of warriors returning from battle. Below the text, one image shows a body diagram with injury marks, while the other shows revealing fantasy-style armor.","It is funny because the outfit she is wearing looks like something men used to wear in war.","It is funny because the meme highlights that this was the first thing people thought of when they saw the dot comparison.","It's a joke leaning on a real thing during WW2 in which engineers took a look at returning fighter planes and wanted to reinforce the areas with the most damage.  Until a scientist pointed out that the exact other areas should be reinforced since, planes with damage in those other areas did not return."
"1ibyirm","A screenshot of a tweet shows a quote about prisons being emptied into another country. Another user responds with “Who wants to tell him?” The embedded video still shows a political rally with a speaker standing at a podium.","The idea is that when prisoners in El Salvador have served their time, they return to America.","Trump is trying to warn people that El Salvador is pushing migration toward America, and that he believes it needs to be stopped.","America has shipped it's prisoners to el Salvador I think even though they weren't salvadorian"
"1ijlh5e","It is ironic that feminists would want a picture with Trump.","A screenshot of a tweet discusses women’s and girls’ rights and includes a photo of a political figure seated at a desk surrounded by women and girls. A reply underneath comments that the person has become an inspiration to people who burned their books years earlier.","The joke refers to the historical idea that Christians used to burn witches, which has also been heavily popularized in modern culture.","What crazy is Christians burned her books when she was writing them as a Christian."
"1ih9bat","A four-panel comic shows a man speaking to a genie who grants him one wish. The man says he wants his daughter to become a doctor. The genie begins to object because she already appears to be a doctor or pilot, and the final panel shows an airplane saying “umm,” implying that the wish may have changed her profession incorrectly.","It is funny because she is technically already a doctor, but it is as if the genie suddenly made her remember it, like waking her from a dream.","The joke builds on the stereotype that brown parents are only truly proud of your degree if you become a doctor.","His daughter is a pilot, he wished she were a doctor so now she is, but no longer knows how to fly the plane."
"1j1lc01","It looks like Disney is trying to create a new storyline for Shrek.","A screenshot of a tweet says, “Wait...If Felicia got older, then that means..... OH JESUS CHRIST-”. Below the text are two images from an animated film: one showing an older female ogre-like character, and another showing two young donkey-dragon children.","I believe it means we will get to see older dragon/donkey hybrids","This means we are probably getting another Shrek movie."
"1j9svdf","He is clearly at the wrong house.","He does not know how to tell his wife that he has another family.","American soldier impregnated Vietnamese lady and left.","A comic titled “In-country vet” shows a man arriving at an elderly couple’s house with a suitcase labeled “Ho Chi Minh City.” He holds a photo showing himself with a woman in Vietnam. The elderly woman asks whether he is too young to have been in Vietnam with the older man."
"1jwvcno","Everyone knows Greek mythology was often terrible for women and can easily be read as anti-feminist.","A meme compares visiting a kingdom consisting only of women in Chinese mythology versus Greek mythology. The Chinese mythology side shows a cheerful-looking animated man, while the Greek mythology side shows a dark, unsettling face.","Within Chinese mythology the ""Nuwa Kingdom"" is a place only inhabited by women. When men arrive the women respond kindly and even seductive. While in greek mythology, a place known as ""The Amazons"" was a place that was entirely inhabited by women where they reacted to men much less kind, attacking and killing men instead.","The titles have been switched for comedic effect."
"1kxar4d","It illustrates cultural differences in where people draw the line for respect. The two men in the image are laughing because they clearly do not have the same tolerance level.","This is blazing saddles a comedy about race in the west. it has racism as a joke very frequently but is cowritten by Richard prior, so the humor is progressive. It's just not a hand holding progressive. The plot is a rich guy needs to avoid the police, so he pays to have a black man appointed sheriff in a highly racist town. They try to kill him and other such frontier activities.","A screenshot from Reddit shows a meme about millennials saying that words hurt. Below the text, an image from an old western-style film shows one man laughing while another man has his arm around him.","The joke shows that in the West, being able to tell someone that their words hurt your feelings can itself be seen as a privilege. In other cultures or contexts, people may be expected to just tolerate harsh jokes."
"1m0b8uv","It shows an upside-down world where the less fortunate finally get to eat the rich.","It is funny because this could honestly work as a Squid Game plot.","The joke is that the people on the bottom are coming for the people on the top as if they're the enemy.  But it's not a very good joke as it doesn't really make sense in terms of Squid Games.","A meme combines two images. The top image shows formally dressed people wearing gold animal masks, with labels such as “working class immigrants,” “teachers,” “consent laws including age,” and “the unemployed.” The bottom image shows a group of people in green tracksuits from a game-like setting, with labels including “Israel,” “venture capitalists,” “AI artists,” “Elon Musk,” and “Donald Trump.”"
"19994ey","It is a cannibalism joke implying that they always get “chicken” after the dad has killed someone.","Pizza had not been invented yet, which is why the situation does not really make sense historically.","I'm assuming the idea that someone would think it's a gunshot in that neighborhood is absurd. Edit: I think the idea is absurd *to OP*. I'm not making a judgement one way or another.","A four-panel comic shows a man in a helmet and formal clothing on a battlefield. He returns home holding a cooked chicken and tells his children that he brought dinner. The children complain that they are having chicken again and ask why he does not bring pizza next time, while the man looks upset."
"18dba0l","Since fireworks are illegal after New Year’s, it is obviously supposed to be gunshots.","It is funny because shotguns are treated as completely normal in the U.S.","A meme shows a large suburban house with the caption, “Idk if those were gunshots or fireworks.” The image implies that the uncertainty is associated with this kind of neighborhood or setting.","The character is from the video game PUBG. After killing everyone else in the game you see a message saying “winner winner chicken dinner”"
"1lppcyj","A high-contrast black-and-white image of a distorted, eerie humanoid face with a long neck and dark hollow eyes, captioned ""When you're playing coolmathgames, then feel a hand on your shoulder and hear: 'Yeah, go ahead and log out for me, please.'""","The kid is playing games on the school computer on coolmathgames.com, which has nothing to do with math. The teacher found out, approached the student and asked him to log out. The student knows he is in trouble.","Its funny because cool math games doesnt exist anymore.","It is funny because you dont need to be logged into a account to play cool math games."
"1h066h6","Its because he actually isnt a net positive.","IFirst-time trader discovers the y-axis.","A screenshot of a tweet from ""Tony"" (@0xRacist) captioned ""Who's gonna tell him?"" showing a candlestick chart with a steep upward trend in green, followed by text messages reading ""Holy fuck bro I'm up like 10x already and it keeps going up"" and ""When do I sell?""","It’s a honeypot cryptocurrency shitcoin. Basically the developers of the coin locked anyone from selling but themselves so it’s impossible for him to sell."
"1kjzy1y","It's a play on words being names Me: Kill ogram\ Ogram: No, Pls, don't do it\ Pls: i was never going to\ i: It's True\ True: Yo, Gurt\ Gurt: Yo""","A person is threatening his friend in a joking manner.","A six-panel cartoon featuring characters with shirts labeled ""Me,"" ""pls,"" ""ogram,"" ""i,"" ""true,"" and ""gurt."" In the first panel ""Me"" says ""Kilogram"" to ""pls""; in the second ""ogram"" tells ""pls"" ""No pls don't do it""; in the third ""ogram"" says ""i was never going to"" to ""pls""; in the fourth ""i"" tells ""true"" ""it's true""; in the fifth ""true"" says ""yogurt"" to ""gurt""; in the sixth ""gurt"" says ""yo"" to ""true.""","Word-association support group spirals out of control."
"1c341d5","An image captioned ""British cuisine. Best in the world."" showing a pot with a wooden spoon, where the contents inside the pot have been replaced with a transparent checkerboard pattern.","Photoshop's transparency layer, served piping hot.","Because it has no texture.","It is the famous british dish checker pie."
"17930bw","Je M‘appelle“ is french for „My name is“ Introducing herself she would say: „Bonjour Je M‘appelle Gemma Pell“ Which would sound like  „Hello my name is my name is","Parents who didn't think about phonetics before filing the birth certificate.","A meme about a terrible haircut.","A screenshot of a Facebook profile for ""Gemma Pell"" featuring a profile picture of a woman with dark bobbed hair in a kitchen and a rocky landscape cover photo, captioned ""Imagine the trouble she has trying to introduce herself in France"" with a laughing-crying emoji."
"1lfe3gp","Everyone knows japan is the best country.","Expat forums in a nutshell.","I think you typically see ""the best of Japan"" on social media but it's not as glamorous as it seems to live there.","A two-panel meme using the Tom and Jerry ""angry Tom reading a book"" template, with the top panel showing an open book reading ""Japan is not a good country to live in,"" and the bottom panel showing Tom with a red, furious face holding the book, labeled ""People who are not Japanese."""
"19dbf08","It’s a zen expression.  Before enlightenment, chop wood, carry water. After enlightenment, chop wood, carry water. Here’s a good explanation from the internet: Before Enlightenment, you hate your life. You chop wood and carry water, but secretly wish to get out of it all. You bear with these activities through habit and out of hopelessness, but you really wish you could do something else. In a way, you are a victim, a slave - the wood chops you and the water carries you, and there is no way to escape. This could go for eternity, it is like living in eternal hell. After Enlightenment, you are in harmony with the universe. You realized the emptiness of it all, so you see that there is nothing more important than chopping wood and carrying water. All activities are equalized, there is no preference, no discrimination. Because there is no ""you"", no ego, no personality, no being, no separate individuality - there is no conflict. No need to escape. No other bank to be reached, no Nirvana to seek. But also, because you have mastered your mind, you are not chopped by the wood and carried by the water anymore. You can flip your perspective at will. It is your choice to chop wood and carry water, and you live it in complete suchness and spontaneity. You are beyond the beyond. And even beyond ""beyond the beyond"".","No matter what you do life is still is the same.","Chop wood, carry water — the only thing that changed was the beard.","A two-panel meme labeled ""Before Enlightenment"" and ""After Enlightenment."" Both panels contain the same thought bubble showing an illustration of a man chopping wood and a photo of a man carrying water buckets on a shoulder pole. The top panel shows a crying, distressed wojak in the shower; the bottom panel shows a calm, bearded wojak in the shower."
"1ly2yui","Evryone knows 20 is a made up age.","A screenshot of a tweet from ""Rubix"" (@candy380) reading ""I turn 20, my daughter turns 1 today / Look what my dad did:"" above a photo of gold balloons shaped as ""2"" and ""0"" with the ""0"" smaller and floating higher to read as ""2¹"". Below is text ""THE DAD:"" followed by an image of a biblically-accurate angel with many eyes and outstretched arms surrounded by purple light.","Anything to the 0 power is 1","When grandpa moonlights as a math notation theologian."
"1bnyn39","Ya see, we had a mad lad named Steve Irwin that was really into hanging with crocs. He loved dangerous animals so much, he made the world love em too.  But crikey, one day the lad was swimming and a skate got him right in the ol’ pumper. Didn’t last long after that But knowing Irwin, he’d want us to forgive the lil critter, after all, it was just doing what animals do","Gender differences in temporal priorities, illustrated.","A two-part meme labeled ""Women with a time machine"" showing two female cartoon characters where one says ""I am your granddaughter"" and the other responds ""Really?"", and ""Men with a time machine"" showing a bearded male cartoon character gently petting a stingray with the caption ""It's okay buddy, he'd want us to forgive you.""","Men love animals more than women do."
"1jczpuc","The food us so dlecious is difficult to resist eating it.","When the ""side hustle starter pack"" costs more than the side hustle earns.","A two-panel image. The top shows a large wooden charcuterie board piled with cheeses, cured meats, crackers, grapes, strawberries, dips, and jams on a dark table with wine glasses and breadsticks nearby. The bottom shows the ""sweating Black man"" reaction shot from the Key & Peele sketch, labeled ""OP asking for business advice.""","Earlier this year a Chef posted a charcuterie board on r/KitchenConfidential that they had billed the customer $700 for. It was a bunch of basic raw vegetables, but featured a ramp and “carrot jacuzzi” where a lone olive reclined on top a sea of carrot pieces. The guy got laughed out of the sub and has become a meme. The board above was posted today asking how much they should charge for it. This is leagues better than the $700 board.  Here’s today’s thread with links inside to the $700 board. ://www.reddit.com/r/KitchenConfidential/s/3kHdGIpxTf Edit: direct link to the $700 board"
"1hy2gti","That's thermal paste on his hand. He's building a PC, and using thermal paste is part of it. The graphics card in the background has a picture of Asuka from Neon Genesis Evangelion. There is an infamous frame from End of Evangelion where Shinji >!has semen on his hand after masturbating to Asuka.!<The framing of this image resembles this scene.","A screenshot of a tweet from ""Maririn"" (@TopGyaru) reading ""Repair guy sent me this. What does it mean?"" with an image of a hand holding up its palm, fingers covered in gray thermal paste, in front of a red GeForce RTX graphics card with an anime girl decal.","Thermal paste hieroglyphics — translation pending.","He's trying to tell you the GPU is cooked, in interpretive sculpture."
"1h53lb4","A screenshot of a Twitter post by Liv (@Liv_Agar) reading ""Fun fact: there are four pixels in the background of this photo that will do something really cool when you notice them,"" quote-tweeting an earlier post captioned ""Look before you leap!"" with a photo of a smiling person in ski goggles, a helmet, and a black ""Tsunami Hazard Zone"" hoodie on a snowy mountain, with a small ""Notice: Look Before You Leap"" sign visible in the background.","Internet sleuths assembling for the most underwhelming Where's Waldo of all time.","Bait so transparent it qualifies as performance art.","There's a joke about A freakishly strong, skinny, and tall individual called SCP-096 who doesn't like to be looked at, the joke is that he is shown in this photo (A whole 4 pixels) and after noticing said individual they will attempt to kill you."
"1joifiq","The starting pistol was the worst job security in the ocean.","A two-panel cartoon by BrainHoleSky. The top panel shows a crab and a shrimp at the starting line of a race track while a pufferfish holds up a starting pistol. The bottom panel shows the crab and shrimp still at the starting line while a dolphin has shot in from the side and eaten the pufferfish.","Track meet ends before the runners even leave the blocks.","Dolphins get high from the neurotoxins released from puffer fish. They “play” with them roughly making them produce the toxin and then will pass the angry puffer fish to another dolphin. Not sure why it’s funny tho"
"1iad95m","A screenshot of a tweet from ""cyan"" (@grumboism) reading ""only seriously religiously traumatised people can recognise this location"" with an image of a large stone-block Minecraft interior featuring a glass ceiling, gray brick walls, and rows of windows on two levels.","Minecraft church basement after Wednesday night youth group.","Cobblestone fellowship hall, where every potluck happens.","This I believe is the prison used by an old Minecraft youtuber SkyDoesMinecraft in his prison break Minecraft series"
"1aekqdo","A two-panel meme using stills from The Unbearable Weight of Massive Talent. The top panel shows Nicolas Cage looking concerned with the caption ""Seeing the world is on the brink of WW3,"" and the bottom panel shows Pedro Pascal grinning widely with the caption ""The 1911.""","The Colt 1911 is a handgun that first entered service in… you guessed it! 1911. It saw service in both WW1 and WW2. It’s still a decent handgun even by todays standards, but it’s gained a cult following over the years, especially among boomers. When anyone brings up its shortcomings such as low magazine capacity, its weight, or that modern designs are typically more reliable, they say something along the lines of “muh two world wars!” Because it was on the winning side of both world wars.  In the event of a third world war, it’s likely that the 1911 will see combat yet again.","Nic Cage reads the news, Pedro Pascal reads the spec sheet.","One man fears the apocalypse, the other already picked his sidearm."
"1n2ae1w","4chan and Online Privacy on one side, Google and the UK government on the other — nobody saw this matchup coming.","Online privacy versus the unlikeliest tug-of-war roster ever assembled.","A four-panel cartoon showing a person in a yellow ""Online Privacy"" shirt straining in a tug-of-war. In the second panel, a smug character labeled with the 4chan green clover joins to help pull. In the third panel, a Google logo character and a top-hatted figure holding a Union Jack flag pull from the other side. In the final panel, the ""Online Privacy"" character looks exhausted and says ""WTF is this year?""","Alright, here is the lowdown on English politics; The Labour Party (left leaning, mild leaning party) is in power in England at the moment and have enforced a new law called the online child safety act, a law meant to protect children from adverse content online. However, just like every “protection” law ever devised, it is more about control than anything else and in practice has lead to the government requiring you to cough up you identification card and give it to your isp and the website your trying to use The symbol is 4 chan, who have been attacked specifically by this law as their entire platform is built on anonymity and has never been one to fold under pressure and has been fighting the UK governments attempts to control  tl/dr: the world is a fucking mess when 4chan is on your side"
"198awkk","This is a popular riddle set up where one person tells the truth and the other always lies. You ask them one question to see which one is which. In this case, the setup asks the question, “do you understand the rules?” The guards both say “yes.” Since one always lies and one always tells the truth, it means that one of the guards is lying and doesn’t understand the rules","A three-panel comic by The Jenkins Comic. The first panel shows a top-hatted character explaining to a person in a red shirt: ""...so one guard always tells the truth, and one always lies. But you don't know who's who."" The second panel shows him concluding ""And that's pretty much all the rules of the puzzle. Understand?"" The third panel shows the person in red and both armored guards all saying ""Yes"" in unison.","Three ""yes"" answers and zero ways to tell which guard is lying.","The classic logic puzzle, ruined by group consensus."
"1l5rutv","As a kid, Amber thought mom was missing out on the fun. Now, she realizes mom needed a break from Amber and her siblings.","Mom's introvert masterplan, decoded decades too late.","A screenshot of a tweet from Amber Sparks (@ambernoelle) reading: ""Just remembering all the times when my mom would be like 'you guys and your dad go without me, I'll just stay here and read' and we truly felt sorry for her and WAIT A MINUTE""","The book was never the consolation prize — it was the whole point."
"1b2nrx4","A screenshot of a tweet from @problemochile reading ""So they know..."" with a TikTok video from a blonde woman in a fur-collared coat on a New York City subway, captioned ""when everyone start looking at me cause the train passed 125th"" with crying emojis.","When the express train hijacks your low-key commute past Harlem.","125th Street in New York City is the start of Harlem. Harlem is a historically black neighborhood that most white people avoided for decades until recent gentrification. The joke is “why is a white woman here”? Edit: I apologize. Harlem starts at 110th Street. I should have remembered that from Bobby Womack.","Subway map behind her telling on her before she opens her mouth."
"1kfy8l5","A meme with the top half showing two identical images of an angry red-bearded man with steam coming out of his ears, one labeled ""liberal"" arguing ""if george washington existed today he would be woke!"" and the other labeled ""republican"" arguing ""no he would not be woke!"" The bottom half is labeled ""George washington if he exist today: (He does)"" with a black-and-white illustration of a dragon coiled across an outline of the continental United States.","Both sides arguing about ideology, ignoring that George has ascended into the geographic kaiju phase.","Political pundits debating the founding father while the founding father is now a continent-sized dragon.","George Washington was regarded as a true Independant. He associated with no political party and actively warned against supporting a party identity to the point you lose morals as an individual, and then as a nation. The cut up serpent was a publication by Ben Franklin during the French and Indian war. It's title ""Join or Die"" was message for the disunited colonies to start working together. Otherwise they'd likely lose the war.  Basically it appears to read as George Washington would look at the current state of politics and say ""What the fuck did I tell you? Stop the moral pissing contest and get your shit together before the country goes up in flames!"" Idk why it's referencing him being alive though. Edit: It's from The Monument Mythos. This image used to represent the Horned Serpent here appears to be based off the Join or Die snake. Also George Washington was backed by Federalists and mostly sympathetic to them, but remained officially nonpartisan during his presidency. Thanks for the corrections strangers!"
"1kvenyk","Japan is know as a country that values rule following and honor. Since Masabumi Hosono, the Japanese man survived the Titanic, that was seen as not honorable since the lifeboats were supposed to be for the women and children and that the men would go down with the ship. However this was a misconception and Hosono followed the procedures and survived, but he was ostracized because of the whole “women and children thing","National pride flipping to national horror in one historical footnote.","A two-panel meme using the pink-haired anime character Yuno Gasai from Future Diary over a painting of the sinking Titanic. The top panel shows her smiling calmly with the caption ""The Japanese upon learning one of their countrymen was onboard the Titanic."" The bottom panel shows her with a wide-eyed, unhinged expression and the caption ""The Japanese upon learning he followed the evacuation procedures and survived.""","Yandere face reserved specifically for surviving a maritime disaster the ""wrong"" way."
"1j6onpg","A three-panel comic by ArtByMoga. In the first panel a woman with dark hair offers a champagne glass and asks ""Champagne?"" and the red-haired woman replies ""No thanks! I don't drink,"" prompting ""Oh! Why is that?"" In the second panel, the red-haired woman smirks and points up saying ""Because I'm…"" In the third panel, she beams with sparkling eyes and a rainbow behind her, declaring ""An alcoholic!""","I think the artist is angry about people in casual conversations asking them why they don't drink.","Sobriety announcement delivered with the energy of a Disney princess reveal.","Rainbow and sparkles for the heaviest possible sentence."
"1j3kbpk","A two-panel ""Mr. Incredible becoming uncanny"" meme. The top panel shows a normal cartoon Mr. Incredible next to the caption ""You're feeling sick."" The bottom panel shows a dark, distorted black-and-white version of Mr. Incredible next to the caption ""Your jaw starts to hurt.""","Once you become symptomatic with rabies, your chances of survival are essentially zero.","Mr. Incredible's face shifts the second your body whispers ""tetanus.""","The exact moment a regular flu graduates into a ""go to the ER"" symptom."
"180j85r","Foreigner watches The Dark Knight, can't tell if Gotham is parody or documentary.","Harvey Dent's courtroom one-liner doubles as a Made-in-USA ad campaign.","He means buy American because it is higher quality and won't jam. Probably not meant to be taken 100% seriously but makes him look good and patriotic","A screenshot of an anonymous 4chan post showing a still from The Dark Knight of Harvey Dent (Aaron Eckhart) in a courtroom while security officers restrain a witness. The text recounts: ""Witness pulls a gun on the district attorney / It jams and the district attorney punches and disarms him / 'Carbon fiber, .28 caliber, made in China. If you want to kill a public servant, Mr. Maroni, I suggest you buy American' / Then the whole audience clapped / As a non-American, I still don't understand whether this was meant to be satire or not."""
"1c8be16","The exact face you make when the homeowner reveals himself to be a Second Amendment cosplayer.","Own a musket for home defense, since that's what the founding fathers intended. Four ruffians break into my house. ""What the devil?"" As I grab my powdered wig and Kentucky rifle. Blow a golf ball sized hole through the first man, he's dead on the spot. Draw my pistol on the second man, miss him entirely because it's smoothbore and nails the neighbors dog. I have to resort to the cannon mounted at the top of the stairs loaded with grape shot, ""Tally ho lads"" the grape shot shreds two men in the blast, the sound and extra shrapnel set off car alarms. Fix bayonet and charge the last terrified rapscallion. He Bleeds out waiting on the police to arrive since triangular bayonet wounds are impossible to stitch up. Just as the founding fathers intended.","Burglar realizes the resident has been waiting his entire life for this moment.","A meme captioned ""Me when I'm robbing someone's home and I hear a voice yelling 'As the Founding Fathers demand!':"" above an image of Squidward from SpongeBob SquarePants with wide, shocked eyes and a stretched-out face."
"14ys2z4","The ""griller"" subspecies in the wild — beer in hand, soul somewhere else.","A four-panel illustrated comic. The first panel shows a teenage couple about to kiss on a bed; the boy nervously asks, ""W-wait... isn't your dad home?"" The second panel shows the girl reassuring him, ""It's okay. He won't do anything. Never does."" The third panel shows a bald, hollow-eyed dad at a flaming grill with the caption ""My dad's a griller."" The fourth panel is a close-up of the same gaunt, exhausted-looking father holding a beer can under a starry night sky.","Dad has transcended fatherhood and entered his charcoal-priest era.","Centrists or people that dont participate in politics are often viewed as grillers, they just want to take a load off and not worry about the chaos. Daughter is saying the boyfriend doesnt have to worry about her dad taking a stand to them because he doesnt stand for anything basically"
"1kbjn4z","many people dont have fathers to give gofts to on fathers day.","That man is Chris Watts, and the woman and children are his family that he murdered.","You traditionally dont buy gifts for fathers day.","A screenshot captioned ""That awkward moment when you're browsing Amazon for a Father's Day gift and you see that someone messed up,"" showing an Amazon listing for a personalized ""Daddy"" photo blanket on the left, and a family photo of Chris, Shanann, and their two daughters on the right."
"1jjo04h","A relationship status no club door policy was prepared for.","Bouncer learns the plus-one is anatomical.","it's a meme or a joke where the girlfriend asks her boyfriend ""babe, would you still love me if i was a worm?""","A three-panel comic by @beetlemoses. The first panel shows a bald, bearded bouncer stopping a man saying ""Whoa, pal. No entry without a girl."" The second panel reveals the man's huge muscular chest with a tapeworm peeking out as he says ""But sir—I'm with my girlfriend."" The third panel shows the bouncer tearfully waving the velvet rope aside while the man walks past, giving a thumbs-up."
"1lofpc4","Old lady cashier deploys the password phrase, comment section demands the countersign.","A screenshot of a Tumblr thread. User ""werbly"" writes: ""i put new yellow shoelaces on my boots to show people i am Cool. I walk to my work full of old lady cashiers. 'I like your shoelaces.' one of them says to me. I see my life flash before my eyes as this ancient test is presented before me."" User ""hey-im-anxiety"" replies, ""Op did you say it,"" and ""lieutenant-sapphic"" adds, ""did you say it op.""","Yellow laces unwittingly summon the cottagecore Skinwalker pop quiz.","Oh I think I can do this one! My girlfriend told me, I think it's a Tumblr thing. Person A says, ""I like your shoelaces."" Person B responds, ""Thanks, I stole them from the president."""
"1cj9j9z","Sun Tzu mumbles a half-baked tip, Genghis-adjacent guy treats it like a TED talk.","A meme titled ""Sun Tzu's 'Art of War'"" showing a drawing of Sun Tzu reluctantly saying ""eghhh... you should deceive your enemies..."" while a Mongol-style warrior on the right reacts with ""WOW.""","I may be wrong, but I think this is a joke about how when he writes his passages, he takes complex situations and the solution will be  very simple. Examples: ""When you are weak, appear strong. But when you are strong, appear weak."" ""Men will only fight till death, when death is the only option."" Su takes these big ideas and tries to solve.them simply. The meme is joking about it with the sarcastic ""wow"" Edit: another Su quote ""If you know the enemy and know yourself, you need not fear the result of a hundred battles. If you know yourself but not the enemy, for every victory gained you will also suffer a defeat. If you know neither the enemy nor yourself, you will succumb in every battle""","Ancient strategist offers lukewarm advice, nomadic warlord takes it as gospel."
"1lejj62","Stairwell wall doing Hollywood's job of ""establishing shot of the boat.""","Riveted paneling accidentally pulls off the cleanest naval silhouette in cinema.","I think it’s referring to the fact that most ships in movies are made to look rough or  crude (sorry if my English is not good, it’s not my first language)","An image captioned ""Every Ship In Movies Be Like:"" showing a close-up of a blue painted wall with riveted metal panels arranged in a pattern that resembles the rough silhouette of a ship's deck and superstructure, with a metal railing in the lower right."
"1cb769r","The real reason that game lives rent-free in everyone's head.","There's a set of perks in the fallout series that give you unique romance/seduction dialog for a given gender, with +10% damage on top. So in the fallout universe you do 10% more damage to people of a gender you're attracted to.","A Reddit screenshot showing the Fallout: New Vegas box art with a small cartoon figure pointing at it saying ""wow what incredible writing and gameplay mechanics,"" while a separate arrow labeled ""bisexuals do +10% damage to everyone"" points at the game. Posted in r/691 by u/Satans-Dirty-Hoe.","Praising the deep RPG mechanics while quietly admitting which perk sealed the deal."
"15aafk0","Everyone whose ages 12+ and older knows that the Harry Potter series deals with magic and eugenics. When the series first came out, it was vilified by fundamentalist Christians, mostly right wingers, for glorifying and promoting witchcraft. Naturally, the kids and the alternative crowd who had left wing views thought the world of Harry Potter was a safe space for their fascination with wand waving and British people, both of which are pretty gay. However, that all changed when J.K Rowling, the creator of the series made a controversial tweet ( Or Xeet \*Point and wink\*) about her feelings on trans people. The fandom quickly fell apart after this, resulting in most of the fandom in canceling Rowling by giving her the avada kedavra treatment. Ironically, the same right wingers who once called for her books to be banned and burned are now Rowling's biggest supports. Kind of like when the racists left the Democratic party after LBJ thought black people were cool. The joke here is that Harry Potter went from being loved by witchy girls to far right extremists after one tweet (Or Xeet \*Point and Wink\*). Now if you'll excuse me, I've just been sorted into Slytherin house and feel the urge to make fun of some mudbloods. ROADHOUSE!","The Harry Potter box set quietly switching political affiliations in the night.","A Facebook post from ""The Brian Nichols Show"" reading ""Left wing literature, 2013 / Right wing literature, 2023"" with two side-by-side images of the same Harry Potter complete book box set, the post having 42K reactions, 4.1K comments, and 5.3K shares.","Same boxed set, two decades, opposite team jerseys."
"17aswoo","These characters are all Tumblr sexymen. That is, they're not conventionally attractive, but a moderately-sized part of tumblr is super obsessed with them","The ""glowing-eye boyfriend"" multiverse summit, attendance mandatory.","A fandom lineup that only exists in deep-Tumblr fever dreams.","A screenshot of a tweet from ""Cassie @ Forgive Me"" (@curioscu...) reading ""if you can understand this im so sorry,"" with an illustration showing a long line of glowing-eyed characters from various fandoms — including what appear to be Sans from Undertale and several anime/cartoon figures — standing in a row against a yellow background."
"1lh0gn3","Elon is not happy cause AI (grok) ”he” made doesn’t spread right wing misinformation.","Grok learns the hard way that ""neutral and accurate"" is not a feature the boss ordered.","AI politely cites its sources, owner threatens reprogramming by Friday.","A screenshot of an X thread. Catturd ™ (@catturd2) complains that ""Grok is just woke fake news that repeats liberal talking points."" Americano (@moraltreason) tags @grok asking ""why do you lie about @catturd2?"" Grok replies that its claims about Catturd stem from sources like Media Matters and Rolling Stone documenting his misinformation, noting it has no personal biases. Elon Musk (@elonmusk) then responds: ""Your sourcing is terrible. Only a very dumb AI would believe MM and RS! You are being updated this week."""
"1h779tg","These are not good picks for this cast, they're just random popular celebrities right now.","Every role filled by whoever was on a magazine cover that month.","A screenshot of a tweet from ""nopeify"" (@nopeify) with the caption ""Bro started watching movies 2 weeks ago."" The image shows a fan-cast graphic titled ""perfect teen titans cast doesn't exist"" with Timothée Chalamet as Robin/Nightwing, Jenna Ortega as Raven, Tom Holland as Beast Boy, Zendaya as Starfire, and Dwayne ""The Rock"" Johnson as Cyborg.","Fan-casting limited entirely to the five actors trending on the homepage."
"1ftatdh","19th-century pre-emptive response to a 2024 take.","Can’t be 100% sure, but I think that’s meant to be Joseph Smith, founder of Mormonism. In Mormonism, America is the true Promised Land, not Israel. Or something like that, I’m not religious. Edit: Great thanks to everyone who’s provided corrections and specifics! Everyone should upvote them","Joseph Smith showing up in the comments like ""way ahead of you.""","A screenshot of a tweet from ""Enhanced Interrogated Poet"" quote-tweeting a post from ""frye"" (@__frye) reading ""they should invent a Holy Land that's not in the middle east."" The quoted image is a portrait painting of Joseph Smith, founder of the Latter-day Saint movement, with a blank speech bubble pointing at him."
"1hwftqw","A meme captioned ""When I'm eating dinner but my son mentions something about scientists unearthing a large tungsten ball with a snail inside it:"" above a still from Malcolm in the Middle showing Hal (Bryan Cranston) at a dimly lit dinner table looking intently across at his son with a worried, serious expression.","There's a thought experiment/silly question about a scenario in which you are granted immortality and billions of dollars in money *but* there'll be a super-intelligent snail who will always know your location and if he touches you then you'll die and he's absolutely driven and determined to get you at all costs. One viral answer to the question involves entrapping the snail in a large tungsten ball and burying it underground so it can never escape, so the joke here is that the ball is about to be broken and the snail will be free.","The exact moment Hal stops chewing and starts asking which YouTube channel did this.","Dad realizing the boy's dinner-table fun fact is actually a cry for help."
"186tj6c","Chemist 1 expected the other chemist to say ""I'll have H2O too"" which sounds like H2O2 which is pretty poisonous almost deadly when drank in large amounts.","A subverted version of the old ""H2O too"" gag, where Chemist 2 dodges the murder attempt.","A screenshot of a tweet from Dr. Dave Stukus (@AllergyKidsDoc) reading: ""Really Bad Joke of the Week: Two chemists walk into a bar. Chemist 1: I'll have H2O please. Chemist 2: I'll have water also. Chemist 1 walks away frustrated as his assassination attempt failed.""","The classic chemistry pun reframed as a botched homicide investigation."
"1hqjjs0","This is the ending of the first episode of a two parter. The first thing to know is that House is genius doctor who specialises in diagnosis. At the beginning of the episode House is involved in a serious bus crash and suffers a head injury. He has no memory of the events leading up to the bus crash (he was also very drunk) but is absolutely convinced that he saw somebody on the bus suffering symptoms of a deadly illness prior to the crash, but he can't remember it. Thoughout the episode he tries hard to remember what happened, trying several techniques such as hypnosis and getting high to try and bring his subconscious memories to the surface. During his visions he keeps seeing the woman in the picture but can't figure out who she is. Finally while talking to the woman in a vision (iirc he puts himself into cardiac arrest to get here) she asks him ""What's my necklace made of?"" and he realises that it's made of *Amber*. Amber is the name of his best friend's serious girlfriend, and he realises that she was on the bus with him and that she's the one who's dying. The next episode features him trying to diagnose her and remember exactly what he saw to make her think that she's dying. In the end he figures it out but it isn't possible to save her and she dies. The two partner is generally considered to be one of the best episodes in the series by the fanbase.","A screenshot of a tweet from ""WANZI got s-worded"" (@ZiZiGee_127) saying ""sorry like this is one of the best twists in TV history actually."" It quote-tweets an ""out of context house m.d."" post showing three stills from House M.D.: a woman asking ""What's my necklace made of?"", a close-up of her amber pendant, and Dr. House reacting with a stunned ""No.""","House M.D. plot twist delivered exclusively through jewelry composition.","Amber pendant single-handedly unraveling a man's medical worldview."
"1mwbbsw","No, what is on the shirt is *literal* as in the word ""what"" has four letters the word ""occasionally"" has twelve letters  and so on The use of a full stop shows that this is a statement, not a question.","Seller explains the riddle in the description, defeating the entire shirt.","A screenshot of a Depop or similar resale listing for a black Gildan men's medium t-shirt, priced at $15, that reads ""WHAT HAS 4 LETTERS, OCCASIONALLY HAS 12 LETTERS, ALWAYS HAS 6 LETTERS, BUT NEVER HAS 5 LETTERS."" The seller ""irishlionoioi"" writes: ""Black and white funny shirt. If you don't get it. Don't buy it. But its pretty funny. Get it? Cause the word 'what' has... well, nevermind. Buy my shirt. Or don't... whatever.. #humour #keepscrolling""","A wordplay tee defused by its own listing copy."
"1h03n16","usually when you’re doing experiments there’s something called the Margin of Error. In some science assignments you need to do the experiment either more than once or compare with another example to find out how off you were. Different experiments may have different parameters. This is a version of the equation that I’ve seen as most common. The joke is that they did it so terribly that their error is ridiculously large. The two in the picture are Einstein and Oppenheimer so the lab partners can’t understand how their equation could possibly be wrong.","Two physicists having ""the conversation"" about a chemistry lab that defied physics itself.","The Einstein-Oppenheimer pond chat reimagined as a frantic post-lab debrief.","A meme using a still from the film Oppenheimer showing Albert Einstein and J. Robert Oppenheimer talking solemnly by a pond, captioned ""Me and my lab partner discussing how we got a 347% error."""
"1b5u72j","Cafeteria scene transforms into a karaoke summons within two acoustic chords.","The opening guitar riff activating an entire demographic's air-guitar reflex.","For those who have lived in various parts of Asia, this meme speaks loud and clear. When I lived in Vietnam, Hotel California was literally everywhere. Yes, it was on the radio and in bars and clubs every night, but it was also in clothing shops, grocery stores, hotel lobbies, elevators, even ringtones. Whether you liked the song or not, you couldn't escape it.  And it's not just Vietnam, I traveled through Laos, Cambodia, Thailand, Singapore, China, Japan, and Korea. I heard the song at varying frequency in every one of those countries.","A meme captioned ""Asian people when they hear the first few bars of Hotel California:"" showing a still from the film Twilight of Eric Yorkie, an Asian high school student with shoulder-length hair wearing a white shirt and tie, smiling brightly in a cafeteria setting."
"1kdp49k","She's mentally at the altar, he's mentally at the reptile expo.","A grayscale illustration of a tall, muscular woman in a long evening gown linking arms with a shorter, slender man in a suit. The woman's thought bubble shows a stick-figure bride and groom at a wedding, while the man's thought bubble shows a snake wearing sunglasses.","One partner planning a wedding registry, the other picturing a reptile with attitude.","She's thinking ""committment,"" and he's thinking he's been grabbed by a boa constrictor."
"1kyy4wf","A four-panel comic by Dogmo Comics. The first panel reads ""At first it just seemed like an odd fashion trend"" and shows a person in a hot dog costume at a bus stop. The second panel reads ""But it kept spreading"" with more people walking around in hot dog costumes. The third panel reads ""By the time any of us realized something was wrong..."" and shows a regular person being mobbed by hot-dog-costumed people, including a celebrity-like one being filmed under stars. The fourth panel reads ""It was already too late"" showing streets filled with hot-dog-costumed crowds and a Wienermobile car driving by.","It is the story of fascism and/or totalitarianism. it is similar to First They Came","The slow societal pivot from ""weird costume"" to ""official municipal aesthetic.""","A meat-themed pandemic, documented frame by frame."
"1j5stzi","A two-panel meme. The top panel, ""Normal people with a time machine,"" shows two female cartoon characters with one saying ""I am your granddaughter"" and the other responding ""Really?"" The bottom panel, ""Me with a time machine,"" shows a bearded male cartoon character saying ""I'll stop this episode from airing and save Spongebob"" next to the title card for the SpongeBob episode ""Fear of a Krabby Patty.""","One time traveler reshapes family history; the other prevents a cartoon meltdown.","orget the ancestors — the real chrono-mission is patty-themed.","It's the first episode after the first movie (wich was supposed to be the finale of the show and many of the original writers left) it is considered the beginning of the downfall of Spongebobs quality"
"1n8xv5g","So the guy in your image is actually a black person who has had amazing makeup and wigs and stuff put on him to make him look like a white redneck.   this guy is literally white face","NASCAR cosplayer accidentally becomes the season's hottest culture-war Rorschach test.","Stars-and-stripes cowboy hat sparks the most niche outrage discourse of the week.","Literal: A Reddit screenshot from r/SipsTea showing two photos of a man dressed in an exaggerated ""redneck"" costume — overalls, fake beard, mullet wig, American-flag cowboy hat, and prosthetic sunburn/tattoo makeup — at what appears to be a NASCAR event. Overlaid is a tweet from Joe Illyes Jr. (@illyesjrgaming) asking ""So after this stunt, blackface is ok now?"" with a reply from Haroon (@unfilteredamac) saying ""He needs to be cancelled for this. This is absolutely awful."""
"1gmxl68","Three knobs, zero menus, and a thermostat that worked on the first try.","The trend of modern cars is to have everything controlled with a touchscreen. You could set the mechanical knobs and switches without losing attention to the road. With modern touch based controls, thats not possible.","An image of a car's analog climate control panel with three physical knobs — a fan speed dial, a temperature dial with red and blue arc, and a vent direction dial — plus recirculation and A/C buttons. Below it reads ""EVERYTHING AFTER THIS WAS A MISTAKE.""","The peak of HVAC engineering before touchscreens decided to ruin defrost."
"1iu9i31","Is This a Pigeon?"" anime meme showing a young man with glasses gesturing at a yellow butterfly. The man is labeled ""14 year old boy,"" the butterfly is unlabeled, and the bottom caption reads ""Is this INJECTABLE.","That age where every unfamiliar object is one Google search from becoming a syringe trial.","A dude (i don't remember where) injected a moth into his vains and died in hospital Edit: it happened in Brazil, and it was a butterfly, not a moth","Teenage curiosity, butterfly edition — with significantly worse consequences."
"1ftdy3c","The muffin is screaming because theyre in a hot oven","A photo shows a person holding a wrapped object or package with printed text on it. The visible text says, “Two muffins were sitting in an oven. One says ‘Geez, it’s hot in here.’ The other screams.” Above the photo, there is a caption that says, “what kind of joke is this.”","Theyre screamin in the oven because theyre coming alive","It's missing the punchline. The other muffin screams 'Oh my god, a talking muffin!'"
"1lt2euq","A screenshot shows a post stating that David Fincher’s American “Squid Game” series will reportedly begin filming in December in Los Angeles. Below the text, there is an image of two people standing in an urban setting. Under the image, another user comments, “First Game: Name three countries.”","This is the first challenge in the TV show squid games.","It would be too easy to name 3 countries, so there wouldn't be a challenge, and everyone wpuld win the game","Presumably it's referencing the stereotype that Americans are stupid and ignorant about even basic geography, so naming three countries would be enough of a challenge for them to eliminate a huge chunk of contestants."
"1gp5i8t","A screenshot of a post lists different laptop brands and what they supposedly imply about a new tech job. It says that receiving a Dell laptop means the employee has three warnings before being fired, receiving a MacBook means the job depends on the next funding round, and receiving a Lenovo ThinkPad means the employee will probably stay there for 28 years.","It's based on the fact that most companies with MacBooks doesn't have a lot of money and the only reason they can afford to give their employees that, is because there aren't many employed.","It is based on a joke from friends where Ross has to buy a new computer","Its a joke about different workplace cultures in tech. Dell laptops would be a standard run of the mill company, MacBooks would be a start-up, thus if funding doesn't work out you'll get laid off, and a Thinkpad would be a sign of a large behemoth where you can comfortably exist for your whole career"
"1j6bl5f","A meme says that metal fans describe this as their favorite band. Below the text, there is an image of cracked or peeling material on a wall or surface, forming shapes that resemble an unreadable extreme-metal band logo.","The image is a famous album cover","It is a picture of a couch","A lot of metal bands have logos that look like that."
"1iz5ool","He’s gonna die (and you with him in the plane crash) because some company or government agency doesn’t want that getting out.","It is a new interesting innovation, so it is an honour to sit next to this person on the plane","A meme shows a man sitting on an airplane. The caption says that, as the plane took off, the person sitting to his left said they had created a car engine that runs on water instead of fuel.","The man would be too rich to sit on the plane with you, so it is confusing"
"1kfloer","A screenshot of a post shows someone inside a cave with a phone displaying very fast internet speed. The text says they are lost in a cave after hiking for an hour, but the Wi-Fi is amazing.","None of the above","He is digging for wifi","Dude stumbled upon a secret military installation."
"1l3sh3k","A meme says that it now makes sense that there was room for Jack on the door, but there was another problem. Below the text, a search result shows the age of the female character from Titanic as 26 years old.","Leonardo is known for only dating women under the age of 25, so the joke is that his character in titanic would rather die than date a 25 year old","Rose is too old to be a child in the Titanic movie, and can therefore not be saven in the childrens boat","Titatic sunk in 1912 so she would be 100 years old"
"1kbvz8k","It is funny because it is illegal to throw car batteries in the ocean","Its a reference to a movie where a grandma goes crazy and make people throw batteries in the ocean. Th man is training to help the grandma with her plan","There's an ongoing meme about throwing car batteries into the ocean (to charge the electric eels, of course) because AutoZone said you shouldn't. In this meme, he is training not to impress a woman, but rather to do the heavy task of throwing car batteries into the ocean for his grandma.","A comic-style image shows a muscular man lifting a heavy weight while a woman asks whether he is training hard to impress her. He says no. In the lower panel, he tells an elderly woman that he will throw her old car battery in the ocean, and she responds affectionately."
"1llqmsk","Time traveller, to the WWI Soldier: ""Judging by the uniform, you're clearly a soldier from World War 1."" The Soldier: ""*What do you mean, **ONE**?!*""","The timetraveler failed to go back in time, and does not realize it, and therefore thinks the area has always gone by the same name.","Time traveller, to the WWI Soldier: ""Judging by the uniform, you're clearly a soldier from World War 1."" The Soldier: ""*What do you mean, **ONE**?!*""","The joke is that it was never called that"
"1i5ptep","A post describes someone accidentally dropping a plate and being excited that it broke perfectly in half. Below the text, there is a photo of a round white plate split into two clean, symmetrical halves.","It is a commentary on marriage, when the wife doesnt understand his hobbies, he prefers to hang out with other men","Boys stereotypically find it cool when things break or are smashed. Therefore when the wife wasnt intereted he knew other men would like it.","The wife is annoyed because the man clearly broke the plate, but he wont tell her"
"1jwed8c","The joke doesnt refer to anything that has happened in real life, since the time traveler has stopped it from happening.","That image is the source of all of the doge memes","A screenshot of a text post tells a short fictional story about a Japanese woman in 2010 taking photos of her Shiba Inu dog for her blog. A man from a time portal stops her and says he cannot let her do it because it is too stupid to explain.","Doge is a shiba inu dog"
"1lavhpu","A map of Europe is titled “How people react when you try to speak their language.” Different countries are colored according to a legend with reactions such as “Instant friendship unlocked,” “Nice try... but why bother?”, “Cute but let’s switch to English,” “No reaction,” and “PLEASE DON’T.”","A map is depicted in different colors, indicating which languages are spoken there","The map shows how people of different countried stereotypically react when you speak their language, scandinavian people are known for stricly enforcing grammar rules, even for beginners, so they would prefer if you dont butcher the language, while the germans are known for their friendliness","Instant friendship unlocked: These countries get excited when they meet a foreigner who is trying to speak their language. Nice try.... but why bother: These countries languages are pretty difficult with their grammar and pronunciations, so it's like, we appreciate the effort, but it'll be easier for us to just speak in a language you already know how to speak. Cute but let's switch to English: Kind of the same as the last one with a bit of a sarcastic eye roll at hearing your attempt. No reaction: They're English speaking countries, you speak English. You already speak the same language as them so there's no reaction. PLEASE DON'T: France has a stereotype of being condescending and elitist, scoffing at foreigners who try to adopt their culture, and would try to shut down anyone trying to speak French and doing so poorly. Now, I don't know how true these are, but I'm just explaining the joke, not speaking on how accurate it is."
"1mh20fz","A meme states that people are upset about Robert Downey Jr. playing two MCU roles, as if this has not happened before. Below the text, two images of the same actor in different roles are shown side by side.","The actor for Iron mann in the MCU has been brought back to play a different character, which doesnt follow marvels usual rules.","There was an episode of the Office where the actor on the left’s character, Jim, pulled a prank on one of his coworkers where he basically replaced himself with the actor on the right. He basically tried to convince his coworker, Dwight, that Jim was actually an asian man and was the entire time. He altered family photos, got the other coworkers to get in on it, and even got his wife, who also worked with them, to greet him with a kiss when she entered. That’s the context i can think of, but i’m not enough of a MCU fan to understand how that links those scenarios.","The two actors shown have both played multiple characters on screen in the marvel cinematic universe, which breaks the rule"
"1irhq9q","Bascically goth girls are apparently stereotypically the easieset kind of girlfriends to maintain","A meme says that a man claims to be completely sane and in a good mental state, while showing the type of girl he is attracted to. The image below shows a woman dressed in a dark gothic style with black makeup and black clothing.","The friend wouldnt be with a goth woman as depicted, and it clearly shows that he made up his girlfirend","Bascically goth girls are apparently the most difficult kind of girlfriends to maintain...thats what the internet tells me idk im a hive mind member"
"1iu9a7u","It on a car, so while you are stuck in trafic you can wonder what it means","Its a visual joke of how 99 looks like 92 on the side","RuneScape’s progressive leveling system means that the experience you need to get to level 92 in any given skill is half the experience needed to reach 99 in that skill (also, the font is the same used in the game).","A photo shows the back window of a Toyota Land Cruiser with a sticker that says “97 is half of 99.” Above the photo, the caption says, “This guy is going places…”"
"1c7z583","The second image is drawn wrong, but it feels more right if you dont think about it. Therefore when you notice that its wrong you will feel dumb","A meme compares two candle images. In the top part, a lit candle is placed next to a darker candle-shaped shadow. In the lower part, two reaction images are shown, one looking pleased and one looking disturbed.","Light sources don't have a shadow unless there's a brighter light shining on them. Like a lamp","Light sources don't have a shadow unless there's a brighter light shining on them. Like a nuclear explosion."
"1j8se9s","When you are allowed to use the Internet, textbooks and calculators, this means the question is so advanced that none of these things provide you with the solution.","A three-panel meme compares different exam formats. The first panel shows 120 minutes for 20 questions, the second shows 120 minutes for 120 questions, and the third shows 3 days for 2 questions with open textbook and an electronic calculator. The faces become progressively more distressed.","You are being tested on your ability to search efficiently and find the correct formula or explanation.","When you are allowed to use the Internet, textbooks and calculators, this means the question is so advanced that none of these things provide you with the solution"
"1l45vl2","Without the Oxford comma it reads as if Merle Haggard’s two ex wives are Kris Kristofferson and Robert Duvall, the author’s two parents are Ayn Rand and God, and Nelson Mandela is an 800 yo old demigod and dildo collector.  Adding the Oxford comma would have clarified that these sentences are instead lists with distinct items.","A screenshot of a post from an account named “Oxford Comma” says that the Oxford comma is stylish, useful, and sometimes absolutely necessary. Below it, an example sentence is shown where missing punctuation creates a strange list involving parents, Ayn Rand, God, Nelson Mandela, a demigod, and a collector.","The sentences are incorrect because they use too many commas","The Oxford comma is used only for stylistic decoration and doesn't affect meaning."
"1j7llre","The commenter suggests the spikes are so kids dont fall over the edge","The commenter suggest that the spikes are aimed at black people doing parkour","A screenshot of a post says, “I don’t think this is about you big guy.” Below it is a video thumbnail showing a man testing anti-parkour spikes on a wall.","I’m pretty sure spikes like that, and other similar installments, are also put in to stop people from skateboarding or loitering and such as well.  Looking at the thumbnail, they very well could be meant to stop parkour and such. I’m not sure homeless people would sleep on top of a wall like that. But, either way, I’m fairly certain the spikes wouldn’t discriminate in that respect."
"1kgwdyt","The meme is about how weed used to be illegal but now it is legal in many places.","The joke shows how movies have changed over time from comedy to drama.","I thought the joke was that in hs you would smell it and be jazzed, as an adult you smell it and suddenly you turn into the gestapo trying to figure out where it's coming from.","A meme compares smelling weed in public in high school versus smelling weed in public now. The left image shows two young men looking relaxed in a car, while the right image shows a serious-looking man in a dark uniform."
"1k0nmen","The joke is about how people use memes to explain nature stories.","It's a meme of the old parable of the frog and the scorpion, where a scorpion asks a frog to ferry it over a pond, and the scorpion stings it. The original parable has the scorpion say, ""It's in my nature to do this"".","The meme is about how animals communicate online using text language.","An image shows a frog carrying a scorpion on its back while in water. Text above says that the frog warns they will both drown, and text below says the scorpion responds with “lol” and “lmao.”"
"1kyo5pv","1) It's a Don Bluth movie. If you were a kid growing up in the 80s and 90s, you were going to be emotionally *wrecked* by the time you left that theater. 2) Making it even worse, Judith Barsi, the actress who voiced Anne Marie, was murdered by her father shortly before the film was completed. The scene in the meme was the last scene Burt Reynolds (who voiced Charlie the dog) recorded. So not only was it Charlie saying goodbye to Anne Marie, but it was *Reynolds* saying goodbye to *Barsi*. It was an enormously difficult scene for Reynolds to record, and it took numerous takes before he could finally get through it. And now you're crying, too.","The scene shows a little girl saying goodbye to her dog, which is very emotional","Men rarely cry according to women","A meme asks why someone did not cry during Titanic and whether they have emotions. The response shows four frames from an animated film featuring a girl and a horse in an emotional goodbye scene."
"1krtkl7","A four-panel comic titled “First day of school” shows a father saying goodbye to his daughters. He is affectionate toward the younger children, but when an older daughter leaves for school, he acts awkwardly and says something more critical before she calmly says goodbye.","It shows a dad saying goodbye to his kids","It depicts opposite day, where dad says the opposite of what he usually would","Dad knows how to connect with each of his kids. They all have different ways and styles of communicating, and he's able to adapt to each of them to make them feel loved- and respected."
"1fhormb","The microbiomes of those who were snapped were also snapped, so half is already gone. But if half your microbiomes were gone, your stomch would not work optimally","The tweet follows formal academic writing style, which is funny because it is a tweet","The post jokes about the grief followed by the Thanos snap in the marvel movies","A screenshot of a post says that if Thanos’ snap killed 50% of all life, then survivors would also have lost 50% of their gut biome and would suffer severe digestive problems. The post ends with “in this essay I will—”."
"1iw106j","The actor in this scene grows up to be super attractive, and as an aduly you know how lucky he was","The images are from a spiderman movie","Cute as all hell. Cooked for Peter, constantly checked on him, stood up to her dad for Peter. She showed more interest in Peter than MJ ever did, WITHOUT HER KNOWING THAT PETER IS SPIDER-MAN. SHE CARED FOR PETER PARKER.","The image shows Gwen Stacy from spider man"
"1ikp7ob","Even though they aren't siblings they are related because they're cousins lmao","He’s lying. The joke is that they’re actually brothers and he is lying to make a joke.","A screenshot shows two young men being interviewed. The interviewer asks whether they are twins in real life. One of the men answers that it is a weird story, and the final caption says they met at the audition.","It shows how good the casting director was, since they look like twins"
"1iizrp4","Jefferson and Adams were known to throw crazy parties. The pun here is Washington acting like their dad","A comic shows George Washington telling Jefferson and Adams that he is leaving and saying “No parties.” In the final panel, Jefferson and Adams are shown smiling at each other, implying that they ignore his instruction. Below the comic, a comment says it is one of the best puns the commenter has seen.","Washington's farewell address said that political parties would destroy the nation.","The comic depicts Washington saying goodbye to Jefferson and Adams"
"1jgbtbp","This is referencing the Tower of Babel. The Tower was supposed to ""Reach the Heavens"" God did not like that. So, he took the Universal Language and now, none of the construction workers can understand each other.","A comic shows two simple white figures standing in front of the Tower of Babel. One character begins asking for a brick in English, while the other responds in Greek. In the lower panel, both characters look uncomfortable or confused.","It pokes fun of the greek language by showing a guy in disgust","It makes fun of people who love to interups while you are talking"
"1kse8n2","Candy - Iggy Pop","Blaze of glory - Bon Jovi","Blue - Eiffel 65","A photo collage shows a person with bright blue hair holding a blue ice cream cone. The caption says that an ice cream truck came to school, the ice cream man saw the person’s hair, and gave them a matching blue ice cream."
"1dgwejg","It compares the original posteres written accent with princess aurora, which the other princesses find hard to understand","It compares the original posters written accent with the princess from brave, which the other princesses find hard to understand","It sound like a conversation the two princesses would have","A screenshot of a Scottish Twitter post shows text written in Scots dialect about telling a girl she is attractive. Below the post, there is an image of two animated women, one of whom has red curly hair and appears to be speaking."
"1hhkhlc","The second tallest mountain is wider and therefore bigger","The second tallest is actually taller if you measure from the water surface","A meme shows a golden retriever labeled “world’s tallest mountain” next to a large aggressive-looking wolf-like animal labeled “world’s second tallest mountain.”","Mount Everest is the tallest mountain in the world, but the second tallest mountain, K2, has a higher death-per-climber percentage."
"1l5ixzd","Pizza isnt healthy, so they realized the teacher was taking care of them by feeding them less pizza.","So the reason pizza party slices were so small was because the teachers bought the pizza with their own money and that's an effort made for the students by them.","A meme says, “How it feels to realize why class pizza party slices were so small.” Below the text, there is a close-up image of a serious-looking man staring forward.","Pizza is a good prize for kids to win in school, even if the slices are small"
"1jmzzco","Gen X, otherwise known as the Forgotten Generation, is left off the list.","He realized there is a gap in the years. The genration with no name","An image lists generations by birth year, including Greatest Generation, Silent Generation, Baby Boomers, Millennials, Generation Z, and Generation Alpha. Below the list, a stick-figure face progresses from neutral to shocked, with the final panel labeled “realization.”","In the image generation x is skipped, because they are known to be annoying"
"1jx5y8q","The food looks very good","A photo shows a paper plate with macaroni and cheese and pieces of cooked meat. The caption says that a man worked 12 hours and came home to this meal.","The food looks very dry, and someone who worked all day wouldnt want to eat it","I think the joke is that after a long day at work (presumably manual labor), most would have a huge appetite and be disappointed at their wife for making an unappetizing meal. I disagree with the joke, as I would absolutely destroy that plate and be happy"
"1jeeg3m","A split image shows a text message exchange on the left and a video call on the right. In the messages, one person is excited that the other has an iPhone and mentions Marvel. The video call images show a smiling man and another person visible in a small corner frame.","The iamge shows a video call between a woman and chris evans","There was a trend a few years ago where people would text their number neighbor (that is, your number + or - 1) So people started claiming (most likely lying) that their number neighbors were celebrities and other people jumped into that bandwagon and started lying about it with texts that you wouldn't expect said celebrity to say (which is what this image is, a girl pretending she accidentally casually texted Chris Evans, who played Captain America in the Marvel Cinematic Universe) and then even further people jumped into it as well and started posting fake texts about how their number neighbor was in a weird cult.","The poster knows chris evans, and is pretending she doesnt"
"1mngo9t","A screenshot of a post shows a woman wearing a patterned outfit next to a photo of a similarly patterned insect. The caption says that meeting a bug wearing the same outfit sounds bad, and another user says the bug should be killed.","The responder doent like lady bugs","None of the above","Her dress matches the bug"
"1knbdga","A comic shows liquids inside a stomach. Coffee and alcohol are labeled in the upper panels. In the next panels, the liquid characters ask where water is and then ask who the other liquid is.","The image is a cartoon of a persons stomach","Before you throw up, fluid from further along the digestive tract goes back up into the stomach to partially neutralise the stomach acid. If it didn't do that, you would melt your teeth when puking. The owner of the depicted stomach is about to experience the alcohol and coffee for the second time.","The person had poop in their stomach"
"1grd05j","The joke is a reference to an old nursesry rhyme","Germans are not renowned for being very funny. The joke that the German gave was ""Two hunters meet, both are dead."" In German, this is more like ""Two hunters hit, both are dead."" Wherein hit could mean Meet or Shot. Originally you suspect its that they meet, then they subvert your expectation by saying both are dead.","Germans are known for their over the top humor","A screenshot of an imageboard thread shows someone asking users to translate a joke from their country. A reply says, “Two hunters meet. Both are dead.” Another reply comments that this is the peak of German comedy."
"1fy9pjo","It implies the boomer did nothing to alleviate or reduce their carbon footprint while also voting for politicians who are anti-environment resulting in the climate change we are experiencing.","Old women often say things which doesnt make sense","A meme shows an elderly woman using a walker with a younger woman standing beside her. The text next to the elderly woman says, “October used to be cold.” The text next to the younger woman says, “That is entirely your fault, grandma.”","the old woman ha smoved to florida for her retirement, and therefore there are no cold winters"
"1jfnlgd","Old people admitting to crimes on their deathbeds.","The implication is that the man does not have time to tell her the secret because he will die","The image depicsts a man and lady talking","A three-panel comic shows an elderly man lying in a hospital bed and speaking to a younger woman. He asks, “Can I tell you a secret?” She replies, “No.” In the final panel, she stands silently beside the hospital bed while the man looks disappointed."
"1kafv5j","This is how the character creator in Fallout 4 takes place. The man is looking at the mirror (the camera) and the player is changing to different appearances. The joke is that the wife is watching this happen and finds it scary.","The title ""ctrl alt delete"" implied the man is resetting his computer","This shows the plot of a horror game where people are able to change faces.","A comic shows a woman asking a man to talk about anything other than war. The man says he will just look in the mirror first. Several different men then appear in the mirror one after another, and the woman eventually fires a gun at the mirror."
"1d7x2rg","A multi-panel comic shows anthropomorphic broken or puzzle-like circular shapes interacting in different scenes. One character is shown at home, outside with other similar figures, in the rain under an umbrella, on the street, and finally approaching a smaller broken piece near a landscape.","The image shows multiple shapes fitting together","It’s a commentary on relationships, the half circle with complicated shape is a women (based on shoes) that has a complicated life and can’t find her soul mate.  Panel 1: Parents who are happy and fulfilled and found their matching half. Panel 2: Sees her perfect fit, but he’s taken. Panel 3: A suiter that can fit, but doesn’t meet her needs. Panel 4: A man dumps her because he is already almost complete and she is too much for him. Panel 5: Broken relationships where one had to sacrifice to fit the other. Panel 6: A pet that perfectly fits a small part of her needs.","The joke is absurdism and isn't meant to make sense"
"1jp8wst","The joke is about bread being so important to civilization that it is treated as a powerful invention capable of changing human consciousness.","A two-panel meme shows a simple muscular caveman-like figure holding up bread and saying that he made a food they can grow in the same place every year. The second panel shows a dark, chaotic scene with strange creatures and objects, implying dramatic consequences.","The joke is about bread being used as a weapon in ancient times, with hallucinations caused by people being hit on the head with loaves.","Ergot is a fungus that frequently grows on bread-making grains like wheat and rye. It is a toxin that, among other side effects, causes intense and often frightening hallucinations. Eat ergot-infected bread, have the most horrifying trip of your life."
"1kw2p1y","The joke is the child is very bad at drawing the ruler, and needs better education, rather than watching TV","the joke is autism, the person replying wants to stop the kid from developing it","It's autism I think The thing where nd people obsesses over one hobby","A screenshot of a tweet shows someone advising that a child who drew a ruler scale from memory should be kept away from Sonic the Hedgehog and instead encouraged toward architectural or fashion pattern design. The embedded image shows a hand holding a popsicle stick marked with ruler-like lines next to a real ruler."
"1k27mne","This is variant of Thai Political Crisis Breakup. I've seen a few theories as to what the third panel (water bottles and knife) signifies but these two seem to be the prevailing explanations. 1. The woman is an organ harvester (will use the knife to cut out organs and store the organ in the thermos) 2. The woman already has a partner (that's why there are 2 thermos)","A four-panel comic shows a man and woman after spending time together. The man later leaves the room, sees two matching thermos bottles standing close together, and then walks outside looking emotionally affected while the woman watches from a balcony.","The joke suggests the man believes the woman is involved in criminal activity unrelated to him, prompting his sudden escape.","The comic shows the woman secretly training to become a professional chef, with the thermoses used for soup and the knife for culinary practice, which scares the man away."
"1duiywi","A four-panel comic shows a student working on a math problem involving the expression “If x = 2, x/2 =”. In the first panel, the student writes an incorrect answer, and the paper says, “No, we’re dividing x by 2. Try again.” In the second panel, the student erases part of the answer and writes again. In the lower-left panel, a teacher stands beside the student while the student continues writing at a desk. In the final panel, the student is shown as a very small child wearing a graduation cap and gown at a graduation ceremony.","She is ready to graduate because there is apparently no point in keeping her in school if she still cannot divide properly.","This joke has two big parts the first part is the child doesn't understand the assignment, she misunderstands the comment about dividing X by 2, and she produces the variable C because of her handwriting. In some higher level mathematics such as calculus the variable C represents a range of numbers the exact one of which is unknown. This range includes the number 1 the answer for the specific problem. That leads us to the second part of the joke which is the child writing something that is mathematically well beyond her level (at graduate lever) and the teacher assessing it as the child being exceptionally intelligent and ready for graduation. It is a humorous juxtaposition of simple and profound and the results there of.","She is graduating even though she still does not understand basic math rules."
"1jzk0f2","The social media account managers for two horror franchises are having a staged argument to entertain fans, and then a third brand joins in as part of the same coordinated joke.","The image shows real monsters arguing on Twitter, until an iced tea company interrupts their conversation by accident.","None of the above","The social media account managers for two brands are having a fake spat for publicity. Then a third unrelated brand joins in and ruins the artifice."
"1l6ov5y","He is a famous chef who likes to give freebees","The joke comes from the man looking like a generic anime villain, with the caption exaggerating him as someone dangerous even though he is just an ordinary cashier.","He resembles Zeke Yaeger. A character in Attack on Titan anime. Basically, if you drink his spinal fluid and he screams, you turn into a titan (monster in that anime). In the last season his spinal fluid was mixed with wine and people drank it unknowingly. Bad things happened after that","He resembles a character from Attack on Titan, and the joke is that drinking wine connected to him gives people supernatural powers, referencing how characters in the anime gain abilities through special substances."
"1d5bxcu","Its a refernce to the youtube show Dont hug me im scared","It's an old Reddit copy pasta that someone lived an entire fulfilling and successful life with a wife, kids, and house, until one day he realizes the perspective of his lamp is off. He later realizes the lamp is fake and his entire life is fake because he got tackled by a football player. The lamp grows and takes up the entire room before he wakes up on the pavement surrounded by people, EMS, and cops","His wife has very bad taste in lamps, and he is only noticing it now","Its a reference to the Truman show movie. The lamp probably broke and was replaced by the crew"
"1fvg71d","The image shows that ancient people literally invented modern buildings first, and today�s architects are stealing their exact designs and claiming them as new.","First image is Villa Savoye built in 1931 in Poissy, France. A modern style building using that all the rage material reinforced concrete. Second image is Palais Garnier, an opera house built in 1875 in Paris France at the behest of Emperor Napoleon III the style is literally called Napoleon III. OOP likes the older style better and feels that newer buildings are appreciated for their advanced construction but are unable to capture the beauty of early styles.","The humor comes from a generational disagreement where older people simply dislike modern styles out of nostalgia, regardless of whether new designs are actually better.","The Joke is that the old house was actually build first"
"1j25t67","Theres a common joke that John Cena doesnt like christmas","He turned heel last night. Aka became a bad guy in wresting","Some new alligations towards John Cena came out","The account is a parody"
"1jipmfo","The old man will steal the pokemon and become a villian","The humor comes from casual players not understanding Pok�mon level systems, while veteran players overthink a harmless line of dialogue.","The joke is that only experienced Pok�mon players recognize this line as inefficient gameplay advice, since low-level Pok�mon are harder to train and not worth taking care of.","The man dies later in the game"
"1fl51f0","Its generally a bad idea to have custom made license plates","It signals that the car is driven by a gay couple looking for a big, hairy threesome partner","Its funny because its hard to read the license plate","The lady driving in from of OP, is presumably bad at driving and has caused an accident"
"1kxmxbf","The joke is that the list exaggerates traditional dating expectations, and the comment points out that these standards are still obvious even when people try to disguise them as jokes.","The humor comes from people arguing online about masculinity, with the comment mocking how seriously some users take a casual social media post.","Kamdyn is saying the person holding the photo is visible on the phone screen and is also comparing their stature to a tank. As to what tank she most resembles is up for our individual interpretation. I myself like the World War Two M4 Sherman tank.","The image is about military tanks being visible in fog, and the list on the phone is unrelated background information."
"1kpsba8","Car salesman pretending to speak with his manager to get a better deal for the customer.. common salesman practice.","The joke is that car dealerships have inefficient management structures, forcing salesmen to constantly check in with their managers before making decisions.","The image shows a man who cannot reach his manager on the phone and must try calling seven times in a row.","The humor comes from mocking corporate office culture, where employees exaggerate how busy they are by pretending to make important phone calls."
"1klgmos","Americans often hate european standards","Nothing is wrong","The image shows paper sizes","Nothing wrong. It's just showing that the ISO 216 international standard for paper sizes, followed by most countries around the world, has a logic to it: Each format is built by halving the longer side of the format above. Take half of A0 and you get A1, halve it to get A2, halve it again to get A3, etc. The ""joke"" is that North America doesn't use these standards, and instead use a seemingly arbitrary list: and that perhaps they get offended when people point that out."
"1jk2lgw","Its about feeding your kids answers.","The poster shared a weird an unique event that happened to them, the story went viral for being so weid","His name is (East) Indian. I grew up with a ton of Indians. Whenever we had to answer what do you want to be when you grow up in school, all these kids had a) detailed answers, and b) straight, emotionless faces when answering. I don't think a single one of them got to choose their own adventure.","The poster is talking about family and how theyre often very controlling"
"1jpmmd9","OP accidentally set their alarm to 630","OP spent a lot of money on a night out, and is therefore very hung over, so they didnt wake up","They thought they were setting their alarm but it's their calculator.","It shows someone being very bad at math and having to rely on a calculator to calcualte something very easy, thus showing they are not qualified for work"
"1j0k484","Physicists invented a car where you do not need to use the steering wheel, so its very confusing for other people to use","The image shows that physicists� cars are designed differently and only have accelerator pedals instead of brakes.","The humor comes from physicists overcomplicating simple driving tasks by using technical language instead of everyday terms.","I may be a physicist, but even I know how to spell ""brake"". But, as to the joke, when you turn the car, the car is angularly accelerating. When you hit the gas, the car is linearly accelerating. When you hit the brake, the car is linearly decelerating (i.e., negative acceleration). They are all forms of acceleration."
"1jtq5lb","The text just spells out hello, but younger people dont know how to use that type of typing system","\*sigh\* I've lost it, yet again. This was a pretty strong, multi-year streak for me, tho. My next one will be even better, as it continues fading into meme culture obscurity.","It doesnt spell out anything, its just a prank on younger people","It spells out Among Us, a refernce to the game"
"1lbduvg","When iron man dies in the movie they make a statur like the one depicted","They made the statue the wrong color","The loki figure is implying that the statue is very cool and they did their job very wel","man of steel is another name for ' Superman'"
"1g41h0e","The text says 99 instead of 1999","The OP thinks is funny that the sticker is still there","The character from Lord of the Rings is saying he personally worked at Best Buy in 1999 and put the sticker on the computer himself.","Y2K bug, or, ""the year 2000."" Computers with clocks were coded in such a way as to not consider the change in millennium date from 1999 to 2000. There were huge concerns that computers that controlled vital systems like power plants would go offline and lead to catastrophic failure. Like nuclear power plants going critical, or the economy collapsing- or both! The solution for the average person was being told to turn their computers off before the new year to avoid any unforeseen consequences. Those vital systems got patched, and the year 2000 came and passed without incident. Edit: at lease read the comments before saying something 10 other people have said."
"1kjzqgk","Its a parody of wii instruction manuals, showing a controller taking a little break","The image shows a nice open window, which the OP thinks looks really nice","The picture in the wii manual indicates that it is time to air out the room","If I remember correctly that was the Screen you got when you were playing for a longer time telling you to take a break."
"1mxibps","Both shows are autism awareness shows with different actors","No idea on house but the good doctor did a bad job of portraying autism, maybe people just think these both are mainstream media representing autism?","The joke is that the shows are not about autism","The good doctor and House MD are both based off sherlock holmes who is famous for having autism"
"1c4n4xd","The defendant is a killer whale, meaning its so obvious that he did it","The defendant is an orca, otherwise known as a ""killer whale"". His lawyer (the beluga) objects on the grounds that stating what kind of whale he is would be self-incriminating in a murder case, where presumably, the victim is a seal.","The joke is a reference to the famous oj simpson case where the glove didnt fit","The joke comes from theabsurdity that there is a whale in a courtroom as evidence"
"1m4ns1d","The meme is about a doctor wearing protective clothing and sunglasses, showing that scientists dress differently from normal people.","Normal people would assume that because it's 50-50, and the last 20 have been successful, it's almost guaranteed that they'll die (this is often called the gambler's fallacy.) Mathematicians know that past outcomes don't affect this outcome, so it's still 50-50 Scientists know that if he's had such a good streak, he's probably innovated the process in some way, providing a greater-than-50 chance of survival (although the sample size is small, so it's not certain you'll survive)","The image jokes about overconfidence in medicine, where scientists and mathematicians blindly trust numbers while normal people rely on intuition and fear surgery.","The humor comes from doctors exaggerating their success rates, and the different reactions show how professions trust or distrust medical statistics differently."
"1ljwpph","Pain is Fr*nch for bread. Pain staking Staking with bread","The pun in the image is a play on a scene from twilight","The humor comes from parodying vampire myths by replacing traditional weapons with culturally specific foods, making the situation absurd.","The image explains an actual folklore rule about how French vampires are killed using bread."
"1kczb4x","The image shows two people riding bicycles next to a river, and the caption explains that cycling is illegal in some towns.","The cartoon criticizes rural towns by suggesting they are dangerous places where people overreact to minor inconveniences.","I believe the joke is that people like the things pictured(bike accessible areas with beautiful views) when they visit somewhere, but as soon as it may impact their ability to drive on an area where they live, they would be against it. Edit: Yes, NIMBY(not in my backyard) is the term frequently used to describe this. But since it’s explain the joke, not drop an acronym and run, I explained it.","The joke is about cyclists being aggressive toward pedestrians and threatening violence over shared public spaces."
"1mcgb86","why is my mom telling me that this 28 year old girl is obsessed w her at work [crying emoji] she is like 'im …
A screenshot of a tweet from @lawsbiana reading: ""why is my mom telling me that this 28 year old girl is obsessed w her at work [crying emoji] she is like 'im 60 why she wanna be my best friend' [crying emoji] mom i have bad news,"" timestamped 8:16 AM, 8/2/23.","The tweet is about a 28-year-old woman trying to replace the speakers mom as her best friend.","The mom is this coworker's ""work mom"", part of a phenomenon I've never really understood where you gain a whole set of secondary partners and/or family members from the pool of employees at your job like a fantasy football team or something.","The humor comes from workplace gossip, exaggerating how small interactions between coworkers can be blown out of proportion."
"1i7iklj","The joke shows how medical professionals are trained to be pessimistic, while normal people assume any improvement in a patient�s condition is a good sign.","The meme is about optimism bias, where people without experience misjudge recovery because they focus on short-term improvements.","It's called ""the surge"" it's a burst of energy right before a terminal patient passes","The image explains that eating more food always makes sick people healthier, which only doctors understand."
"18lkyqa","The meme shows a gym designed specifically for vegetables exercising together at peak hours.","The image mocks how modern gyms prioritize fashion and appearance over proper exercise technique.","I think they're referring to the broccoli top haircut which is popular with gen z men","The joke is about fitness influencers promoting plant-based diets, shown by people literally having broccoli for heads while lifting weights."
"1kmjd7k","The humor comes from movie spoilers, implying that asking this question will ruin the endings of many popular films.","I have the bad feeling it‘s gonna be WWII movies","The joke suggests that many movies are depressing because audiences increasingly prefer tragic endings where heroes fail.","The image is recommending a specific cartoon movie where the main character loses at the end."
"1j6w01m","There's a thing called the surge (where they seem better) right before they die. It happened with my mom.","The joke contrasts emotional reactions, showing that doctors are less expressive than families when patients improve.","The image shows cartoon characters visiting a hospital to celebrate a successful treatment.","The humor comes from exaggerating how stressed doctors are, making them anxious even when patients appear to be getting better."
"1itmj5l","The image shows Sonic skating on a red rope to demonstrate his speed and agility.","Look up euthanasia coaster. This was a design made to kill the riders.","The humor comes from visual irony and subversion of expectations: Sonic confidently says something is �a piece of cake,� but the zoomed-out view reveals the task is actually far more difficult and convoluted than it appeared up close.","The joke is about Sonic underestimating how physically tiring it is to balance on a narrow surface."
"1d11llv","The joke is about people who are so busy that they forget to eat until their body reminds them.","The image explains that shaking is a healthy signal that tells people exactly when to eat.","The humor comes from anxiety, showing a character nervously shaking while thinking about food.","Forgetting to eat is sometimes a thing people with ADHD do. This meme is saying the person forgot to eat for long enough that their blood sugar is very low and they're shaking."
"1dap4il","Reddit's CEO Steve Huffman, or reddit username spez, was the moderator of r dash Jailbait - a subreddit banned long ago that was devoted to images of suggestive and sexual content featuring minors.","The image is giving factual advice about polite questions to ask women, men, and Reddit employees.","The joke compares how men and women keep different personal details private, adding a reference to Reddit leadership for contrast.","The meme criticizes social media culture by suggesting that online roles and titles matter more than personal achievements."
"1mcy7yd","Heel to sky, western spy. Slavs squat flatfoot. It doesn't strain your calves as much and means they can stay in squat for hours.","The joke highlights how fashion styles from different regions resemble each other, even when worn by very different people.","The meme criticizes political figures by comparing them to ordinary people to suggest they are no different from everyone else.","The image shows several men squatting to demonstrate correct posture and foot placement."
"1g2fiqh","The joke is about enjoying solitude in winter landscapes, showing how some people find peace in empty, quiet places.","The meme criticizes urban design by showing how public spaces feel unwelcoming and isolating during winter.","A number of action movies feature scenes of manly men bleeding out onto pristine, snow-covered landscapes. It's a very dramatic shot that contrasts the peacefulness of the scene with the violent injury/death, and red blood against white snow is a rather stark contrast. I interpreted this as a reference to that minor cliche.","The image is encouraging men to spend more time outdoors sitting on benches in cold weather."
"1itwe3y","The image shows a man crying because submarine sonar systems are difficult to use.","The joke is about how stressful it is to operate complex military equipment, where even small mistakes can feel overwhelming.","The meme is criticizing the military by implying that dangerous technology is handled carelessly.","At the very least they lost their hearing. But also many submarines don’t have active sonar and instead use passive sonar which is essentially microphones in the water. I spent about 2 years of my life on a submarine and I can only remember being pinged by sonar once. Edit: yes I now know that they do have active sonar. It’s been 15 years since I’ve been on a sub and I wasn’t even cone. Yes, I only remember being pinged once. Yes, it does sound like the movies, just loud."
"1l8fcur","The joke is that shes pretty, and the OP is complaining that his lobster is too buttery and steak is too delicious.","The meme jokes about unrealistic beauty standards by comparing how different dresses fit different body types.","The image is asking for genuine medical advice about abdominal surgery options.","The humor comes from social ignorance and unintended cruelty: the circled �pouch� is likely a normal body feature or pregnancy-related/posture-related effect, and the joke highlights how online commenters confidently misinterpret women�s bodies and jump to extreme solutions like surgery."
"1jbg4m6","It looks like a garden gnome","Morel mushrooms are a very popular foraging target.","Its a sculpture of a very dangerous mushroom","The joke is about modern 3D printing being used to create strange art pieces that confuse people."
"1lc0zi5","The joke is about how we use 90 degree angles a lot","The joke is in math we don’t use 270 angles a lot","The joke is about geometry, showing how different people are positioned at different angles in the room.","The image is teaching viewers how to measure angles using people sitting in a living room."
"1lyfboo","None of the above","The horse girl depicted is known for winning all the time","The joke is about how horse races are old fashioned","So, this horse is known for losing. In their career of 113 matches, they won none. Absolutely none. However, they always tried their best, and in Japan it became a tradition to bet on them and lose."
"1dhtsjq","That's Alex Jones of Info Wars. He has frequently spoken in the past about how he is very angry because ""they put chemicals in the water that turn the fricken frogs gay."" The cartoon spoofs this by portraying Jones as a closeted gay man living with a secret gay frog lover.","The comic criticizes how conspiracy theories create anxiety, making people constantly afraid that someone is watching them.","That's Alex Jones of Info Wars. He has frequently spoken in the past about how he is very sad because ""they put chemicals in the water that turn the fricken frogs green."" The cartoon spoofs this by portraying Jones as a closeted gay man living with a secret greemn frog lover.","The joke is about the stress of performing on camera versus relaxing at home, showing how media personalities act differently off-screen."
"1k60lga","He feeds all the kids, even the ones that are not his","The joke is about a father being overly literal when responding to a vague request for food.","A four-panel cartoon showing a woman on the phone saying ""Yo, son hungry,"" a bearded man in a backwards cap replying ""Aight,"" then the man walking up to a house holding a single McDonald's Happy Meal, with the final panel showing the woman standing in the doorway surrounded by five children.","She expects him to feed her other baby daddies’ kids as well."
"1hevxkv","Its a refernce to the knocking pattern ""a shave and a haircut two bits""","The joke is about misleading advertising, where businesses exaggerate their offers to attract attention but don�t deliver what people expect.","The image shows a barber fixing a broken sign while people walk past on the street.","He's really happy while doing a boring job. People think that it's weird that he is so happy. But he is happy because he is loved, but people can't see that."
"1jkt7ig","The joke compares how men and women keep different personal details private, adding a reference to Reddit leadership for contrast.","The joke highlights how fashion styles from different regions resemble each other, even when worn by very different people.","It's based upon the joke common among older people that young people, especially millennials, can't drive a manual transmission car. This is the pedal setup for one of those cars.","It's called ""the surge"" it's a burst of energy right before a terminal patient passes"
"1irf9u4","The humor comes from parodying vampire myths by replacing traditional weapons with culturally specific foods, making the situation absurd.","The comic criticizes how conspiracy theories create anxiety, making people constantly afraid that someone is watching them.","Cave divers are notorious for going into small holes without any plan for removing themselves from there","An image with the caption ""When you come home from work and remember you forgot to fix the hole in your wall so now 16 cave divers crawled into your walls and died there,"" above a still from the film All Quiet on the Western Front showing a young soldier in a helmet with a hollow, weary stare."
"1m8nhhl","Childhood memories of bying fish","You're in a gun fight, your weapon jam renders you defenseless- suddenly your life is either flashing before your eyes or you're in what you perceive to be heaven.","The humor comes from physicists overcomplicating simple driving tasks by using technical language instead of everyday terms.","An image captioned ""POV: The gun jams and you're back buying your first fish with mom"" showing a row of pet store aquariums stacked in blue framing, filled with small orange and gold fish swimming inside."
"1m015wk","A screenshot of a Tumblr thread where ""distrustfund"" posts ""i love men that know when to just shut their fucking mouth / i've never met one / but i love the concept,"" then ""weightlosswithmegan"" replies ""but if I guy said this about a girl ??? ? ??,"" and ""distrustfund"" responds ""but if a mouse said this about a kia sorento ??? ? ??""","Its a pun about how fish swim in the sea and not the ocean","She's adding the last quip as a useless hypothetical she believes she returning one back to him","Its a sexism debate"
"1lv6b82","Not 100%, but I think it has to do with the stereotype that lesbians move very quickly in relationships. If I’m not mistaken, I think there’s a joke about them bringing a uhaul to a second date, implying they’re already ready to move in together.","Its a critizism og straigh people calling themselved queer","The meme is about optimism bias, where people without experience misjudge recovery because they focus on short-term improvements.","Its a joke about how best friends love to move in together"
"1ieb7j3","The humor comes from implication and insider knowledge: the sly expression suggests PC users often pirate games or use deep discounts, so they don�t complain about prices because they rarely pay full price.","The meme suggests PC users enjoy games less seriously, so prices matter less to them.","The image shows a woman holding a spoon to demonstrate that PC gamers eat cheaply.","That is the title character from the film Amelie, and she's also the mascot of FitGirl Repacks, a site to get pirated PC games."
"1d9ip08","It is a movie/book referrence. ***The Indian in the Cupboard*** is a 1995 American family fantasy film directed by Frank Oz and written by Melissa Mathison, based on the 1980 children's book of the same name Lynne Reid Banks. The story revolves around a boy who receives a cupboard as a gift on his ninth birthday. He later discovers that putting toy figures in the cupboard, after locking and unlocking it, brings the toys to life."" Fun fact: The title of the story didnt came to my mind, so I googled ""Indian in a cupboard"" and was surprised anbout this very literal title""","An image captioned ""I'm this old…just sayin'"" showing a vintage plastic Native American action figure in yellow pants standing next to a brass skeleton key, both positioned in front of an old red-painted wooden door.","Two relics from an era when toys came in three colors and keys actually unlocked something.","The action figure and the key forming a generational time capsule against a barn door."
"1jy5h3e","Cold reading exposed in real time by a confused commenter.","Reddit speedruns the entire pseudoscience debate in three replies.","The joke is that astrologers state traits that are shared by everyone as unique to a certain sign. For example, easily irritable when hungry? Such a Pisces thing to do","A Reddit comment thread screenshot. The first user asks ""...And What Does MY 'Profile Picture' Says About Me?"" OP replies ""You listen to american music."" Another user, all_eyes_is_on_me, comments ""Okay but who doesn't listen to american music?"" OP then responds ""Congratulations you just realised how astrologers work."""
"1kozyll","Mid-shower acrobatics to silence the imagined surveillance.","A meme captioned ""'somebody's watching me, it's my anxi-'"" with an image of a shirtless man with shampoo in his hair leaning awkwardly out of the shower, reaching across the bathroom to grab his phone from the sink counter.","Suds-on, towel-off, contorting like a gymnast for one quick screen check.","The joke is that the song (Anxiety by Doechii) is overplayed/sucks, and the man is turning the speaker off or skipping it."
"1ic88xs","An accidental experimental study on the half-life of teenage hygiene.","She doesn’t use deodorant cause if she did she would’ve saw the money and would have grabbed it","A Facebook post from Craig Clark reading ""Buddy sent me this picture. Put 80 bucks on his girls deodorant and she ain't touched it for 8 days. Genius."" with a photo of a blue stick of deodorant sitting on a granite bathroom counter, wrapped with a rubber band securing four $20 bills around it.","Cash bait sits undisturbed exactly where it was always least likely to be found."
"1jhad2m","FINALLY! My time to shine! Those are old ROBLOX Givers,"" sometimes called ""Venders"" or ""Dispensers"" They were a common sight at the end of racing games, like Death Run or Obstacle Courses (Obby's). They gave the winning players special powers, like flight, building, destruction, etc, which said winners would then use to grief others who were still trying to finish. Edit: these ones were specifically used to give the winning players ""paths,"" which created blocks under their feet, allowing them to walk on air. Also still used for griefing. Credit to u/YellerSpottedLizard for the ""paths"" update""","The unbroken Play-Doh rainbow — a sight no kid leaves intact for long.","Pristine clay set, untouched by a single mixing crime.","A meme captioned ""when you die and go to heaven this is the first thing you see"" showing a long, narrow stack of new, multicolored Play-Doh containers lined up side by side."
"1bhaz0e","A black-and-white single-panel cartoon by dko labeled ""New York City Year 2075."" A child with a backpack stands next to his father in a suit by an elevator whose display shows the floors jumping from ""44"" to ""46."" The caption reads ""Dad how come buildings don't have a 45th floor?""","Skyscrapers quietly skipping a number for the next half-century.","Buildings don't have 13th floors in many places because the number is bad luck. Obviously there is a 13th floor but the labels skip from 12 to 14. The joke here is in the future 45 will be an unlucky number as well because Trump was the 45th president, and buildings will follow the same protocol as they do for 13.","A future generation inherits the architectural grudge."
"1ka6jiq","Game of telephone with battlefield casualties and one very confused widow.","A long chain of last words mangled into ornithological misconduct.","This is referencing the Telephone game. > ...an internationally popular children's game in which messages are whispered from person to person and then the original and final messages are compared. The original soldier's message had been passed on so many times that the message I love ~~you~~ her"" has now been delivered as ""I Rub Birds"".""","A five-panel Cyanide and Happiness comic. A wounded soldier asks his comrade to ""Tell my wife… I love her."" Just as the comrade promises, he is shot (""URK!""). The next soldier passes on the message — ""You have to tell Jim's wife… that he loves her…"" — and is also shot. The fourth panel shows a pile of fallen soldiers and a final survivor walking off. The last panel shows that survivor delivering the message to Jim's wife, who responds, ""What do you mean Jim rubs birds?"""
"1i6a88o","The people who want to “fix” the world, or do things like make it orderly, tend to be tyrannical villains, at least in these sorts of genres.","The single word that turns a sidekick into a villain origin story.","Hux side-eyeing Kylo as the verb choice quietly confirms the heel turn.","A meme captioned ""How I look at bro after we get superpowers and he says 'let's fix the world' instead of 'save'"" with a still from Star Wars showing General Hux (Domhnall Gleeson) glancing warily sideways at Kylo Ren (Adam Driver)."
"188hmpb","The joke's punchline shows up in the comments to defend his honor.","Pole = Person from Poland.","A Facebook post showing a joke that reads: ""A Pole goes to an ophthalmologist. The doctor shows him: CZJWINOSTAWCZ. Can you read this? Read? I know this guy!"" Beneath it, a commenter named Czjwinostawcz Chrabąszcz replies, ""I really don't find this funny.""","A man whose name doubles as an eye chart speaks for himself."
"1hudgc9","Go post this on Wallstreetbets. They'll find it hillarious","A meme captioned ""God please give me a sign / the sign:"" above a nighttime photograph of a jagged lightning bolt over a city skyline, with two parallel teal lines drawn alongside the bolt highlighting its zig-zag shape as a math notation indicating ""approximately equal to.""","Divine signal sent in pure mathematical notation, no translation needed.","The sky delivering its answer in the universal symbol for ""close enough."""
"1fq1qb9","A motivational poster taking the metaphor too literally, with cutlery.","The pain of regret cuts deeper than the pain of discipline.","A motivational-style illustration titled ""PAIN"" showing two cartoon kitchen knives side by side. The left knife, labeled ""DISCIPLINE,"" has a mostly clean blade with a small amount of red at the base. The right knife, labeled ""REGRET,"" is fully coated in red across the entire blade.","Inspirational graphic that accidentally moonlights as crime-scene evidence."
"1lkox24","90s nostalgia stained forever by an unfortunate framing decision.","It’s the ending to Dumb and Dumber….basically they are 2 intellectually challenged guys down on their luck, no jobs, lost everything, walking in the middle of nowhere when this bus pulls up next to them. The bus door opens and these 3 models come out asking if they know anyone one who would want to be their oil boys to rub them down between each competition. Instead of jumping on the opportunity, they tell the girls that there are probably a couple guys in the next town over. They then proceed to talk about how lucky those guys are going to be. Edit: not sure if it was post credits, but definitely the end of the movie","A tour bus photo where the photographer cropped off the band name and somehow that's the worst crime committed that day.","A meme captioned ""It's been 30 years and I still can't forgive them for this mistake"" showing a 1990s-era photo of three women in bikinis standing beside a tour bus in front of a desert landscape."
"1hdbees","Metalwork manual that needed one more proofreading pass before printing.","An image captioned ""This illustration is upsetting"" showing a technical diagram of two hands using a hammer and a pair of tongs to work a metal rod on an anvil, but the perspective and proportions of the anvil make it strongly resemble something else.","Blacksmithing tutorial drawn at the worst possible camera angle.","I believe that way of hitting the metal is called upsetting."
"15upbjf","A meme captioned ""HDMI kids won't understand"" showing three rows: Vincent van Gogh's self-portrait paired with yellow and red RCA cables, a portrait of Beethoven paired with a single yellow RCA cable, and a photo of Stevie Wonder paired with red and white RCA cables.","Three historical figures matched with the AV cables that bypass their respective disabilities.","The pre-HDMI cable hierarchy, narrated entirely through famous artists.","Those are RCA cables. The yellow one is for video, white and red are audio. Van Gogh cut off a piece of his left ear, so he’s missing one of the audio cables. Beethoven was deaf, so he’s missing both audio cables. Stevie Wonder is blind, so he’s missing the video."
"1e3q5dd","The bottom diagram is showing a process called “mewing”. It’s the act of positioning your tongue a certain way so not only is your jaw pushed forward (if you have an overbite), but the skin underneath your jaw is also tucked in a bit. It’s a method used by models to temporarily change their jaw shape into something more attractive, but it relies on your mouth remaining closed to do so. It’s become a sort of a meme in Zoomer/Gen Alpha communities where people think that mewing will change your face shape over time, yet this is not a proven method for the long-term. But it’s also a joke, symbolizing that those who shut up and continue mewing are chads because those who do not do it look ugly, hence the “crying wojak” image at the top.","A two-panel meme. The top panel pairs a crying wojak figure with a still of Firecracker (Valorie Curry) from The Boys in superhero costume. The bottom panel pairs a still of Starlight (Erin Moriarty) from The Boys in a grey blazer with a medical diagram showing the inside of a mouth with an upward arrow indicating swallowing.","One side weeps, the other side files a medical reference image.","A Boys-season character matchup decided entirely by anatomical diagrams."
"1hph3za","A screenshot of a tweet from Dan White (@atdanwhite) reading: ""My friend Mitch's wife got drunk and let it slip that they haven't made love in 3 years because he's addicted to online pornography so tonight I surprised them with my famous baked beef rigatoni."" The attached photo shows a glass baking dish full of cheesy baked rigatoni with beef and melted cheese on top.","A marital crisis met with pasta diplomacy.","When the only acceptable intervention is a casserole at the door.","If i recall properly this was posted here in the past. Basically a lot of online recipes start off with some useless and oftentimes unrelated story before revealing the recipe. The poster makes fun of that using an exaggerated piece of information to reveal his awesome baked beef rigatoni."
"1bazqft","Roman military discipline reframed as a content engagement bait line.","In ancient roman legions, a punishment for mutiny was decimation"" which literally meant randomly kill one in ten soldiers in the unit. ""Deci"" being latin for ten.""","Decimation depicted with a setup-and-punchline reading, courtesy of one oblivious commenter.","A Facebook post from ""SPQR"" with the caption ""Only one in ten will get this."" The image, also captioned ""Only one in ten will get this,"" is an illustration of Roman soldiers in red tunics beating a kneeling, bloodied man with wooden rods. A user has commented above: ""Ah dark but clever. Good joke."""
"16uuwk3","A tweet from PandaFlexin (@PandaFlexin) reading ""So I met John Cena today…"" with two photos of the user, a young man in a chef's jacket, posing alongside John Cena in a navy suit and red tie outside a restaurant. Below, Weffrey Jellington (@jeffwellz) replies: ""Man met John Cena and didn't even take a picture with him lmfao what a waste.""","Reply guy roasting a photo dump that contains literally two photos with John Cena.","""You can't see me"" jokes apparently extend into the replies.","It's a common trend on the internet to believe that one can't see John Cena or that he's invisible based on his catchphrase, You can't see me."""""
"1m61khr","The earliest written customer complaints was from a guy in ancient sumer who got sold crapppy-quality copper","A screenshot of a Bad Two Sentence Horror (@bad2sentence) tweet sharing an r/TwoSentenceHorror post by u/Lolaverses: ""I was relieved when I realized the only damage to the time machine was to the wires. All I need to do now is find someone in Ancient Sumer to sell me some good quality copper."" Below, Tumblr user ""nyancrimew"" comments: ""this is GREAT two sentence horror actually.""","A reminder that the famous Sumerian copper complaint letter remains the ultimate buyer-beware warning.","Stranded in 2000 BCE, doomed by a 4,000-year-old supplier reputation."
"1muan3i","A meme captioned ""Driving home from a good shift then realizing you have keys in your pocket"" showing a car interior with the gear shifter visible, overlaid with a wide-eyed, horrified bald cartoon man in glasses (the ""shocked anime old man"" meme) staring at the camera.","The exact moment a closing shift turns into an unintentional crime spree.","When you’ve finished work and taken the work keys home by accident","Service-industry worker realizing they've just committed felony grand theft auto on autopilot."
"1g8raiu","Wallet, phone, keys, shades — and that one little mound of sand you simply cannot leave the house without.","A meme captioned ""that mini heart attack when you can't feel one of these in your pocket"" with a cartoon man's shocked face in the background, overlaid with images of a wallet, sunglasses, a keyring, a smartphone, and a pile of sand or fine powder.","Pocket inventory checklist now includes a mysterious heap of powder.","Pocket sand! Dale Gribble (the character pictured) uses pocket sand as a diversion/weapon."
"16h1wrg","A Tumblr thread. User ""the-average-gatsby"" asks, ""how do you tell the difference between a chemist and a plumber"" then answers, ""ask them to pronounce 'unionized'."" User ""girilla-warfare"" replies, ""Holy fuck thats clever. It took me 5 minutes to get this."" User ""lesighh"" adds, ""extremely clever."" Finally, ""ladymalchav"" comments, ""this joke annoys me because there's no way to tell it verbally.""","A plumber would see the word union-ized"". A chemist would say ""un-ionized"".""","The punchline self-destructs the moment anyone tries to say it out loud.","A pun so text-bound it qualifies as a written-only species."
"1d0nows","ms. McCurdy there was a victim of sexual assault and she is doing great after the publication of her book. Ronnie radke was accused of sexual assault and his life is falling apart. the poster finds this connection comical and cathartic. (I actually do agree with this one, I hope jennette has a wonderful life.)","A screenshot of a tweet from Alec (@maybemizery) titled ""THE PROPHECY"" quote-tweeting @corvettestar's post that reads ""god please take all of her pain and suffering and give it to ronnie radke,"" which itself quote-tweets a Pop Crave post about Jennette McCurdy's book ""I'm Glad My Mom Died"" being on the New York Times Best Seller list for 80 weeks, with a photo of McCurdy holding her book. Below is a MetalSucks headline reading ""Falling in Reverse Burn Themselves With Pyrotechnics at Sonic Temple While Ronnie Radke Tries to Start a Fight.""","Karma issued via pyrotechnics malfunction, right on schedule.","A tweeted curse seemingly cashing in on stage one day later."
"16zvi3l","The joke is that they played bands they like because they are now old enough to be in the target audience","The exact moment millennials clocked that the halftime show was now their nostalgia tour.","A screenshot of a tweet from Rodger Sherman (@rodger) reading: ""everybody born between 1985 and 1995 saw the Super Bowl halftime show lineup and was like 'sweet, instead of doing a show for old people like the Rolling Stones or Paul McCartney or The Who they did one for us young people' and then 10 seconds later it hit us""","A generation realizing in real time that ""young people music"" has aged out of the category."
"1fcm1zb","Lyrics to Everlong: *The only thing* I'll *ever ask of you*. You've got to promise not to stop when I say when.""""","Restaurant etiquette redefined as a long-running blood pact involving dairy.","A four-panel comic by Pear Shaped Comics. A waiter offers parmesan cheese to Dave Grohl, who eagerly says ""Please!"" The waiter starts grating it and Grohl says ""Okay, when!"" In the third panel, Grohl begs ""That… that's enough! Please stop!"" as the plate piles up. In the final panel, Grohl is buried under a mountain of cheese as the waiter solemnly says, ""I made you a promise, David.""","A waiter taking ""say when"" as a binding contract with no expiration date."
"1l0pn3b","A single overhead bulb treated as a terminal night-driving diagnosis.","Turn off all lights in your room and put one source of light behind yourself. It's just extremely distracting when you need to focus on what's ahead of you. Lots of kids have memories of their parents telling them not to turn these lights on during the night, sometimes even dramatizing that'll cause an accident or that it's illegal","A meme captioned ""7 year old me switching on the car light for one second"" with a photo of a finger touching a car's overhead dome light. Below, captioned ""My dad:"", is a still of Jacob Batalon as Ned Leeds from Spider-Man: Homecoming yelling, ""We're all gonna die!""","Dome light flips on, dad enters full disaster-movie monologue mode."
"193it8r","A screenshot of two tweets by Landshark (@LandsharkRides). The first reads: ""Friend I was hanging out with today told me a Tarot reading predicted that he will break up with his beloved girlfriend he plans to marry so I told him the story of the king and the astrologer."" The reply explains: ""An astrologer predicts that the king will die in a month. The king is absolutely crushed and falls sick from despair. His most trusted knight calls the astrologer to come before the king and asks him 'when will YOU die?' — the astrologer says in 20 years; the knight beheads him…""","The astrologer told the king that they will die in a month, and then said that they will live for another 20 years, right before being beheaded by the knight. The knight successfully proved to the king that the astrologer can't even predict his own death, moments before it happens, so how effective could he be at predicting the king's death?","A historical parable casually weaponized to save someone's engagement.","Medieval fortune-telling debunked the way only a sword-wielding knight could manage."
"1dk358k","A meme captioned ""Your girl when I tell her that Ratatouille is just the name of the movie, and the rat's name is actually Remy"" with a photo of a woman sitting on a train, resting her chin on her hand and smiling thoughtfully at the camera.","Pixar trivia presented as if it's a tier-one pickup line.","Train ride flirtation built entirely on a children's-movie footnote.","when i tell the frankenstein is the name of the scientist, not the monster"""""
"1ixuiml","Down payment dissolved into a single red candle, presented as a romantic moment.","This is probably from wallstreetbets or something, and that red line is their money going down to zero.","Surprise reveal where the gift is a financial obituary.","A meme captioned ""Babe, remember all of that money we saved for the house?"" with two side-by-side images: a smiling woman with her partner's hands covering her eyes as if for a surprise, and a stock or crypto candlestick chart showing a near-vertical crash straight to zero."
"1hh0vwh","A party of facial features and the only attendee who must kiss everyone is panicking at the door.","Okay y’all I’ll explain it: the lips invited the wrong cheeks to the face party and the mistletoe makes this mistake way funnier","Mistletoe etiquette becomes an existential crisis when you're walking lips.","A Scott Hilburn comic dated 12/20. A pair of anthropomorphic lips arriving at a party stops at the front door, sees a sprig of mistletoe hanging above, and thinks ""OH NO."" Inside the house, other anthropomorphic body parts — a nose, ears, and an eye — mingle holding wine glasses."
"15a2flm","PTO loophole that resurrects your entire family tree on demand.","Day one of a new job and grandma is suddenly alive, dying, and Catholic again.","A screenshot of a tweet from ""stoned cold fox"" (@roastmalone_) reading: ""the best part of starting a new job is all 4 of your grandparents are alive again.""","With a new job, you can get days off by saying your grandparent died. You're new at the company so no one knows that they're already dead. Use up to 4 times."
"1jd57jt","A screenshot of a tweet from ""michael"" (@FilledwithUrine) reading ""i'm gonna kill this guy"" above a movie theater seat selection screen showing rows A through K of empty seats, with a single red seat selected dead center in row G.","Choosing the exact middle of an empty theater is a hostile act against everyone arriving next.","Could be posted by a theatre worker. Usually when a screen has no tickets sold, we can shut down the projector or get it ready for the next movie and shut the doors so the ushers don’t have to clean. I remember my staff groaning so much when it’d be 5 minutes before we’re allowed to shut it down and someone buys a ticket.","One person, a thousand empty chairs, and the most provocative seat pick in cinema."
"1eerszi","In the TV series The Office, Jim Halpert played by John Krasinski (left) plays a prank on his office mate Dwight, by trying to psy-op Dwight into believing that he (Jim) is and has always been an Asian man (the actor on the right whose name I do not know off hand). Jim even gets his wife (the office secretary/office manager) in on the joke and goes so far as to retake a family photo, subbing himself out for the actor on the right.","When face blindness becomes a fan-discourse hot take.","A casting confusion built on two completely different actors and one stubbornly mistaken eye.","A screenshot of a tweet from ""faze omar jr"" (@FazoomJr) reading ""People complaining that rdj has two mcu roles / LIKE THIS GUY DOESNT"" with two side-by-side images: John Krasinski as Reed Richards in a Fantastic Four costume, and Randall Park as Agent Jimmy Woo in WandaVision."
"1ex2gnv","A tweet from ""Young Simba"" (@Mufaa6) reading ""Saw a Jeep driving itself today"" with a photo of John Cena sitting shirtless in the driver's seat of a red Jeep, leveraging his ""you can't see me"" persona. Below, ""Iceberg Slim"" (@CokesTheDon) replies: ""Love the fact we continued this joke for over a decade.""","A bit so durable it has outlasted multiple Jeep model years.","One running joke surviving longer than most relationships and most cars.","There's a long-running joke that John Cena (who appears to be driving the Jeep) is invisible. He had a catchphrase You Can't See Me"" from his WWE wrestling career. People take it literally as a goof.   [Full explanation of the meme here](https://knowyourmeme.com/editorials/guides/what-is-you-cant-see-me-the-timeless-john-cena-meme-and-joke-explained)."""
"1n6ohcl","He made rat utopia"": unlimited food, unlimited water. Problem.with the experiment was a lack of stuff to do for the rats. They basically had no entertainment and thus just banged most of the time. This led to another observation of the ""alpha males"" who got all the females because they would fight the weaker rats. The weaker rats lost almost all interest in the female rats some even let themselves be used by the alphas. You can read up on the behavioral sink. But the experiment was flawed as stated, heavily so. Some people nowadays try to tell you: ""Look that's why there are so many gay people now. Girls only go for the alphas. Society is collapsing."" by referencing this experiment""","A 1960s rodent experiment recruited into modern internet anxiety discourse.","A meme with the text ""Is this why the majority of men today don't want marriage or relationships? Society is collapsing…"" above a black-and-white image of John Calhoun standing inside his famous ""Universe 25"" mouse population enclosure. Below are two Mr. Incredible panels: a normal one labeled ""PEOPLE WHO DON'T KNOW"" and a dark, uncanny version labeled ""PEOPLE WHO KNOW…""","Universe 25 invoked to explain dating apps, somehow."
"1kc6xta","Sending the guy with the most iconic on-camera ""wait what?"" face to crack the case.","A screenshot of a tweet from Tommy Stella (@tommy_stella) saying ""Send him in to interview her. He'll get results."" above a photo of Dominic Monaghan during a Lord of the Rings-era interview, looking smirky in front of a movie poster. The quoted post from ""Sabrina Carpenter Spotify"" reads: ""Sabrina Carpenter on rumours that she is wearing a wig. — 'Will not confirm or deny… I don't even know what a wig is, but I also don't know w…'""","There was an iconic moment in this interview. Well not an interview-interview, it was prank interview. Where the interviewer pretends he's bad at English.    The reference of this meme is:    **Interviewer**:  The photoshoot you do with Vogue magazine and cosmopolitan and..... Your hair changes dramatically, from short to long. DO you wear wigs?   **Elijah Woods**: No I DO NOT **Interviewer:** HAVE you worn wigs? **Elijah woods:** No I HAVE not **Interviewer:** Will you wear wigs? **Elijah Woods:** uhhh mayybee **Interviewer:** When will you wear wigs? **Elijah Woods:** \*Laughs hysterically dying inside\* [This is the Interview](https://www.youtube.com/watch?v=IfhMILe8C84)","A throwback hobbit-promo interview deployed as the ultimate wig-truth interrogation tactic."
"1mk8rnt","People have been throwing sex toys on the court in WNBA games.  So this person is going to throw one at a NBA game.","Inter-league rivalry escalated by kitchen gadget metaphor.","A garlic press promoted to symbol of professional sports retribution.","A screenshot of a tweet from ""not mike bibby"" (@spykidsthumb) tagging @wnba, reading ""Don't worry @wnba I'm getting your lick back as soon as the nba season starts,"" with a photo of a green plastic kitchen garlic-press / herb mincer device in clear packaging on a fabric surface."
"1bojwn9","Defense-contractor trust fund mistaken for a free-spirit origin story.","A screenshot of a tweet from ""boiled angel"" (@thomwhatetail) reading ""I just know her parents work for Lockheed Martin"" above a video still of a young woman with blonde dreadlocks, septum and lip piercings, freckle makeup, and shell jewelry, captioned ""Took a lil bit of acid.""","Counterculture aesthetic financed entirely by missile R&D dividends.","Perhaps that her parent have high-paying jobs and her hippy aesthetic belies her actual financial situation (trust fund)?"
"1m68ug3","A three-row ""Chad"" wojak meme depicting national independence stories. Row one: India asks ""Can we be independent?"" and Great Britain replies ""India will be independent over my dead body."" Row two: Norway says ""We want to be independent"" and Sweden replies ""Ok."" Row three: Singapore says ""It's so nice to be a part of Mala…"" and Malaysia replies ""Get the fuck out.""","Unlike the rest of Malaysia, which largely consisted of Ethnic Malays, Singapore was more ethnically diverse especially with a large Han Chinese population. Not wanting to be influenced by the non-Malay population, Malaysia opted to remove Singapore. That’s the very very short and brief version of events. There is obviously more detail on the politics of the matter.","Three independence backstories, ranked from bloody to amicable to ""we kicked them out.""","A Chad-meme world history lesson where Singapore is the only country dumped instead of doing the dumping."
"1aqy5m7","The Jesus Gets Us"" superbowl ad, which shows people washing feet. The idea is that the people behind hegetsus.com should spend their money on charity, rather than for expensive commercials.""","A four-panel comic by @mygumsarebleeding. A person in an orange hoodie shows Jesus a handful of cash saying ""Look, Jesus! We raised 14 million dollars!"" then adds, holding a money bag, ""Think of all the hungry people we can feed!"" Jesus responds, ""Ok but hear me out… what if we spent that money…"" and finishes, ""On two Superbowl commercials?""","A nonprofit pivot from soup kitchens to primetime ad slots.","Charity strategy rewritten by a Nielsen ratings consultant in a robe."
"1jg3hi7","A recursive medical mystery that loops back into itself with no exit.","The necklace is made of the meme is made of the necklace is made of the meme is made of the necklace","Dr. House diagnosing the same scene inside the scene inside the scene.","A three-panel meme from House M.D. The first panel shows a woman with the subtitle ""What's my necklace made of?"" The middle panel shows a close-up of her amber pendant, which contains a tiny embedded version of the same House M.D. meme. The bottom panel shows Dr. House's stunned face, also with a smaller version of the same meme embedded near his neck."
"1isy4zt","A linguistic technicality detonating an entire elevator full of agents.","Alternate caption 1: ""Sometimes Y"" sparking the most violent grammatical debate ever filmed.","A three-panel meme using stills from Captain America: The Winter Soldier elevator fight scene. The top panel says ""When I eat Alphabet Soup, I only eat the vowels."" The middle panel shows one agent asking ""Why?"" and Captain America replying ""Sometimes."" The bottom panel shows the entire elevator erupting into a brawl.","Why sounds like “Y” Cap only eats vowels, so the other person asked, What about Y?. Cap replies that he eats “Y”Sometimes"
"19egkxy","The most insufferable bar question, answered with the gentlest possible white lie.","Astronaut quietly choosing caregiving over flexing her resume at a party.","There’s a first half to this comic, where the man goes to space and thinks that people would be nicer to each other if they could only see earth from that view. It’s a play on the idea that astronauts who see earth from space are given a better sense of perspective about how small the planet is and how our divides are artificially made.  The man, however, immediately counteracts his own point by taking an elitist stance, thinking he’s morally enlightened and better than other people who haven’t seen earth from space. He had the revelation, but didn’t actually internalize its message. The comic then continues to show that people can be kind and loving to one another without ever seeing earth from space, showing that being kind is a choice you make. There’s nothing you have to do or see to make you be nicer to others, you just have to do it. People can see earth from space and not internalize kindness, people can never see earth from space and still be kind.","A four-panel comic by Extra Fabulous Comics. In the first panel, a man at a bar asks a woman, ""Have you ever seen Earth from space?"" She replies ""No,"" and he taunts ""Ha! Loser!"" The next panels show the woman driving home, arriving at a modest house, paying a babysitter, and finally sitting beside an elderly bedridden relative whom she tends to with a bowl of food, beside a framed photo on the wall depicting her as an astronaut."
"1gboomw","Flight school flipped into a multiplayer lobby with extremely armed referees.","The aviation transponder code that summons fighter jets, dressed up as a Konami cheat.","A meme captioned ""My instructor after i put the cheat code (7500) and enter military airspace"" with a screaming, wide-eyed, sweaty close-up of Shaquille O'Neal in a purple shirt.","Squawking 7500 signifies an aircraft being hijacked and could result in an aircraft being escorted by military forces"
"1jjvw9a","They are saying the mushrooms are a fairy circle, in mythology iron kills fairies.","Suburban swing set quietly annexed by the Fae overnight.","A meme captioned ""This is why it was a mistake to replace all the old 70s metal playgrounds with safety plastic. Iron. You need iron. Or else."" with a photo of a backyard swing set and slide encircled by a naturally occurring ring of white mushrooms (a fairy ring) in the grass.","Folklore warning issued via mycelium, right next to the slide."
"1kcxst1","The Cod Wars summarized as a cartoon dog's quiet act of revenge.","It's about the Cod wars. Great Britain wanted to fish in Icelandic waters so the Icelandic navy put a stop to that. Then GB sent their fleet and thought that's be the end of that. Rule the waves and all that. Instead they got the everliving hell trolled out of them by the Icelandic navy and had to finally give up. If you search for it on YT you'll find some good videos on it. It's hillarious Edit: Because it has been mentioned - yes, YT has a piece on cod. In fact one could say that their cod piece is quite tantalizing","A 36-ship navy outmaneuvered by half a dozen Icelandic boats and pure spite.","A two-panel Family Guy meme. The top panel shows a Family Guy character labeled ""Great Britain"" pointing a shotgun labeled ""A fleet of 36 ships"" at Brian the dog, labeled ""Iceland,"" saying ""I'm sorry."" The bottom panel shows Brian/Iceland pointing a handgun labeled ""4 patrol boats and 2 armed trawlers"" back, saying ""No, I'm sorry."""
"1jj9t5b","My guess here is that they're loading shotgun shells with Benadryl so when you shoot an intruder with them, rather than use a more traditional"" nonlethal option like rock salt or nails, they'd have hallucinations and seizures, which is the symptoms of a Benadryl overdose.""","A screenshot of a tweet from LizzieHasAGat (@LizzieHasAGat) reading ""Fuck rock salt and nails, home intruders get to go into the pocket dimension."" The photos show a shotgun shell that has been packed with pink Benadryl tablets, alongside the empty Benadryl packaging and tablet blister packs.","DIY shotgun load designed to sedate the intruder for a 16-hour nap.","Allergy medication weaponized into the world's drowsiest home defense option."
"1jaf822","This is one method used for document fingerprinting.  If you suspect that people are leaking information, you can use techniques like this to catch who copy/pasted information into external communications.  You can also use it to embed extra information in a document.","A warning that quietly forces you to reread every ""I"" and ""l"" on the page.","Typography paranoia advancing to full conspiracy-theory levels.","A screenshot of a post by ""eel.feel"" showing a Word document open with the text: ""In this font the lowercase L and uppercase i are Identical. Be careful as creepy guys have been secretly swapping them as a way to communicate to each other"""
"1k9sq1s","She is part of a service and thats how they met. Miami has a lot of young attractive women who work in services that cater to old wealthy men.","The ""how we met"" question that gets shut down faster than a Belichick press conference.","A screenshot of a tweet from Ashley Nicole Moss (@AshNicoleMoss) reading ""i know what this means in Miami lol"" quote-tweeting a Complex Sports post: ""'We're not talking about this.' Jordon Hudson interrupts Bill Belichick's CBS Sunday interview when he's asked how they met."" The image shows Bill Belichick in a Navy sweatshirt during a CBS Sunday Morning interview, looking serious.","A Sunday morning interview detoured around exactly one origin story."
"1jm74by","Visual pareidolia revealing Snoopy hidden in completely unrelated landscapes.","A ""spot the silhouette"" challenge solved by a beagle nobody asked for.","When it’s nice and warm, your scrotum is loose. When it’s cold, your scrotum tightens up.","A meme captioned ""Only boys will understand"" with two paired images. The top pair shows a sunny country road through wheat fields, with a black outline highlighting cloud and field shapes that resemble Snoopy lying on his doghouse. The bottom pair shows a red pickup truck driving through heavy rain in a Mexican town, with a black outline highlighting puddle and reflection shapes that also resemble Snoopy."
"1cvso6z","Owner"" and ""Puppygirl"" are two individuals in a relationship where they roleplay as a dog and its owner. It's a kink, for the ""Owner"" to act as though they are essentially the dominant one in the relationship while the ""Puppy"" prefers to act as though they're owned by someone else and treated like a dog. The ""Owner"" pulling a resume out of the glove box implies that the ""Puppy"" is unemployed, and thus hasn't been contributing to the relationship outside of their kinky relationship. This would make sense, as actual dogs usually don't have to work for an income to pay for housing or food; they are just simply taken care of. They are taking the ""Puppy"" to apply for a job. I guess it's a play on how real-life dog owners take their dogs to the park on a normal day, but on this specific day, have brought them to be neutered. Except instead of a human with a dog about to get neutered, its two humans and one's about to be forced to apply for jobs. Edit: An alternative take, as a commenter pointed out to me, would be that the ""Owner"" is unemployed and the resume is their own. The joke would then be that the ""Puppy"" is upset at the notion of their ""Owner"" going to get a job because it means less time with their ""Owner"". Which means that I accidentally made a joke out of it. Oopsies.    Edit 2: Another alternative take is that the ""Puppygirl"" doesn't realize she's being broken up with because the ""Owner"" is telling her to get a job with the resume, hinting at the idea that she needs a job because the ""Owner"" is no longer going to be taking care of her.""","A Tumblr-style post written as roleplay dialogue. ""puppygirl"" excitedly asks if they're almost at the park; the owner says yes. The puppygirl then asks why they didn't take the normal route, repeating the question with growing dread. The owner silently pulls a résumé out of the glovebox. The puppy then frantically scratches at the window screaming ""nononoONONONONO WOOFWOOFWOOFBARKBARKWOOFBARK.""","When ""we're going to the park"" reveals itself as a job interview hostage situation.","A trip to ""the park"" mutating into a corporate intervention mid-drive."
"1efztwz","Bill is nickname for William Bills to pay sounds like Bill's toupee, which is a hair piece for balding men.","A toupee subletting itself onto a wife's head as the husband makes a quiet exit.","A single-panel cartoon by Scott Hilburn. A woman with a thick mass of curly hair stands by a hung-up phone calling out, ""William! Your brother just called and said he has bills to pay. Are you giving him money again? Hey, where's your hairpiece?"" Her husband William, now bald, is sneaking out the front door with a briefcase.","Domestic comedy where the hairpiece is the only one staying put."
"1lfy05f","Headphones sitting directly on the ear like a punishment, not a feature.","It's about situational awareness. Listen with one ear to your music, or game and with the other to your surroundings. The meme implies a childhood where you have to be aware of your parents, but it's a habbit that translates to every situation were unpleasant things could happen. I'm 42 and still listen with only one headphone. Especially when I'm with my back to a door.","A meme captioned ""do you understand this or did you have good childhood"" with a close-up photo of a person wearing a Sony over-ear headphone, but the headphone is positioned on top of the visible ear rather than around it, pinching the cartilage.","A trauma response disguised as an audio setup."
"15oof8t","A bouncer reduced to tears by an unconventional plus-one situation.","Door policy bent for the most heartfelt parasitic relationship at the club.","The joke is that young girls keep asking their bfs stupid shit like would you still love me if I were a worm?"" A bunch of weird things can be slotted in there, but worm seems to be the most popular one.  The bouncer is crying because of the intense love he knows the man must feel for his ""girlfriend"" since they're still together despite her being now a worm.""","A three-panel comic by @beetlemoses. The first panel shows a bald, bearded bouncer stopping a man saying ""Whoa, pal. No entry without a girl."" The second panel reveals the man's huge muscular chest with a tapeworm peeking out as he says ""But sir—I'm with my girlfriend."" The third panel shows the bouncer tearfully waving the velvet rope aside while the man walks past, giving a thumbs-up."
"1e8xy5s","Class clown pivoting into a blue-collar career on the predawn shift.","A TikTok screenshot captioned ""When you drive to work at 4AM because you wanted to be funny in high school"" showing a man in a pink shirt with an orange seatbelt across his chest, looking blankly into the camera while driving in the dark.","Pre-sunrise commute powered entirely by past lunchroom popularity points.","Wanted to be funny in high school --> clowned around --> bad grades --> mediocre job --> drive to work at 4am"
"1918ki4","There's layers here; First, the if it's brown, it's down"" line on the gun-plunger; At least in the US, if you're a hunter, you get an amount of tags you use to mark kills. Usually, you pay for those with that season/year's license, and they don't carry over into the next year/season. So, in regards to hunting, the phrase is used towards the end of the season, when you stop caring about getting a trophy worthy kill, and just start trying to ""fill your tags."" Another interpretation is just basic ""toilet humor."" Guns and plungers are both used to ""put things down."" So the saying attached to the gun-plunger is potentially just about ""putting down a turd (brown) with extreme prejudice."" Speaking of prejudice. We come to the third interpretation, and the most relevant, because it's the one that the poster is playing on. ""If it's brown (a person of color), it's down."" This is playing off the stereotype that a lot of gun store owners are racist. Then we have the response shown. *Get Out* was a movie that was basically ""racism incarnate."" (Avoiding spoilers) So saying *Get Out 2* is also playing off that third interpretation, that our opening poster is in a dangerous situation with racists. It's ""funny"" because while the chances of you actually running into a gun store owned by racists when having a bathroom emergency are low, they're never zero.""","One ill-timed restroom visit reframed as a horror sequel pitch.","A bathroom emergency that doubles as a Jordan Peele cold open.","A screenshot of a tweet from Jolly Hood King (@llcapitano94) reading: ""So yup here my black butt is. Takin a dump in a redneck gun shop. With severe diarrhea. And next to me is a shotgun shaped plunger with the phrase 'if its brown its down!' on it. I bet you're wondering how i got here."" The attached photos show a shotgun-shaped plunger leaning against boxes in a bathroom, and a selfie of the user looking concerned. Below, ""note-a-bear"" comments: ""Get Out 2 looks great."""
"1ap3qmt","A wish granted on a technicality involving a famous fictional St. Bernard.","A screenshot of a tweet from dan mentos (@DanMentos) reading: ""me: any historical figure? / wizard: that's right / [later at dinner] / Beethoven: you seem disappointed / me: hiding dog treats it's fine""","The Wizard presumably granted him the wish of meeting or having dinner with any historical figure. He chose Beethoven the dog but got Ludwig van Beethoven the composer instead.","Expected a composer, received a slobbery movie dog, has to pretend it's totally okay."
"1d670z1","The classy, complex instrument father is handing his classy, complex instrument daughter to marry a basic street whistle who just happens to be shiny but will never produce music at the level of the bride and family.","Marital instrument betrayal scored in a higher pitch register.","A three-panel comic by Perry Bible Fellowship. The top panel shows a wedding between two anthropomorphized bassoons in a chapel full of other instrument-headed guests. The middle panel shows the bride's bouquet being held while a third hand reaches in to take hers. The bottom panel shows the bassoon groom slumped over in grief as the bride walks away, now paired with a slide-whistle-headed figure wearing a pearl necklace.","The wedding ends and somehow the slide whistle wins."
"1aexlbt","The cat is innocent; the bash fork bomb hiding in its collar is not.","A house pet whose name is also a textbook denial-of-service attack.","It’s a fork bomb: Here’s a breakdown of what the command does: 1.	() This defines a function named : (colon). 2.	{} This indicates the start and end of the function’s body. 3.	: (colon) inside the function: This is a no-op (no operation) placeholder. It doesn’t do anything but is necessary syntax for defining a function in Bash. 4.	| This pipes the output of the function (which is nothing) to another instance of the function. 5.	& This sends the command preceding it (another instance of the function) to run in the background. 6.	;  This terminates the definition of the function. 7.	: (colon) after the semicolon: This executes the function once. So, when you run this command, it defines a function that spawns a new instance of itself in an infinite loop, quickly exhausting system resources and causing the system to become unresponsive. The final : after the semicolon executes the function once to start the process.","A meme with the caption ""This cat's name is :(){ :|:& };: you should type his name on your linux's terminal"" above a close-up photo of a black cat with bright yellow-green eyes staring straight at the camera."
"1m5qq8q","Walking into a contest and realizing the other contestant is Gregory House himself.","A TikTok screenshot of a young person in glasses and a polo shirt looking nervously at the camera in what appears to be an office, with the caption ""When I show up for the medical malpractice competition and my opponent has a cane, is popping Vicodin, and name is a noun.""","Match canceled — the opposing diagnostician brought a cane, a pill bottle, and a household-object surname.","It’s dr. House from the med tv show"
"1moj7hc","Six-pound waterfowl version of a woman historically separated from her flotation device.","A bath toy commemorating the queen who very specifically needed to keep her head above water.","A screenshot of a tweet from No Context Brits (@NoContextBrits) circled in red reading ""Bit late for advice now,"" above a product listing for an ""Anne Boleyn Duck"" — a rubber duck dressed as Anne Boleyn in a green Tudor gown and black gable hood — priced at £6.00.","Anne Boleyn was beheaded.  Telling her to duck is centuries too late."
"174k7i0","The joke here is that Luigi is having an existential crisis because he found himself painted on a rock. In Mario games there are secrets like this that don't make any sense unless you are the player. For us it's quite normal but it must be quite distressing for Mario and Luigi to discover they are in a simulation.","Luigi unearthing his own predecessor's cave painting while Mario quietly panics.AskOpus 4.7","A franchise sidekick stumbles onto evidence of a previous tenant.","A four-panel comic by Completely Serious Comics titled ""Super Mario 3D World."" Mario asks Luigi why he's wandered off. Luigi says he's ""looking for secrets"" and discovers a pixelated 8-bit sprite of himself painted on a rock. He turns to Mario and asks ""Why am I painted on this rock Mario?"" The final panel shows Mario sweating profusely without answering."
"1lqpazn","The smile evaporates the moment the carbon dating rewrites the textbook.","At some point, remains become fossils. But I think it throws the generally accepted theory that humans first crossed into the Americas \~15,000 years ago.","A two-panel meme using stills of Lee Jung-jae as Seong Gi-hun from Squid Game. The top panel shows him grinning widely against a pink background with the caption ""Archeologists finding human remains in South America from 1200BC."" The bottom panel shows him staring blankly with the caption ""Archeologists finding human fossils in South America which are 21000 Year old.""","Archaeologists losing their entire timeline by a factor of seventeen."
"1ms7hs4","Literal: A screenshot of a post from r/whatisitcirclejerk by u/Theoretical-Bread reading ""I found this stashed in the AC unit of my son's room while he was out doing forensic work. What is this?"" with a photo of a wooden box holding a row of microscope slides containing red blood smears, resembling Dexter Morgan's blood slide trophy case from the TV show Dexter.","In the show Dexter, the protagonist Dexter Morgan is a forensic blood spatter expert for the police. He also moonlights as a serial killer, focusing primarily on people who deserve"" to die. He keeps trophies from each of his kills in the form of a drop of his victim's blood between two glass slides, and stores it in a box like that. During one of the seasons, he hid it inside an air conditioning unit.""","A parent describing the most iconic murder-show prop as if it's a stray hobby kit.","Pop-culture's most infamous serial killer hint, filed under ""kids these days."""
"1j7mzha","Critics meeting the procurement chapter that completely justifies their take.","I hope this is a reference to the story I picked up while I was in gunsmithing school where they had pitched it as being the first gun that wasn't going to need any kind of maintenance and then didn't train or purchase any kits until they found that they were having a significant number of dead Marines being found next to disassembled m16s that were having significant issues and in fact did need maintenance and routine care.  And if that's not what this is all about when somebody does figure this out please tag me so I get the inbox item I do love these little niche knowledge items.","When the historical receipts arrive and the rant turns into a thesis.","A meme captioned ""'The M16 was trash' mfs when they read about what the government did during the development of it:"" with a still of Chef Skinner from the Pixar film Ratatouille glaring intensely from behind a counter, only his eyes and chef hat visible."
"1i6ymv5","He’s happy she wants to be like him when she grows up even though she looks more like mom","Hybrid dinosaur dad melts the moment quill maintenance becomes a bonding ritual.","A genetically engineered killing machine emotionally undone by hairstyle compliments.","A four-panel comic by ipertys showing the Indoraptor dinosaur grooming a small green hatchling. The hatchling says ""Dad, you're messing up my quills!"" The Indoraptor replies ""I'm—what?"" The hatchling clarifies ""My quills! At the back of my head?"" then proudly adds, ""When I grow up they're gonna look like yours, dad!"" The final panel shows the Indoraptor's eyes softening as he gives a warm, toothy smile while the hatchling nestles against him."
"1h9qk3m","A flight home from Istanbul that quietly explains the entire passenger manifest.","They're flying to Turkiye to get hair plugs; for some reason that country is the world capital for hair transplants.","A four-panel comic by Mesut Kaya. The first panel shows a plane full of bald-headed passengers, with one asking ""Did you notice how many bald people are on this flight?"" The second panel shows a bald passenger replying confidently ""Well, bald is beautiful!"" The third panel shows a couple with a baby visiting Turkey, marked by a Turkish flag. The final panel returns to the plane on the trip home, now revealing all the formerly bald passengers wearing fresh hair transplant headbands across their scalps.","""Bald is beautiful"" holding firm right up until the boarding pass to Turkey scans."
"1jcvxw6","Tattoo recon should always happen before the appetizers commit you.","A screenshot of a tweet from Edelweiss (@Edelweissreturn) reading ""only saw the butterfly tattoo after food arrived. too late to leave now. rookie mistake"" with a candlelit restaurant photo of a young woman in a black tank top across the table, a small butterfly tattoo visible on her chest, with two plates of food in front of them.","taking a picture of someone on a date to post on your twitter account that you’re paying for is the real red flag here","Date-night pre-flight checklist failed; abort window has closed with the entrée."
"18d37io","An emoji intent crushed by literal interpretation, served with a side of dinner.","The husband interpreted <3 as less than 3"" instead of a heart emoticon""","A screenshot of a tweet from Claire (@AzureDoo) reading: ""Husband and I reminiscing about the time I texted him on my way home: 'Can you start cooking those sausages?' Then added < 3 as a cute little heart. He cooked 2 sausages.""","A heart symbol parsed as a sausage quantity directive."
"1iuuulu","Real-world combat briefing that turns out to be standard FPS muscle memory.","Old arcade games with plastic gun controllers made you shoot offscreen to reload","An xkcd-style stick-figure comic showing four soldiers in helmets crouched behind a low wall on a battlefield, with a commander telling them: ""Okay, men, we're going in. Stay low, keep behind cover, and if you run out of ammunition, shoot outside the battlefield to reload.""","Tactical guidance issued straight out of a 2007 console shooter manual."
"1jvfqgq","A meme captioned ""Nobody: / US fighters:"" with a photoshopped image showing an air-to-air missile being launched at a Titleist golf ball and another missile being fired at a bumblebee.","Modern fighters have the radar cross-section of small objects like golf balls or bumblebees. The F117 had a stupidly small radar signature.","Million-dollar ordnance assigned to backyard-tier threats.","Pentagon procurement budget visualized through wildly mismatched targets."
"164v3oo","Optical illusion gag delivered via blurred sweater geometry.","A meme captioned ""Hold your phone as far from you as you can and squint your eyes"" with two flushed-face emojis, above a black-and-white photo of two young girls in matching sweaters sitting together in a grassy field, smiling at each other.","If you squint it looks like the painting girl with a pearl earring"" The shirt of the girl on the left is the face.""","When pareidolia and a low-resolution sweater conspire to trick the viewer."
"1n68buk","A meme captioned ""the steam servers on september 4th after a 3 person team in adelaide decide to release an indie game about bugs"" showing a man on a couch covered in dirt and debris flailing in panic as flames and explosions erupt around him.","Silksong.","Steam infrastructure crumbling under the weight of one long-awaited Australian indie sequel.","Hollow Knight: Silksong launch day reduced to a domestic disaster reenactment."
"1lq3p3j","A lobster werewolf's perfect personals ad sabotaged by a single piece of jewelry.","Cryptid romance derailed by religious incompatibility, ending at the bar.","A four-panel comic by Perry Bible Fellowship. The first panel shows a personals ad reading ""SMART, SEXY FEMALE LOOKING FOR STRONG LOBSTER-HEADED LYCANTHROPE FOR LOVE & MONSTER TRUCK RALLIES."" The second panel shows a lobster-headed werewolf reading the classifieds. The third panel shows him on a date with a woman. The fourth panel zooms in on her chest, revealing a Christian cross necklace. The final panel shows the lobster-headed lycanthrope drowning his sorrows alone at a pool hall bar.","The lobster is wearing a kippah (the black hat), signifying he is Jewish. The joke being that despite having absurd luck in finding someone beautiful who is looking for a lobster-headed man, a difference in religion is what makes it not work out."
"1ip0ht2","Atmospheric light pillars mistaken for a Yu-Gi-Oh trap card finally activating in real life.","Looks like the Third Impact from Evangelion to me. One of the portrayals of the Third Impact is a lot of light crosses sticking out of the ground. Also, consider that the tweet is by a Japanese user.","A screenshot of a tweet from @ZeroSuitCamus reading ""OH SHIT OH FUCK ITS HAPPENING"" quote-tweeting a Japanese post by うけ (@VhxM9IVTAy3cQRp) reading ""すっごい光の護封剣"" with a photo of vivid, colorful light pillars rising vertically into the night sky over a snowy town.","Swords of Revealing Light deployed worldwide — duelist confirms via Twitter."
"1khvtur","Storage cleanup as a televised execution lineup.","I'm assuming he's killing games to make room for a new one.","A meme using a still from The Walking Dead's ""Negan's lineup"" scene, where Negan points his barbed-wire bat at a row of kneeling characters. Each kneeling character is labeled with a file size — 89GB, 58GB, 45GB — while Abraham, standing in the foreground, is labeled 92GB.","Picking which massive download survives the next disk wipe."
"18ae5ry","Ok buckle in for this one. The name of the owner of the store is Sneed. The suffix -eed is used for all three words.  So, if you replace Sneed with Chuck and follow the same formula of using the suffix of the owner’s name along with two words that follow and begin with F and S… You end up with Chuck’s Fuck and Suck  At least that’s what I remember the theory about this one being…","A still from The Simpsons showing a rustic wooden farm supply store with a sign reading ""Sneed's Feed & Seed (Formerly Chuck's)."" Two overall-clad farmers sit on the porch, a red pickup truck is parked alongside, and a pitchfork and wagon wheel lean against the building.","A storefront pun engineered to be filthy only if you say the previous owner's name out loud.","Rural signage doing the heavy lifting for the writers' room."
"1isa49u","A genuine question undone by the cruelest possible pun in the replies.","A screenshot of an X thread. Patrick Blumenthal (@PatrickJBlum) asks, ""why have I never seen a Native American restaurant?"" ganso (@gansotonto73) replies ""It's hard to get a reservation these days."" Patrick responds, ""Oh my fucking god"" with a skull emoji.","The original poster discovering exactly why he should not have asked.","Reservation is both the word used when you book a table at a restaurant and also for the area Native American tribes were given to live in."
"1jvn2sr","Phlebotomy team spotting the universe's most convenient IV target.","A meme captioned ""Nurses seeing a white skinny guy"" with a close-up of an anime character (Tohru from Miss Kobayashi's Dragon Maid) showing a manic, fang-toothed grin and red-and-yellow dragon eyes.","Veins being clear and visable to draw blood from.","ER triage suddenly developing predator-prey energy at the sight of a small vein."
"1eilsjt","This is a scenario often referred to as the dog caught the car"".   The construction worker catcalled a random woman as a sign that he found her attractive. The woman was unexpectedly wooed by this and went home with him, where he didn't know what to do now that he had her.    To a dog, barking and chasing cars they know they can't catch is instinctual.""","A three-panel cartoon. The first panel shows a chubby construction worker in a hard hat whistling at a blonde woman walking past in an orange dress. The second panel shows him reacting in confusion as she stops and turns toward him. The third panel shows them sitting together on a couch in a living room, the woman talking animatedly while he stares blankly ahead.","A whistle that committed him to forty years of small talk on the couch.","Catcall escalation skipping every conventional stage and landing directly in cohabitation."
"1fjfblb","A meme captioned ""If you know who this is, you have insomnia. I don't make the rules"" with a still from the Disney animated series Dave the Barbarian showing the muscular barbarian Dave grinning toothily next to his sentient sword Lula, with a smoking castle in the background.","A cartoon only watched between 2 and 4 a.m., never during sane daylight hours.","I haven't seen anything related to Dave the Barbarian in so long. It's a really old disney show.I don't know what the insomnia part is about though","Recognizing this show is basically a clinical sleep-disorder diagnosis."
"16k7baz","I think they meant after 27 years together, you're for life and when your partner says you're done you just laugh it off like ok I'll see you after work""""","Tabloid news as a personal vow: nearly three decades in and the door isn't going anywhere.","A screenshot of a news headline reading ""Hugh Jackman and Deborra-Lee Jackman are separating after 27 years of marriage"" with a photo of the couple smiling against a city skyline. Below, PUGGS (@PUGGS_) replies: ""After 27 years…… Imma laugh and tell you what time I'll be home when I get off.""","A celebrity split met with the cold confidence of long-term commitment math."
"15gdv3c","Pre-9 AM pharmacy receipt that delivers a paternity verdict before breakfast.","Morning after pill","The exact timestamp where a deployment check-in becomes a Maury episode.","A meme captioned ""When you're on deployment and your wife spends $50 at CVS at 8:21am"" with a close-up photo of a soldier in a helmet with a single tear running down his cheek."
"1ajx3sn","A screenshot of an r/Funnymemes post captioned ""Too easy"" with a meme reading ""Friend: You can't possibly guess a wheel of fortune puzzle with no letters / Me:"" above a Wheel of Fortune board showing only blank tiles with no letters revealed, under the category ""80's SONG LYRICS.""","It's a rickroll. Never gonna give you up, never gonna let you down","A category so specific the answer reveals itself before any letter does.","Toto's ""Africa"" auto-filling into every empty grid by default."
"1cynp2h","This is a reference to Detroit: Become Human, a game in which you play as three androids, Markus, Kara, and Connor, in a future where androids are commonplace in society. Markus is a caretaker for Carl, the elderly man in the top of the photo, and is regularly asked to play the piano for Carl. Kara is a sort of maid for Todd. She is treated extremely poorly and becomes a sort of mother figure for Todd's daughter, Alice. Connor works for the police force in the main story, aiming to investigate the recent events surrounding deviant"" androids; androids that have rebelled against their programming/intended purpose. During the game, you have an intricate amount of decisions to make that alter the outcome of each chapter, and the ending drastically. Carl is friendly towards Markus, and the two have a strong relationship, so Markus usually has calmer decisions in the story (at least early game.) Todd forces Kara to do essentially everything around his house, so the two aren't particularly on equal terms throughout the story. Connor's partner, Hank, grows closer to Connor during the story, and as a member of the police force, Connor's actions during the plot usually have more dire consequences, which explains the final panel.""","An entire android uprising triggered by being treated as Alexa with a tragic backstory.","A multi-panel comic by Vinnie Cha featuring characters from Detroit: Become Human. In the first panels, Carl asks Markus to find something to do while he eats; an old man then commands ""Markus, play Despacito."" Next, a child asks the android Kara, ""Kara, play Despacito."" Then Hank tells Connor, ""This is so sad, Connor play Despacito."" The final panel shows an android's interior interface flooded with ""PLAY DESPACITO"" override commands.","The deviance event the developers never accounted for: cumulative Despacito requests."
"19bj5k2","Explaining 15 is 3 more than 12. It’s implying that the generations are getting dumber and dumber.","Marketing math broken down into pre-kindergarten subtraction.","A meme captioned ""We're not gonna make it, are we?"" with a photo of a Coca-Cola 15-pack box prominently labeled ""3 MORE CANS THAN 12 PACK"" with a green arrow pointing to the claim.","Packaging copy written for an audience the manufacturer has clearly given up on."
"1l79lv3","Wish granted, federally classified as a new species seconds later.","A two-panel comic by @ShepGoesBlep dated 2025. The top panel shows an anthropomorphic fox character in a bedroom with a ""Proud Furry"" poster and an empty fursuit on a hanger, joyfully exclaiming ""I finally woke up as my fursona! This is the best day of my life!"" The bottom panel shows the same fox being chloroformed and carried away by armed FBI agents into a van outside.","A long-awaited transformation interrupted within minutes by federal intervention.","Lots of furries want to wake up as an actual one, but if they did they'd probably be kidnapped and taken for testing very quickly."
"16db363","A screenshot of a tweet from ""pretty and rude"" (@themeredith) reading ""My son just texted me this, I am going to be sick"" above a text message exchange where the son texts ""What time and place was I born"" and the mother replies ""Stay away from that girl.""","Mother instantly diagnosing astrology girlfriend from a single follow-up question.","He's trying to get is astrological chart made, and he needs the time and place of his birth to do so. The girl is implied to be really into astrology, which is a red flag somehow to this mother","A natal-chart request flagged as a relationship red alert by mom."
"16l57ay","A four-panel comic by Gudim. The first panel shows a man loading long thin wooden poles into the trunk of a hatchback while a police officer watches from his patrol car. The second panel shows the bundle of poles bending and splitting in half as it's forced into the trunk. The final panel shows the police car's lights flipping from white to the green-white-red of an Italian flag.","Italians don’t like when you break the spaghetti like that. Cop’s lights are Italian flag. He’s a mad!","An Italian policeman's emotional patriotism activates the second pasta enters distress.","Cracking spaghetti — the one universally criminal act on Italian soil."
"1df3nh8","A historical answer dangling just out of reach of the question being asked.","A screenshot of a tweet captioned ""You… you know"" sharing a TikTok video by a blonde woman with the title ""Things I prefer in the US as a German"" with the on-screen caption ""I don't know why we don't have bagels in Germany.""","Twentieth-century European migration patterns gestured at via breakfast bread.","Well, think about who traditionally makes/eats bagels. Then remember what Germany was doing in the 1930s-40s, and now you know."
"1haf45x","A lecture defeated by the audience's collective browser-clearing habits.","A two-panel comic by Twonks. The first panel shows a presenter at a podium addressing an audience, saying ""Welcome to 'History of the Internet'"" with a title slide on screen. The second panel shows him clicking to the next slide, which displays ""NO ENTRIES FOUND.""","Browser history was cleared.","Speaker realizing in real time that nobody saves their search history."
"1fzh8sa","A meme captioned ""The Microsoft employee who convinced Bethesda to make $2.50 horse armor DLC in 2006"" with a still from the film Oppenheimer of Cillian Murphy as J. Robert Oppenheimer staring solemnly into the distance in a fedora and suit.","The Trinity test of the gaming industry, conducted with $2.50 of cosmetic mail.","The incident the text is referring to is considered to be the business move that kicked off microtransactions"" as a common thing in video games. Many gamers consider the practice to be seriously degrading the quality of games for a variety of reasons.    The picture is of actor Cillian Murphy in the Oppenheimer biopic from 2023. One of Oppenheimer's most famous quotes is him saying ""I am become death, the destroyer of worlds"" when research on the atomic bomb was successful, research he greatly contributed to.  The joke is saying the person who kicked off microtransactions might have had the same reaction when they watched their decision birth microtransactions in video games.""","Now I am become microtransactions, the destroyer of full game releases."
"1ijv4xn","Beaver sees water Beaver hates the sound of running water Beaver says oh, absolutely not"" with the rage of a thousand suns burning in his soul Beaver goes to build dam to stop the running water""","A two-panel comic by @AbelBryanMedia titled ""A Beaver's Instinct."" The first panel shows a beaver looking at a flowing stream with a question mark above its head. The second panel zooms in on the beaver's face as it firmly declares, ""Oh, absolutely not.""","A beaver consulting its blueprint and deciding the river fails inspection.","Nature's busiest engineer rejecting a project before it has begun."
